{
"type": "FeatureCollection",
"name": "london_affordability",
"crs": { "type": "name", "properties": { "name": "urn:ogc:def:crs:OGC:1.3:CRS84" } },
"features": [
{ "type": "Feature", "properties": { "borough_name": "City of London", "median_house_price": 950000, "median_earnings": 78000, "affordability_ratio": 12.2, "affordability_category": "Stretched", "is_se_london": false, "vs_london_avg": -8.4 }, "geometry": { "type": "MultiPolygon", "coordinates": [ [ [ [ -0.104150925679572, 51.508544018330099 ], [ -0.104684269537331, 51.508405268160203 ], [ -0.104675765428944, 51.508614608397899 ], [ -0.104150925679572, 51.508544018330099 ] ] ], [ [ [ -0.0967586335164, 51.523314039669899 ], [ -0.096415369872962, 51.522831671921601 ], [ -0.095090210520414, 51.523109078654798 ], [ -0.094318568083321, 51.521484893874003 ], [ -0.092498378174381, 51.521472903818797 ], [ -0.092360246779547, 51.521035612151202 ], [ -0.089673327954981, 51.5207189769826 ], [ -0.089983067442775, 51.519973325271401 ], [ -0.086199731342019, 51.518812109550097 ], [ -0.085232645096576, 51.520348397184499 ], [ -0.083123309892571, 51.519851613761702 ], [ -0.081773135901755, 51.520745402202103 ], [ -0.081040817353568, 51.521973058133497 ], [ -0.078529105704302, 51.521511918880101 ], [ -0.07941295295195, 51.518885330985498 ], [ -0.078099054011485, 51.518978622576597 ], [ -0.078173494433389, 51.518471204986902 ], [ -0.076872042152347, 51.5166250772225 ], [ -0.074003284602797, 51.514478466161002 ], [ -0.073052076952636, 51.511808326192998 ], [ -0.072812674479547, 51.510237052559503 ], [ -0.074544629308776, 51.509954199188101 ], [ -0.075517402091197, 51.509736391738699 ], [ -0.076212251560164, 51.510560386929598 ], [ -0.077855677524786, 51.510085432517201 ], [ -0.078814775941371, 51.509460732842101 ], [ -0.079071694945698, 51.5090640962812 ], [ -0.078704849747439, 51.5088349379199 ], [ -0.079465009142246, 51.507825595932502 ], [ -0.080312823835151, 51.508075177061897 ], [ -0.08031692464463, 51.508075600352001 ], [ -0.085464400876114, 51.508606351434899 ], [ -0.087089442933025, 51.508985987302097 ], [ -0.088515590064594, 51.5089726240315 ], [ -0.088642809911754, 51.508971431347298 ], [ -0.091866007424028, 51.509407655870497 ], [ -0.091920314109435, 51.5094150052456 ], [ -0.095230808934929, 51.510179997315298 ], [ -0.095175144156263, 51.510616689102697 ], [ -0.09613661363691, 51.510265847092597 ], [ -0.099806576261337, 51.510816975361202 ], [ -0.099873440201534, 51.510827015598601 ], [ -0.108459061987331, 51.510872632814703 ], [ -0.108466161985496, 51.510872542266803 ], [ -0.111502690035089, 51.510833709058097 ], [ -0.111555901893517, 51.511799998942301 ], [ -0.112508903162863, 51.512727517206798 ], [ -0.111704400673957, 51.513190131849598 ], [ -0.111935793019154, 51.513688104118899 ], [ -0.111057012329661, 51.513829223614501 ], [ -0.111567824442113, 51.515335030001701 ], [ -0.113803703413632, 51.518257936628103 ], [ -0.10781920575416, 51.517766038508 ], [ -0.105290341558648, 51.518554858750797 ], [ -0.101749478414867, 51.519682908409003 ], [ -0.100252195422361, 51.520129046972102 ], [ -0.097662850949076, 51.520712510321196 ], [ -0.097572526868832, 51.521174756575199 ], [ -0.097385010500735, 51.521592092993401 ], [ -0.097945359231051, 51.522874425993798 ], [ -0.0967586335164, 51.523314039669899 ] ] ] ] } },
{ "type": "Feature", "properties": { "borough_name": "Barking and Dagenham", "median_house_price": 340000, "median_earnings": 33000, "affordability_ratio": 10.3, "affordability_category": "Moderate", "is_se_london": false, "vs_london_avg": -22.6 }, "geometry": { "type": "MultiPolygon", "coordinates": [ [ [ [ 0.071025179348719, 51.537143039803702 ], [ 0.072940528422, 51.534512729816797 ], [ 0.072902077702987, 51.533749193777098 ], [ 0.072889083503736, 51.5334911559478 ], [ 0.075341686830692, 51.531203730665602 ], [ 0.075653172212307, 51.529822114280996 ], [ 0.075427244442252, 51.529874554493198 ], [ 0.074594583393058, 51.529688632088998 ], [ 0.074544133940193, 51.5296963299147 ], [ 0.074464063087403, 51.529688255570498 ], [ 0.074286803909762, 51.529634712335003 ], [ 0.073325685439954, 51.5294056544261 ], [ 0.07274547622173, 51.529274737793202 ], [ 0.072576977672917, 51.530751239493704 ], [ 0.071756237764852, 51.532897447405702 ], [ 0.069525361087501, 51.536262198948101 ], [ 0.068771362683377, 51.536206993153598 ], [ 0.067955091990852, 51.5361961219796 ], [ 0.068272939675622, 51.536989760341498 ], [ 0.068906113511104, 51.5371930279682 ], [ 0.06708434955537, 51.539466060333702 ], [ 0.066684410303725, 51.540648243955403 ], [ 0.066892728562933, 51.541865658729101 ], [ 0.068303699085866, 51.544253422664099 ], [ 0.068361694633867, 51.544390390102798 ], [ 0.069343822787697, 51.544154409544397 ], [ 0.069339863477126, 51.544044794387297 ], [ 0.068589865086419, 51.542091310472699 ], [ 0.06900884075124, 51.541404966958901 ], [ 0.068450804840348, 51.540744842361498 ], [ 0.069398963049228, 51.5402798324711 ], [ 0.069058164417264, 51.538838451397403 ], [ 0.070494532443228, 51.538458796925397 ], [ 0.071003160317486, 51.537197637990097 ], [ 0.071025179348719, 51.537143039803702 ] ] ], [ [ [ 0.148153093952352, 51.5967765492749 ], [ 0.148066115493633, 51.596356414071501 ], [ 0.149879933900273, 51.597011676539402 ], [ 0.151137669958092, 51.595451286325599 ], [ 0.150619253152612, 51.5913744340506 ], [ 0.151276598075538, 51.589883675578903 ], [ 0.150973634032508, 51.5838286639678 ], [ 0.14856379433479, 51.5807750120061 ], [ 0.147452002377933, 51.580812558395102 ], [ 0.147012279510983, 51.575707623025203 ], [ 0.148039018161371, 51.575792138114998 ], [ 0.147944569813229, 51.573124258453099 ], [ 0.148988109531544, 51.573149130658798 ], [ 0.149736009898797, 51.569710282822101 ], [ 0.146674855399834, 51.569431006222302 ], [ 0.146703647684621, 51.568796634228498 ], [ 0.148736447411088, 51.568637675120002 ], [ 0.150414733712369, 51.567841759270699 ], [ 0.151310465967264, 51.5680842977862 ], [ 0.154363765796302, 51.566113154411802 ], [ 0.161893735700278, 51.561616873806102 ], [ 0.16636792610052, 51.563271823478601 ], [ 0.168540865226235, 51.563598883976503 ], [ 0.173401352116817, 51.565093069157101 ], [ 0.176117781458231, 51.564721991435498 ], [ 0.178743970957364, 51.564940834258003 ], [ 0.183481321442701, 51.564632826353701 ], [ 0.185180463309676, 51.565513082632002 ], [ 0.185179273154283, 51.564751492252597 ], [ 0.183994548015001, 51.563851933757697 ], [ 0.182665768712343, 51.561242707774298 ], [ 0.184791816200115, 51.559875526219301 ], [ 0.184413098077479, 51.557653283940503 ], [ 0.185039737914464, 51.556791581496697 ], [ 0.184758725100155, 51.556408926141103 ], [ 0.185865487146026, 51.556343216094902 ], [ 0.186936385277378, 51.555783165675102 ], [ 0.187881083994856, 51.554094002118703 ], [ 0.190169028841709, 51.552720861751801 ], [ 0.189598191738071, 51.5514570732023 ], [ 0.187493161398344, 51.550198141455901 ], [ 0.18601364212704, 51.547535922248102 ], [ 0.1826044479021, 51.545834489870799 ], [ 0.180377631779663, 51.544096651080103 ], [ 0.179232426985772, 51.540290838689998 ], [ 0.178075658693201, 51.5395414196392 ], [ 0.17657089623205, 51.5392453454728 ], [ 0.175073248709193, 51.5385129425635 ], [ 0.173882834430427, 51.537388427933102 ], [ 0.17249553690431, 51.535777323592399 ], [ 0.170789863690154, 51.532634101989103 ], [ 0.168696354883914, 51.531190840483802 ], [ 0.165962965775036, 51.528793374829803 ], [ 0.16444905840584, 51.527014304003004 ], [ 0.162329976802079, 51.522336271280601 ], [ 0.162282351387461, 51.521371090461699 ], [ 0.15961339949936, 51.515771083254499 ], [ 0.158756508323291, 51.512265209309703 ], [ 0.158749517370411, 51.512263940345498 ], [ 0.158080106685406, 51.512005364992497 ], [ 0.151713405958068, 51.512748506260401 ], [ 0.146565250750366, 51.514099086397898 ], [ 0.146485130465016, 51.514418456447402 ], [ 0.145847080846138, 51.514323824099101 ], [ 0.145074962590463, 51.514624545619803 ], [ 0.145767557547341, 51.5144841853594 ], [ 0.145506534900899, 51.515140954187402 ], [ 0.144264373105692, 51.515499992948001 ], [ 0.143744882208809, 51.5150571299394 ], [ 0.143257066420894, 51.515362462372103 ], [ 0.143243098814399, 51.515370400192403 ], [ 0.139287102995301, 51.517618297468701 ], [ 0.136279477465461, 51.518556640675797 ], [ 0.133204285226863, 51.519084710213399 ], [ 0.132432819757291, 51.518831636273497 ], [ 0.126741719891295, 51.519571284587499 ], [ 0.122647714879558, 51.519087031148601 ], [ 0.118992496740762, 51.518147297217702 ], [ 0.11428763492506, 51.515983075954701 ], [ 0.114463881127291, 51.515742475850303 ], [ 0.108826011133137, 51.514166366472999 ], [ 0.106635394286029, 51.513951703339799 ], [ 0.101794181634119, 51.514581804179898 ], [ 0.10106115183637, 51.5144508765231 ], [ 0.099055197055444, 51.514948345187399 ], [ 0.09757208902359, 51.515858911943198 ], [ 0.097336897067976, 51.515738651860502 ], [ 0.097184641657351, 51.515660798229398 ], [ 0.097392768363547, 51.515807192788998 ], [ 0.097513808092779, 51.5158923295512 ], [ 0.097478723083804, 51.515912638486498 ], [ 0.095620450019159, 51.516988262231202 ], [ 0.095313901749046, 51.5189141831138 ], [ 0.095742550454244, 51.520106631704202 ], [ 0.092828861829551, 51.522627209583497 ], [ 0.093283194921671, 51.524688372699799 ], [ 0.092169961782995, 51.526726231983901 ], [ 0.090543538267339, 51.52609200285 ], [ 0.089800131012843, 51.526669548759699 ], [ 0.088859433695735, 51.526858514725603 ], [ 0.08578229929668, 51.525993744930801 ], [ 0.083345886158633, 51.527114828108601 ], [ 0.081089893324517, 51.527719206092698 ], [ 0.081002221559416, 51.527776227193797 ], [ 0.078089765452411, 51.529670373069301 ], [ 0.076401878072598, 51.529815994834401 ], [ 0.075479046127894, 51.531912992875299 ], [ 0.073962201272609, 51.5331974613037 ], [ 0.074351435504685, 51.533782757456798 ], [ 0.073499031269698, 51.534192913947798 ], [ 0.07336581379091, 51.534257013686599 ], [ 0.071305154928711, 51.537228161425801 ], [ 0.071282013817828, 51.537278809150102 ], [ 0.070451372732791, 51.539096698592097 ], [ 0.069676436244762, 51.538782583009898 ], [ 0.069467397011134, 51.538974669369303 ], [ 0.069925780483308, 51.540846078976003 ], [ 0.068928163146352, 51.542061964515803 ], [ 0.06933780766371, 51.542524613817697 ], [ 0.069244274229044, 51.543562681905698 ], [ 0.069713462113998, 51.5439615250949 ], [ 0.069711435332933, 51.5440660785749 ], [ 0.071809841347655, 51.543561841432499 ], [ 0.071957090273782, 51.543810876367701 ], [ 0.075548908011019, 51.544011219226 ], [ 0.076809971289619, 51.5445849142884 ], [ 0.077033061451772, 51.544379502885299 ], [ 0.077493984221171, 51.544573514488398 ], [ 0.077960041034707, 51.544052001668902 ], [ 0.080063896122735, 51.544772355844401 ], [ 0.081512527647245, 51.545169708333098 ], [ 0.081660029763233, 51.545584630955403 ], [ 0.085892009998172, 51.547344394081101 ], [ 0.088500174852258, 51.547741650280301 ], [ 0.091536762628964, 51.5483027906754 ], [ 0.091704325393476, 51.549109624298403 ], [ 0.092608263784322, 51.549649700486597 ], [ 0.092267712378569, 51.548637051373397 ], [ 0.093519764473527, 51.545857894368403 ], [ 0.099768592382731, 51.548426663199201 ], [ 0.104316248210586, 51.549841877324297 ], [ 0.106131546667101, 51.5509449133598 ], [ 0.107456041875476, 51.5520023136201 ], [ 0.108318691080143, 51.552156849568902 ], [ 0.108418923121705, 51.5526962585527 ], [ 0.111139441785709, 51.552484572314597 ], [ 0.111946500144236, 51.552668957102803 ], [ 0.112354343080321, 51.5535016446564 ], [ 0.114742939156256, 51.555318017368997 ], [ 0.112737337980796, 51.556525034047098 ], [ 0.11327287260786, 51.557266754953098 ], [ 0.117084962182422, 51.556911879132798 ], [ 0.117085043058467, 51.557417650858397 ], [ 0.118901016628217, 51.557370991021202 ], [ 0.120491599554835, 51.5585734675048 ], [ 0.117486903589319, 51.5591803095652 ], [ 0.119745551654053, 51.562507345070699 ], [ 0.118877678684053, 51.562732733721703 ], [ 0.119051087716779, 51.5630518219428 ], [ 0.12502855734482, 51.564340979324697 ], [ 0.127680076814031, 51.566161182473103 ], [ 0.129324285273829, 51.566525444705697 ], [ 0.129659209964429, 51.568111201912501 ], [ 0.130459106946623, 51.570281751539298 ], [ 0.130423208865367, 51.570670055979697 ], [ 0.130026134177711, 51.5707301505592 ], [ 0.129906952553102, 51.571538393601799 ], [ 0.131578541181193, 51.5718243720301 ], [ 0.130909699401323, 51.573342169267299 ], [ 0.13009987732425, 51.573064433248703 ], [ 0.129443523032527, 51.5739444429828 ], [ 0.129191022343564, 51.576312338804598 ], [ 0.131643362720049, 51.577085304974801 ], [ 0.130823841436869, 51.579365456233802 ], [ 0.133567347777831, 51.579953650951502 ], [ 0.132555277913465, 51.581306613898299 ], [ 0.127759038931832, 51.581636384029402 ], [ 0.128092527625584, 51.582833360666598 ], [ 0.127662365447979, 51.583878519244699 ], [ 0.127258715353732, 51.583925851541402 ], [ 0.126386612488677, 51.586725221056398 ], [ 0.13102192079694, 51.587524239795002 ], [ 0.129573872052847, 51.590045579478499 ], [ 0.137595192673804, 51.593894060483102 ], [ 0.14193543321104, 51.596559174862399 ], [ 0.146599887190742, 51.599435940869903 ], [ 0.14820590165784, 51.598968465163601 ], [ 0.147649118923652, 51.596794329844698 ], [ 0.148153093952352, 51.5967765492749 ] ] ] ] } },
{ "type": "Feature", "properties": { "borough_name": "Barnet", "median_house_price": 575000, "median_earnings": 42000, "affordability_ratio": 13.7, "affordability_category": "Stretched", "is_se_london": false, "vs_london_avg": 2.9 }, "geometry": { "type": "Polygon", "coordinates": [ [ [ -0.199005120863848, 51.668206555198701 ], [ -0.196614117048089, 51.668146485054002 ], [ -0.1961592905036, 51.668529747084797 ], [ -0.194852198944838, 51.668305501437601 ], [ -0.196664873412981, 51.665481871139797 ], [ -0.192530834671873, 51.664749284124298 ], [ -0.191066699360921, 51.663896705323801 ], [ -0.187790359008672, 51.6678792949985 ], [ -0.185804286829366, 51.668509558087699 ], [ -0.181960815257973, 51.668683195615401 ], [ -0.185418360023203, 51.663536305187201 ], [ -0.185865830553031, 51.6628363033917 ], [ -0.175562038131118, 51.6605995788209 ], [ -0.165094435804148, 51.658259997763402 ], [ -0.163545248331555, 51.658206976980601 ], [ -0.160438298208452, 51.656764000515103 ], [ -0.154731838818758, 51.655545145184902 ], [ -0.154617002987458, 51.654978969982999 ], [ -0.153597680161817, 51.654540022895901 ], [ -0.153394151370422, 51.653305497614802 ], [ -0.154194094765218, 51.652966105803102 ], [ -0.154003874045977, 51.652589923320697 ], [ -0.153528050372264, 51.652706133773499 ], [ -0.152559219537259, 51.651458290618798 ], [ -0.152255166652095, 51.649824622514799 ], [ -0.150945059827264, 51.650086532318198 ], [ -0.149867893303145, 51.6488102893654 ], [ -0.152227734646964, 51.647966539007101 ], [ -0.152305333335256, 51.647636661022801 ], [ -0.151073662911712, 51.647243742222301 ], [ -0.152121725260164, 51.645800676961301 ], [ -0.151553768084585, 51.645631576356003 ], [ -0.151633768800624, 51.645323612337798 ], [ -0.149177112640303, 51.645314608852502 ], [ -0.147828669765554, 51.642066514967397 ], [ -0.145018211811139, 51.642631934391098 ], [ -0.142287195835033, 51.639310442811599 ], [ -0.140218565378925, 51.637491197160998 ], [ -0.138390317321999, 51.636526446512498 ], [ -0.134519087894358, 51.634694346242597 ], [ -0.134419873045012, 51.633968768834997 ], [ -0.133973004242258, 51.634039573102399 ], [ -0.133268988148714, 51.6332675843205 ], [ -0.131151513163669, 51.6325555124102 ], [ -0.129093931888576, 51.632265448949703 ], [ -0.129777355277638, 51.630963031312596 ], [ -0.130164336884496, 51.631021107465799 ], [ -0.131140467535019, 51.629686252407303 ], [ -0.130433723336039, 51.629316059011302 ], [ -0.132382695136261, 51.627192927156599 ], [ -0.133367605018605, 51.6263829987356 ], [ -0.135038624367985, 51.6223521411966 ], [ -0.13550408904142, 51.622399826988399 ], [ -0.135414260825638, 51.621773182263503 ], [ -0.140510959970912, 51.617812497420203 ], [ -0.141280141848118, 51.617536308745102 ], [ -0.142033436761903, 51.616280313150298 ], [ -0.144495116086128, 51.615509012540002 ], [ -0.13870599645949, 51.610185787169598 ], [ -0.143425303305972, 51.608831061298801 ], [ -0.143146734454601, 51.6067182345436 ], [ -0.141972983318121, 51.603708787001999 ], [ -0.144171947680585, 51.601096115339502 ], [ -0.144470072322305, 51.600121784664402 ], [ -0.151330701481231, 51.597471099965503 ], [ -0.15294554604048, 51.599188142720202 ], [ -0.15340602278781, 51.6028464369709 ], [ -0.154673213688396, 51.604230582630201 ], [ -0.156082676176402, 51.605116076824302 ], [ -0.155863177309527, 51.6054654953953 ], [ -0.156340779674966, 51.6053689288469 ], [ -0.161761100843511, 51.597478859747 ], [ -0.159691068413208, 51.5922272410468 ], [ -0.158864204228314, 51.592318982632001 ], [ -0.158685868117782, 51.591998446809399 ], [ -0.159431936973187, 51.591573929448501 ], [ -0.159755919169429, 51.5897209438603 ], [ -0.160161454713532, 51.589697620515103 ], [ -0.160234507311411, 51.587989219376702 ], [ -0.158630009713532, 51.588001558906797 ], [ -0.158679520180216, 51.5866333502575 ], [ -0.157400641593501, 51.586558484224199 ], [ -0.157130981863992, 51.586191395252001 ], [ -0.157896820195769, 51.5862099214159 ], [ -0.157940622793892, 51.585735985534001 ], [ -0.159617383637859, 51.584462886447902 ], [ -0.161339671284794, 51.585284126665698 ], [ -0.163070347355115, 51.584369658771401 ], [ -0.164580203367314, 51.583958171637398 ], [ -0.165721240568509, 51.583223957674797 ], [ -0.166190268347306, 51.582044262196398 ], [ -0.167036148691484, 51.581755322266702 ], [ -0.166812967212486, 51.5786566223343 ], [ -0.168063030081805, 51.576928952609897 ], [ -0.16931434680921, 51.577416193590103 ], [ -0.169705073518353, 51.576369498236502 ], [ -0.169444153912888, 51.573965988207497 ], [ -0.171199017776056, 51.573573788671297 ], [ -0.17123183297214, 51.572418251471703 ], [ -0.173376244818278, 51.571087309761801 ], [ -0.17371380158551, 51.5699027892435 ], [ -0.174381521111108, 51.569256154506597 ], [ -0.178121993180716, 51.570512668508698 ], [ -0.178303613645725, 51.570016914932403 ], [ -0.180986768865558, 51.569672919689701 ], [ -0.180817586719776, 51.569404504567203 ], [ -0.182112167413734, 51.568726020875999 ], [ -0.183672475063841, 51.5679568470063 ], [ -0.183387915108403, 51.567767620046901 ], [ -0.183760636968241, 51.567468284927699 ], [ -0.18614246183503, 51.566923401369003 ], [ -0.187142764903119, 51.566155598977403 ], [ -0.189645232895486, 51.565216518523798 ], [ -0.190346428902951, 51.5628715401687 ], [ -0.19112299287364, 51.561656106098802 ], [ -0.192289418180666, 51.5615566878419 ], [ -0.194826941676313, 51.5604838797695 ], [ -0.196725787066427, 51.560697477918502 ], [ -0.196774850407015, 51.559154625597102 ], [ -0.197499322530845, 51.5588659138918 ], [ -0.197910579489715, 51.559129880706799 ], [ -0.198306945833702, 51.5588578871156 ], [ -0.199511261882767, 51.557075466327397 ], [ -0.199371628065116, 51.556190033074998 ], [ -0.205779562107332, 51.555318578663602 ], [ -0.205967497609692, 51.556430322673002 ], [ -0.208837483626681, 51.555725534843603 ], [ -0.210010591854248, 51.5567513775583 ], [ -0.213486677002519, 51.555190932925498 ], [ -0.218498233039517, 51.559336056120301 ], [ -0.220660399305213, 51.561664086918803 ], [ -0.225464942627918, 51.565867618318698 ], [ -0.228794004019311, 51.567970876441699 ], [ -0.232249098463514, 51.5709594372168 ], [ -0.233417227576263, 51.571982958421003 ], [ -0.234560992285474, 51.571773532339101 ], [ -0.235668614335251, 51.5723099774697 ], [ -0.235479758486623, 51.572547397111897 ], [ -0.235858759997574, 51.572297823379103 ], [ -0.23761156579389, 51.572466065303502 ], [ -0.238159982366927, 51.572071183164397 ], [ -0.237990483250151, 51.571777289288001 ], [ -0.238849228716783, 51.572237634603198 ], [ -0.240010090011367, 51.572094510805698 ], [ -0.240049870738549, 51.572382170391002 ], [ -0.241131123645669, 51.572129797465202 ], [ -0.241374431492776, 51.572719030724699 ], [ -0.242452565757022, 51.572815829058499 ], [ -0.242428363346831, 51.572500469914502 ], [ -0.243895903081476, 51.572306357572501 ], [ -0.244199171346343, 51.572584495847998 ], [ -0.245216880099671, 51.571916954874403 ], [ -0.245962667620594, 51.572216283924497 ], [ -0.246733635777421, 51.5715883446451 ], [ -0.245966343869141, 51.571008190822802 ], [ -0.2465495696977, 51.5700241373046 ], [ -0.246071573779433, 51.569807743498302 ], [ -0.246541017432054, 51.569034880841102 ], [ -0.247361599809296, 51.568957257932503 ], [ -0.247001614371345, 51.568618921612497 ], [ -0.248565277964657, 51.568511193621198 ], [ -0.249330575691951, 51.568870210147601 ], [ -0.252514167958524, 51.571518282932303 ], [ -0.253052793820057, 51.572395304675901 ], [ -0.251265214614301, 51.573153615307199 ], [ -0.252679244398851, 51.575143532435902 ], [ -0.254544563548069, 51.579771980872202 ], [ -0.254264459518889, 51.5816690137828 ], [ -0.25172870822786, 51.583375902912699 ], [ -0.248234179694855, 51.5843137322831 ], [ -0.249504913988761, 51.585566089918999 ], [ -0.252944572702507, 51.588900742763599 ], [ -0.257547662243722, 51.592175438896099 ], [ -0.259777012154832, 51.594193913302803 ], [ -0.262333745701053, 51.5963478459201 ], [ -0.267113115479641, 51.600371968584199 ], [ -0.278348902999475, 51.609785364264802 ], [ -0.281030197237065, 51.612272394831997 ], [ -0.287385119527708, 51.617015901666797 ], [ -0.292643324982894, 51.621742946646798 ], [ -0.304460793558934, 51.632033665108501 ], [ -0.305573663802058, 51.634120660323902 ], [ -0.304449971011893, 51.636348720165898 ], [ -0.303784689045184, 51.6364850558667 ], [ -0.302620968997866, 51.636207690619798 ], [ -0.296127205630224, 51.635446965363201 ], [ -0.294382597543803, 51.635650047203001 ], [ -0.291867558485993, 51.636478466288402 ], [ -0.287786832650225, 51.636512563258698 ], [ -0.285500176721203, 51.6369485325338 ], [ -0.28387424646369, 51.637795252617202 ], [ -0.281390928969936, 51.638346114696397 ], [ -0.278612807381389, 51.638323353633901 ], [ -0.276475033650898, 51.638868396276301 ], [ -0.273713530385737, 51.638673965543198 ], [ -0.274176434703741, 51.639307558793597 ], [ -0.27312203907596, 51.641193960168799 ], [ -0.272866445154397, 51.642099352971599 ], [ -0.270037138905131, 51.642087325820803 ], [ -0.268246627280267, 51.642386431482798 ], [ -0.268345972231187, 51.643833937247997 ], [ -0.266767227976553, 51.644110975784599 ], [ -0.265211082204105, 51.6440205479919 ], [ -0.264358899528236, 51.643627485819501 ], [ -0.263272164999239, 51.6448334996265 ], [ -0.261604602792804, 51.643992328572899 ], [ -0.2604490343255, 51.6425390473674 ], [ -0.257354301440047, 51.641839642218997 ], [ -0.256171858914578, 51.643491678556003 ], [ -0.255487528073978, 51.643245067306097 ], [ -0.254489449259822, 51.643679809185002 ], [ -0.251557001565979, 51.6479525884127 ], [ -0.249856145675694, 51.654614888035503 ], [ -0.250791240021856, 51.654809620391802 ], [ -0.251250273793045, 51.655539425791297 ], [ -0.250582589477333, 51.656057352274502 ], [ -0.249348030054731, 51.656057812718501 ], [ -0.247865582018048, 51.655247901930601 ], [ -0.243624611973949, 51.656688924127799 ], [ -0.241365239399911, 51.657204529842097 ], [ -0.240993549202101, 51.656835589145999 ], [ -0.239199189671191, 51.657399478331001 ], [ -0.237971197199423, 51.657789355645697 ], [ -0.238275671849752, 51.658249801759602 ], [ -0.236677988392643, 51.658775252239799 ], [ -0.234707346012114, 51.659001014554001 ], [ -0.234227502797294, 51.658252769932403 ], [ -0.228919311402986, 51.659975810306001 ], [ -0.228488873656063, 51.659965720375403 ], [ -0.2280579578421, 51.658591509938901 ], [ -0.226462691430813, 51.657161866692803 ], [ -0.226044059825656, 51.657625888409697 ], [ -0.219800914371436, 51.660660743121497 ], [ -0.219247443194306, 51.660799782553802 ], [ -0.218894639893316, 51.6600615826246 ], [ -0.213393268921577, 51.662378011155802 ], [ -0.212135030723747, 51.661353528369602 ], [ -0.207863695984533, 51.6628611807608 ], [ -0.211133866333014, 51.6669549343179 ], [ -0.209838804027539, 51.667562865861697 ], [ -0.207959490147344, 51.666594495152701 ], [ -0.205634457200867, 51.668601204124499 ], [ -0.202229936070325, 51.6678054034182 ], [ -0.202608428278622, 51.6693147430748 ], [ -0.203352928676407, 51.670126498975101 ], [ -0.199871677333062, 51.670170273702503 ], [ -0.199005120863848, 51.668206555198701 ] ] ] } },
{ "type": "Feature", "properties": { "borough_name": "Bexley", "median_house_price": 380000, "median_earnings": 35500, "affordability_ratio": 10.7, "affordability_category": "Moderate", "is_se_london": true, "vs_london_avg": -19.6 }, "geometry": { "type": "MultiPolygon", "coordinates": [ [ [ [ 0.199285347505183, 51.458423852104197 ], [ 0.199002217304782, 51.4581188964058 ], [ 0.198563202771134, 51.4582998012337 ], [ 0.199285347505183, 51.458423852104197 ] ] ], [ [ [ 0.201803030884304, 51.480026865260001 ], [ 0.202053018022505, 51.479016633489302 ], [ 0.201038183114076, 51.478833791449397 ], [ 0.200102010585482, 51.478415190622101 ], [ 0.198687291828232, 51.478332013441403 ], [ 0.2001293579888, 51.478907957190899 ], [ 0.200519936973716, 51.479750219499103 ], [ 0.20111593050303, 51.479520316007203 ], [ 0.200628211074068, 51.479809251482898 ], [ 0.201301089976841, 51.480164264349099 ], [ 0.201803030884304, 51.480026865260001 ] ] ], [ [ [ 0.132223291811855, 51.5122718250121 ], [ 0.137262637530488, 51.510007449513502 ], [ 0.137458566540524, 51.510206227206702 ], [ 0.146860333965117, 51.506670830616599 ], [ 0.147923719651649, 51.506821344103003 ], [ 0.14799544257594, 51.506446822095803 ], [ 0.148538190350211, 51.506450828127697 ], [ 0.149453089675089, 51.505865722091599 ], [ 0.149786613957745, 51.5058641113812 ], [ 0.149913934523662, 51.506395065438497 ], [ 0.151316313155611, 51.5063141656535 ], [ 0.151366651207864, 51.506316075078203 ], [ 0.152841070572804, 51.506371999255499 ], [ 0.153945575817153, 51.506050022940997 ], [ 0.160339028947168, 51.505477042323101 ], [ 0.164485707189892, 51.5045377715808 ], [ 0.1665770316036, 51.503454631539597 ], [ 0.170022250890149, 51.500059451240702 ], [ 0.17087165611174, 51.498834398492001 ], [ 0.171646211680811, 51.497717236477101 ], [ 0.171979875202169, 51.494732745932602 ], [ 0.17198024481089, 51.49472852665 ], [ 0.171983720444417, 51.4946887840701 ], [ 0.172496430962687, 51.488826076739699 ], [ 0.173525734437001, 51.4873608954139 ], [ 0.174134939402031, 51.486784377447599 ], [ 0.174537109515027, 51.486926656098397 ], [ 0.175290726889736, 51.486101487948801 ], [ 0.174894939365419, 51.485972133885397 ], [ 0.175177863895034, 51.485259568199297 ], [ 0.176065315078163, 51.485248494835801 ], [ 0.178087645332059, 51.483544498127799 ], [ 0.177631115225784, 51.483182917550899 ], [ 0.177871976205974, 51.483023763318798 ], [ 0.178343971539201, 51.483377411533198 ], [ 0.183319585920666, 51.481154586934302 ], [ 0.18660674280718, 51.480432299063601 ], [ 0.190311123730561, 51.479729436199797 ], [ 0.19045351180747, 51.479034754365003 ], [ 0.190847989675224, 51.479752228788698 ], [ 0.192723230679277, 51.479767978390299 ], [ 0.193016906895343, 51.479375329077598 ], [ 0.19380723216261, 51.479322769438397 ], [ 0.195511420908914, 51.479675322016199 ], [ 0.195956081999442, 51.4794579010617 ], [ 0.197280193517514, 51.4796484761412 ], [ 0.197510035947757, 51.479471497769303 ], [ 0.197078378659678, 51.479255657957097 ], [ 0.198566378327607, 51.479679219656298 ], [ 0.198940360928118, 51.479429838346903 ], [ 0.198276366506372, 51.479324478939702 ], [ 0.197857583794202, 51.478792738061799 ], [ 0.197800488575066, 51.478798110078998 ], [ 0.197441093597526, 51.478443066117201 ], [ 0.198920669717167, 51.479260235430402 ], [ 0.199293948668483, 51.480090594644302 ], [ 0.200582093141549, 51.480065615379502 ], [ 0.200115456379696, 51.478948238029602 ], [ 0.199166701059073, 51.4786151220543 ], [ 0.19936845371727, 51.4789195358711 ], [ 0.198585836285015, 51.478303788764897 ], [ 0.199646688169237, 51.478321211397301 ], [ 0.200090141115903, 51.4783780913776 ], [ 0.200644229371538, 51.478534067173797 ], [ 0.201037429761193, 51.478803228517698 ], [ 0.202149696683739, 51.4789905357772 ], [ 0.201858780930437, 51.480185358771202 ], [ 0.203216069166807, 51.480345572554597 ], [ 0.202087792680435, 51.480275037392303 ], [ 0.20226465086475, 51.480597271785904 ], [ 0.204786934387325, 51.480842150835599 ], [ 0.202860236065569, 51.479597723124499 ], [ 0.205067050150853, 51.480886346248099 ], [ 0.205551305438134, 51.480445560135102 ], [ 0.206309161983215, 51.480719087141097 ], [ 0.20634502437491, 51.481282292028602 ], [ 0.209216964815308, 51.481816378322002 ], [ 0.209605961975445, 51.481639974066098 ], [ 0.210346792245951, 51.482483075179999 ], [ 0.211681560041074, 51.482711519020903 ], [ 0.217665422548806, 51.4804113160003 ], [ 0.2167205942898, 51.480173769505299 ], [ 0.215988645990343, 51.4794852222104 ], [ 0.216418949825956, 51.477466892898398 ], [ 0.216244927669669, 51.4780890153638 ], [ 0.216274007540862, 51.477471610794503 ], [ 0.215661047859748, 51.4768599530274 ], [ 0.211902626923108, 51.475829239793399 ], [ 0.211266671151005, 51.475276467152398 ], [ 0.21135614048268, 51.4732279856904 ], [ 0.208856481808598, 51.471745426888603 ], [ 0.208160312797764, 51.470838572237597 ], [ 0.211014625901593, 51.468433996046301 ], [ 0.210950847274005, 51.467354247585 ], [ 0.209979085597891, 51.465570490345499 ], [ 0.21023964061532, 51.462501855712802 ], [ 0.207503722914299, 51.461597523586001 ], [ 0.204436935833428, 51.459979045232899 ], [ 0.202613449259571, 51.458345178707503 ], [ 0.200853029240754, 51.4584329911022 ], [ 0.200834231456411, 51.458434550906198 ], [ 0.199071910696301, 51.458580741512598 ], [ 0.198376731334124, 51.458388734199097 ], [ 0.197252196423701, 51.457589154650897 ], [ 0.197562593227861, 51.457502853836097 ], [ 0.198373142123813, 51.458239063370499 ], [ 0.198894517887269, 51.457989614976903 ], [ 0.198016793007495, 51.457008712285898 ], [ 0.19958332788718, 51.458378691028202 ], [ 0.203048888119508, 51.457952133021102 ], [ 0.203235718959409, 51.457605026512397 ], [ 0.20260814849742, 51.456230115466099 ], [ 0.20387377151109, 51.455803431460197 ], [ 0.203235722037299, 51.454928698651699 ], [ 0.203385207576653, 51.454326051832702 ], [ 0.202486426218535, 51.453865391445298 ], [ 0.201971660664481, 51.454101229822598 ], [ 0.201337468621385, 51.4538442335502 ], [ 0.201261783111479, 51.453347881124401 ], [ 0.200635196123158, 51.453173922721902 ], [ 0.200237813875979, 51.452557693902001 ], [ 0.1997484454986, 51.452722898646599 ], [ 0.199107017348611, 51.4521197794258 ], [ 0.197409787918807, 51.451770709418099 ], [ 0.196289589365142, 51.452476928393402 ], [ 0.194192540851224, 51.451645670385403 ], [ 0.19385517836432, 51.451919528205401 ], [ 0.193053839014512, 51.451702487060203 ], [ 0.192083488328661, 51.450842033682797 ], [ 0.191012191202743, 51.448787716022601 ], [ 0.188830163584462, 51.449103233892103 ], [ 0.188460007046674, 51.448586297998901 ], [ 0.187641723429873, 51.448720721992402 ], [ 0.187390196804823, 51.446876451213299 ], [ 0.184150370525654, 51.444643185644402 ], [ 0.183567621087751, 51.444781290903201 ], [ 0.182685284892229, 51.444371454829898 ], [ 0.181019633009689, 51.444178529979297 ], [ 0.180844628632623, 51.443526200829801 ], [ 0.179579740300988, 51.443089736130801 ], [ 0.17871582408613, 51.443518121132001 ], [ 0.176037885170179, 51.441994543679201 ], [ 0.172844869107023, 51.443287151818303 ], [ 0.170902760779634, 51.441207523840198 ], [ 0.170894950733084, 51.441197260812402 ], [ 0.168714311257189, 51.437479935830197 ], [ 0.166689981205234, 51.435051448215397 ], [ 0.166851115352684, 51.432072036320498 ], [ 0.166095598445861, 51.431430137965499 ], [ 0.166693507747771, 51.431295829875602 ], [ 0.166209621321269, 51.430282262552403 ], [ 0.165589765298988, 51.430348554584803 ], [ 0.164216990841068, 51.428546465824603 ], [ 0.163831624947885, 51.428609414324001 ], [ 0.163923036810235, 51.4289323785055 ], [ 0.160695336663737, 51.429674501369497 ], [ 0.159837203058819, 51.429202846037803 ], [ 0.15908557108841, 51.430224816948297 ], [ 0.158632115920113, 51.4301270805001 ], [ 0.155875040956964, 51.430876583241002 ], [ 0.155300627712562, 51.428975197568697 ], [ 0.153763537931545, 51.427523235725403 ], [ 0.153134959839768, 51.422322279379102 ], [ 0.15285124322791, 51.421703361319999 ], [ 0.151158883829316, 51.4204304354257 ], [ 0.154636645664461, 51.418469876641197 ], [ 0.154094273164666, 51.4177621233273 ], [ 0.151055532853955, 51.417615652468697 ], [ 0.151154246429671, 51.4150633714682 ], [ 0.149159930322975, 51.412435223514102 ], [ 0.149751903084588, 51.411658181016698 ], [ 0.153770119500224, 51.4112651359723 ], [ 0.152932433172376, 51.408708482295701 ], [ 0.15159501461189, 51.408677216293597 ], [ 0.149311804229133, 51.409140956413196 ], [ 0.148989832047652, 51.408623429937101 ], [ 0.148869410494427, 51.408429128934699 ], [ 0.139180024281577, 51.411596842221101 ], [ 0.132844787675707, 51.414246880554899 ], [ 0.128270322936996, 51.4149590724343 ], [ 0.126514242957538, 51.414675519509402 ], [ 0.125434543800877, 51.414778832373401 ], [ 0.119920305924758, 51.413399733868303 ], [ 0.11312430922989, 51.412906118731698 ], [ 0.107598215900694, 51.414093522517703 ], [ 0.104482870249408, 51.4152247334234 ], [ 0.095128288955898, 51.4200833602833 ], [ 0.089223806373562, 51.423993878504 ], [ 0.083213104438857, 51.429868644939901 ], [ 0.081162044772531, 51.430645514063499 ], [ 0.075360212261282, 51.431986652216402 ], [ 0.074668079800111, 51.432147241576097 ], [ 0.076105638823489, 51.433283547706601 ], [ 0.075692031387099, 51.4336248969515 ], [ 0.076400164765549, 51.434005683391497 ], [ 0.075901985748375, 51.434458308809802 ], [ 0.076530870048154, 51.434855679416998 ], [ 0.074973203195286, 51.4358667177193 ], [ 0.076569108653989, 51.436871710033898 ], [ 0.077839915020736, 51.436442425962397 ], [ 0.078438526592367, 51.437093173556697 ], [ 0.078457255702259, 51.4371129342938 ], [ 0.078466759592634, 51.437123237106697 ], [ 0.078824423634672, 51.438139211744698 ], [ 0.08088301283696, 51.440403949779501 ], [ 0.081812813904585, 51.439968370790801 ], [ 0.08446065688802, 51.441976763473903 ], [ 0.082993557261522, 51.442733600757002 ], [ 0.083018454057231, 51.443419993731801 ], [ 0.084734223703947, 51.442603477245797 ], [ 0.086306291750478, 51.443242483547699 ], [ 0.087426753747751, 51.443284343343599 ], [ 0.086369864884598, 51.445307187997798 ], [ 0.087414575108564, 51.445747101106697 ], [ 0.088075276334889, 51.447495774711101 ], [ 0.087871864886386, 51.448703555690898 ], [ 0.086855071574484, 51.450434622738001 ], [ 0.085732177121605, 51.456450310194597 ], [ 0.081504362061453, 51.457752798783503 ], [ 0.078881440682762, 51.4591287222242 ], [ 0.078671850601355, 51.459290124556098 ], [ 0.082942126220951, 51.459829504579503 ], [ 0.082255965297566, 51.461131273684202 ], [ 0.082628540143304, 51.463584434897498 ], [ 0.082133830391246, 51.464760713424297 ], [ 0.08231307420876, 51.466641315446203 ], [ 0.083238414138148, 51.466477001288503 ], [ 0.084808518065487, 51.468729952087102 ], [ 0.087053333042596, 51.4699702382851 ], [ 0.089125811165367, 51.470454304679599 ], [ 0.091314213734177, 51.472070952745597 ], [ 0.093199920624999, 51.472954036918502 ], [ 0.094484336193004, 51.473268145115803 ], [ 0.096575129628143, 51.473253843386303 ], [ 0.098244270803385, 51.475452421210498 ], [ 0.100257019805275, 51.475227885291702 ], [ 0.102005022359293, 51.474463799455698 ], [ 0.102507532877671, 51.474916516204999 ], [ 0.103352122161261, 51.474585942458098 ], [ 0.104903742646543, 51.475527679271998 ], [ 0.105202815614107, 51.475237695744298 ], [ 0.105654772306221, 51.475457352599101 ], [ 0.106176221247785, 51.475016310656102 ], [ 0.108189975969121, 51.476116806819697 ], [ 0.111985588823406, 51.473072433919697 ], [ 0.112477040296167, 51.473421017707302 ], [ 0.114011353800994, 51.475170336549297 ], [ 0.115509656416705, 51.476168151563797 ], [ 0.118471348826992, 51.478903135489603 ], [ 0.120899831917502, 51.4784543008303 ], [ 0.124191087369442, 51.476849019469697 ], [ 0.122030983008983, 51.482872684417998 ], [ 0.122044684713817, 51.482994744788002 ], [ 0.122056599256171, 51.483211363080699 ], [ 0.121297276515248, 51.491031305490701 ], [ 0.121296819006836, 51.491103219016601 ], [ 0.120975422868598, 51.500800296536099 ], [ 0.120527379275315, 51.5110987137327 ], [ 0.120216178431184, 51.511447380705398 ], [ 0.120222238402063, 51.511448551733501 ], [ 0.125051166702628, 51.512991999859999 ], [ 0.128940175238202, 51.513217307873703 ], [ 0.132223291811855, 51.5122718250121 ] ] ] ] } },
{ "type": "Feature", "properties": { "borough_name": "Brent", "median_house_price": 525000, "median_earnings": 38000, "affordability_ratio": 13.8, "affordability_category": "Stretched", "is_se_london": false, "vs_london_avg": 3.7 }, "geometry": { "type": "Polygon", "coordinates": [ [ [ -0.262333745701053, 51.5963478459201 ], [ -0.259777012154832, 51.594193913302803 ], [ -0.257547662243722, 51.592175438896099 ], [ -0.252944572702507, 51.588900742763599 ], [ -0.249504913988761, 51.585566089918999 ], [ -0.248234179694855, 51.5843137322831 ], [ -0.25172870822786, 51.583375902912699 ], [ -0.254264459518889, 51.5816690137828 ], [ -0.254544563548069, 51.579771980872202 ], [ -0.252679244398851, 51.575143532435902 ], [ -0.251265214614301, 51.573153615307199 ], [ -0.253052793820057, 51.572395304675901 ], [ -0.252514167958524, 51.571518282932303 ], [ -0.249330575691951, 51.568870210147601 ], [ -0.248565277964657, 51.568511193621198 ], [ -0.247001614371345, 51.568618921612497 ], [ -0.247361599809296, 51.568957257932503 ], [ -0.246541017432054, 51.569034880841102 ], [ -0.246071573779433, 51.569807743498302 ], [ -0.2465495696977, 51.5700241373046 ], [ -0.245966343869141, 51.571008190822802 ], [ -0.246733635777421, 51.5715883446451 ], [ -0.245962667620594, 51.572216283924497 ], [ -0.245216880099671, 51.571916954874403 ], [ -0.244199171346343, 51.572584495847998 ], [ -0.243895903081476, 51.572306357572501 ], [ -0.242428363346831, 51.572500469914502 ], [ -0.242452565757022, 51.572815829058499 ], [ -0.241374431492776, 51.572719030724699 ], [ -0.241131123645669, 51.572129797465202 ], [ -0.240049870738549, 51.572382170391002 ], [ -0.240010090011367, 51.572094510805698 ], [ -0.238849228716783, 51.572237634603198 ], [ -0.237990483250151, 51.571777289288001 ], [ -0.238159982366927, 51.572071183164397 ], [ -0.23761156579389, 51.572466065303502 ], [ -0.235858759997574, 51.572297823379103 ], [ -0.235479758486623, 51.572547397111897 ], [ -0.235668614335251, 51.5723099774697 ], [ -0.234560992285474, 51.571773532339101 ], [ -0.233417227576263, 51.571982958421003 ], [ -0.232249098463514, 51.5709594372168 ], [ -0.228794004019311, 51.567970876441699 ], [ -0.225464942627918, 51.565867618318698 ], [ -0.220660399305213, 51.561664086918803 ], [ -0.218498233039517, 51.559336056120301 ], [ -0.213486677002519, 51.555190932925498 ], [ -0.203700949695321, 51.546962394747403 ], [ -0.203502884364712, 51.546776031818901 ], [ -0.203432400717816, 51.546709307474401 ], [ -0.201918606288312, 51.545284175381198 ], [ -0.191467608561554, 51.536292359070003 ], [ -0.193016132577393, 51.533949843268601 ], [ -0.192347014575535, 51.533260857199302 ], [ -0.192997934912252, 51.531983561566904 ], [ -0.196479321959949, 51.527638636562301 ], [ -0.197339740607098, 51.527892622133599 ], [ -0.197801829405802, 51.527899610135599 ], [ -0.198174940299363, 51.530417967136202 ], [ -0.201079967472329, 51.531905856146601 ], [ -0.20167541569191, 51.532559996243698 ], [ -0.203013026994402, 51.532895555050402 ], [ -0.203061890380871, 51.5328950508312 ], [ -0.207814035554874, 51.532792007856898 ], [ -0.211186423402787, 51.531925442450401 ], [ -0.215266647764194, 51.531360560510201 ], [ -0.21510696879434, 51.530170176938 ], [ -0.215855751894516, 51.529752390429799 ], [ -0.216020723983129, 51.527920361167503 ], [ -0.217791000545462, 51.528600425320001 ], [ -0.223728265491944, 51.529946791972399 ], [ -0.225433971441795, 51.530160302289097 ], [ -0.227659506765089, 51.529914323010701 ], [ -0.22756201378156, 51.530154600139603 ], [ -0.228440758153743, 51.530319157203301 ], [ -0.230717348005316, 51.530869984163097 ], [ -0.233821247474086, 51.532331115915198 ], [ -0.234409495958749, 51.5326382757451 ], [ -0.237528634817977, 51.532005020137703 ], [ -0.243236010560196, 51.531764841629702 ], [ -0.246281570983423, 51.532737510347197 ], [ -0.247265526070007, 51.533489861332498 ], [ -0.250752237107332, 51.534147433669801 ], [ -0.250877874536536, 51.533879504731999 ], [ -0.255644957835788, 51.533978982743697 ], [ -0.255985074110447, 51.533949885661102 ], [ -0.256545918476375, 51.534966294053397 ], [ -0.257740996366156, 51.535367313913198 ], [ -0.260353373764622, 51.534492769273299 ], [ -0.263318394674117, 51.532668463304397 ], [ -0.264760943844658, 51.532158442027303 ], [ -0.264866861432509, 51.531571635717498 ], [ -0.266251288494755, 51.530687200433903 ], [ -0.26857417728811, 51.529822683343099 ], [ -0.269680388783758, 51.530001610497102 ], [ -0.270271216631839, 51.529766707056403 ], [ -0.27044563007722, 51.530046595966098 ], [ -0.274570643111017, 51.5295586321472 ], [ -0.279224530348024, 51.5287808167568 ], [ -0.280371852466567, 51.528346793541097 ], [ -0.282957482400945, 51.528845906513297 ], [ -0.285725746983936, 51.529171973656901 ], [ -0.289382581578878, 51.531682840175897 ], [ -0.284012385062602, 51.533531618950398 ], [ -0.283479177993753, 51.532807958190503 ], [ -0.281484072796813, 51.533230975507401 ], [ -0.280959450006156, 51.532588144190498 ], [ -0.278964094642898, 51.533227503345501 ], [ -0.278485381698495, 51.534583259511201 ], [ -0.278116622846963, 51.534550729925598 ], [ -0.277769393804216, 51.535071512467198 ], [ -0.281817393753696, 51.538106735292303 ], [ -0.282457376588103, 51.538648676889501 ], [ -0.28662990656124, 51.536784036138002 ], [ -0.293396270410537, 51.534928050378497 ], [ -0.295165606298529, 51.534877155029299 ], [ -0.295755469146931, 51.535291191592002 ], [ -0.29644758037209, 51.535258693136903 ], [ -0.299852310864077, 51.533082361637199 ], [ -0.302704988863715, 51.531986531319298 ], [ -0.307453582279767, 51.5330870588732 ], [ -0.306264604133883, 51.534176990897897 ], [ -0.305948608561015, 51.539366934718103 ], [ -0.30471803763841, 51.5398588726963 ], [ -0.308517711348242, 51.543198699705101 ], [ -0.30798663079506, 51.544414081851897 ], [ -0.308875232096934, 51.545207338892801 ], [ -0.30711297450527, 51.545329831575401 ], [ -0.308646363923526, 51.5464674091861 ], [ -0.311479130831358, 51.547566185223403 ], [ -0.312526297881848, 51.5490280869369 ], [ -0.317660624976379, 51.551568523466699 ], [ -0.327006121250583, 51.555030813055801 ], [ -0.335555531666752, 51.556556900042999 ], [ -0.334857082126507, 51.557866374583803 ], [ -0.333930197310544, 51.557698199268401 ], [ -0.334034842324087, 51.5587546624295 ], [ -0.331264837354128, 51.561414289276598 ], [ -0.330042382729354, 51.562231397278303 ], [ -0.328237078551993, 51.562540595348402 ], [ -0.328672097370254, 51.565974984205397 ], [ -0.329689402526453, 51.5661927211031 ], [ -0.329849338123979, 51.567128218923301 ], [ -0.325051402557729, 51.568259237392702 ], [ -0.325216392497237, 51.568457324312803 ], [ -0.322148244821014, 51.569677057154699 ], [ -0.324804688150537, 51.573314321900703 ], [ -0.325352451810086, 51.575935632689102 ], [ -0.326587520367022, 51.578290017090701 ], [ -0.326634185132864, 51.5786006739146 ], [ -0.320199754188027, 51.580374893059101 ], [ -0.317025089189847, 51.5820750923817 ], [ -0.31253249193528, 51.584452581014503 ], [ -0.30678464014985, 51.586515437537997 ], [ -0.304696795432772, 51.587052553308901 ], [ -0.301447504787293, 51.587271489353498 ], [ -0.28245801200774, 51.585051664819702 ], [ -0.282333959135817, 51.585839914023097 ], [ -0.284197440660582, 51.590495538519001 ], [ -0.28563943939032, 51.591896730474403 ], [ -0.288934236464643, 51.592821196510002 ], [ -0.290405901610672, 51.593543801763197 ], [ -0.287051822242211, 51.594562832886503 ], [ -0.286248533176676, 51.5949363421391 ], [ -0.285774999335346, 51.594728703035003 ], [ -0.285568620796434, 51.595210686820103 ], [ -0.283353330016794, 51.595742826455798 ], [ -0.276510294245565, 51.596509919660697 ], [ -0.276964355852371, 51.596937266688599 ], [ -0.273067314998928, 51.5983867005815 ], [ -0.270988838732912, 51.598384005436998 ], [ -0.267113115479641, 51.600371968584199 ], [ -0.262333745701053, 51.5963478459201 ] ] ] } },
{ "type": "Feature", "properties": { "borough_name": "Bromley", "median_house_price": 480000, "median_earnings": 40000, "affordability_ratio": 12.0, "affordability_category": "Stretched", "is_se_london": true, "vs_london_avg": -9.9 }, "geometry": { "type": "Polygon", "coordinates": [ [ [ 0.045137373854907, 51.436238142882402 ], [ 0.047998265279413, 51.433600015194301 ], [ 0.051057756949285, 51.431525136351901 ], [ 0.054432445306739, 51.427933102726698 ], [ 0.058207379616515, 51.424871508005197 ], [ 0.058599062055001, 51.424594651835598 ], [ 0.061006848212078, 51.425081894780497 ], [ 0.061705411141948, 51.423700370848103 ], [ 0.063138160633435, 51.424135047991797 ], [ 0.064461696456699, 51.4250338746644 ], [ 0.06415693293198, 51.4253335751294 ], [ 0.066581008507925, 51.426008502831301 ], [ 0.066619033298759, 51.426503496043601 ], [ 0.071700809037003, 51.429442638423502 ], [ 0.073476374936237, 51.431249236988499 ], [ 0.073079128724075, 51.431355045403301 ], [ 0.07335548443474, 51.431760750563797 ], [ 0.074374267706657, 51.431461578614901 ], [ 0.074860866927203, 51.4308144156442 ], [ 0.075360212261282, 51.431986652216402 ], [ 0.081162044772531, 51.430645514063499 ], [ 0.083213104438857, 51.429868644939901 ], [ 0.089223806373562, 51.423993878504 ], [ 0.095128288955898, 51.4200833602833 ], [ 0.104482870249408, 51.4152247334234 ], [ 0.107598215900694, 51.414093522517703 ], [ 0.11312430922989, 51.412906118731698 ], [ 0.119920305924758, 51.413399733868303 ], [ 0.125434543800877, 51.414778832373401 ], [ 0.126514242957538, 51.414675519509402 ], [ 0.128270322936996, 51.4149590724343 ], [ 0.132844787675707, 51.414246880554899 ], [ 0.139180024281577, 51.411596842221101 ], [ 0.148869410494427, 51.408429128934699 ], [ 0.148692037924609, 51.4081307270094 ], [ 0.151099873547956, 51.406642221838297 ], [ 0.152822362211358, 51.406273350586403 ], [ 0.155249223060631, 51.403971472287502 ], [ 0.154967101370069, 51.403659205660702 ], [ 0.155513813492239, 51.403575335191199 ], [ 0.156434915160349, 51.402493628515501 ], [ 0.157360886960557, 51.400783201914798 ], [ 0.157728504821358, 51.398146941818801 ], [ 0.15898031715939, 51.395820923092899 ], [ 0.162384150043184, 51.392490302942797 ], [ 0.161313218509312, 51.392369729884102 ], [ 0.158274087234553, 51.392239572277497 ], [ 0.147741030714359, 51.392801002728298 ], [ 0.147725411546702, 51.392611507830203 ], [ 0.147534011759946, 51.392156438021203 ], [ 0.149835516801163, 51.390872340132702 ], [ 0.148654257106024, 51.388668345646202 ], [ 0.149416668543724, 51.387854870733896 ], [ 0.148901776858004, 51.387572052152201 ], [ 0.150458880089113, 51.386018306018897 ], [ 0.149992073003474, 51.385840782640798 ], [ 0.149800010647929, 51.384870414447597 ], [ 0.14978694337582, 51.3836710149656 ], [ 0.1504662276734, 51.383447178072103 ], [ 0.150373220455583, 51.381092800591503 ], [ 0.149608570969833, 51.381089675303301 ], [ 0.149613395331933, 51.380089597529299 ], [ 0.151133428458859, 51.379896245986799 ], [ 0.150974687631566, 51.379085272069403 ], [ 0.152353002831715, 51.378690335532603 ], [ 0.152189840663178, 51.3783363309282 ], [ 0.153236329516732, 51.378036488813798 ], [ 0.152537091460999, 51.375230068329103 ], [ 0.151736259913966, 51.375436391071503 ], [ 0.149600418363283, 51.373582617468898 ], [ 0.150833863953741, 51.372920536122599 ], [ 0.151206211688976, 51.372186983331297 ], [ 0.150126949996477, 51.370157348992002 ], [ 0.152057738933261, 51.369693705614203 ], [ 0.151619790687987, 51.368378896254001 ], [ 0.15102520620421, 51.368322405408698 ], [ 0.14943809752995, 51.369162803922997 ], [ 0.148876541579436, 51.368123570684403 ], [ 0.147280235929356, 51.367014413781497 ], [ 0.148347764670005, 51.366371586386499 ], [ 0.145048581649698, 51.362851002960603 ], [ 0.145391447302289, 51.3625029815639 ], [ 0.144501081888825, 51.361061489131501 ], [ 0.144562772120168, 51.360690755656002 ], [ 0.145389434623396, 51.360337457613603 ], [ 0.144848184887938, 51.358435447786199 ], [ 0.145895465831357, 51.358224643226301 ], [ 0.145653989302214, 51.3572056741517 ], [ 0.145114129801566, 51.355764135968499 ], [ 0.144046448987299, 51.354861911419199 ], [ 0.143631409872123, 51.3530178165691 ], [ 0.143140256627824, 51.353049295972802 ], [ 0.14287646719203, 51.352659353632902 ], [ 0.142620096764069, 51.350734937473398 ], [ 0.140984260727744, 51.3501461691963 ], [ 0.141287335694189, 51.349779105532399 ], [ 0.138713674263771, 51.347524878208503 ], [ 0.139493083928417, 51.347300147908101 ], [ 0.139441007864851, 51.346982741917998 ], [ 0.138268142466788, 51.3470852025564 ], [ 0.137196519337772, 51.345871818794102 ], [ 0.136200008773888, 51.345936780585298 ], [ 0.137109322020355, 51.344801367627298 ], [ 0.136958108456318, 51.344174605801101 ], [ 0.131777238907734, 51.345506651692901 ], [ 0.13166943231213, 51.345193854176699 ], [ 0.125212858821697, 51.345868000194201 ], [ 0.122239054316718, 51.344657522053303 ], [ 0.119184939635519, 51.344256879772502 ], [ 0.118456303441167, 51.344147783247401 ], [ 0.117586555709123, 51.343129321976498 ], [ 0.117232135018048, 51.343163606149801 ], [ 0.116681193882858, 51.341302957814399 ], [ 0.117283071789783, 51.3397811707041 ], [ 0.118471159205407, 51.339981832407702 ], [ 0.119014273423943, 51.338684162977302 ], [ 0.118299419628428, 51.338404814230998 ], [ 0.120011217788937, 51.334739571747001 ], [ 0.121684470163769, 51.333636385000403 ], [ 0.120245865693021, 51.332137168339102 ], [ 0.117892043251494, 51.330621230570799 ], [ 0.117900333226097, 51.329647100945003 ], [ 0.117335519577023, 51.329499138579699 ], [ 0.116642051900668, 51.330003517522897 ], [ 0.115743623115838, 51.329507105528698 ], [ 0.114211168787908, 51.327398043372398 ], [ 0.110153852634024, 51.328035962959397 ], [ 0.109758939055737, 51.326684213394898 ], [ 0.107238030363858, 51.327523776992997 ], [ 0.104901955924784, 51.327412872331699 ], [ 0.103240995455827, 51.325995661815 ], [ 0.10079217321131, 51.325585510643101 ], [ 0.100176329752613, 51.324072172917298 ], [ 0.096180079853935, 51.321292910015501 ], [ 0.092777343369925, 51.319811421246897 ], [ 0.087785264492088, 51.318312336215897 ], [ 0.086821708064894, 51.317192719970599 ], [ 0.085029299988601, 51.316023205289497 ], [ 0.085641837414857, 51.314784674574 ], [ 0.085070574120328, 51.312598641278299 ], [ 0.083571863369779, 51.310528013799697 ], [ 0.084748473149269, 51.308345919713503 ], [ 0.084086487454975, 51.308049226363501 ], [ 0.084877966544679, 51.306044898893703 ], [ 0.082816241205083, 51.305633668067003 ], [ 0.085432509917973, 51.302519471920597 ], [ 0.086338859440085, 51.300172149641803 ], [ 0.091184788845852, 51.296827366971399 ], [ 0.089261834971878, 51.296086412518399 ], [ 0.085693083414603, 51.293084227476797 ], [ 0.081580256367395, 51.291835322671297 ], [ 0.073368483798288, 51.291605145790498 ], [ 0.06756345970947, 51.290383113275901 ], [ 0.058510228376792, 51.2893537136896 ], [ 0.056050327541413, 51.292395376579897 ], [ 0.054389986021984, 51.292089077067203 ], [ 0.05078989348211, 51.293986883538103 ], [ 0.048496070001235, 51.293722163575701 ], [ 0.045731670558208, 51.294004266243803 ], [ 0.04476710255697, 51.293086694387902 ], [ 0.042396497430127, 51.292673047641699 ], [ 0.043313107400155, 51.296581757793703 ], [ 0.044298495339116, 51.298580941976098 ], [ 0.043093126659108, 51.299054315294903 ], [ 0.042620201159846, 51.301328899390697 ], [ 0.041543105879997, 51.302980074083102 ], [ 0.04091758010957, 51.302721163723703 ], [ 0.036336788657453, 51.305863222261699 ], [ 0.032909417932232, 51.307520911500298 ], [ 0.030281651213951, 51.3055582190281 ], [ 0.027977808249625, 51.304685304702801 ], [ 0.024839136366892, 51.302154935072302 ], [ 0.023599255513794, 51.299704063154003 ], [ 0.020953080346769, 51.296778379767503 ], [ 0.020874148336987, 51.295571909294097 ], [ 0.019101246335563, 51.291684101115102 ], [ 0.015009378467909, 51.291786070062798 ], [ 0.012142972058002, 51.299616181405902 ], [ 0.008391100147902, 51.310361437303399 ], [ 0.010348595138919, 51.316140332903601 ], [ 0.006580593068891, 51.3156563456252 ], [ 0.005545593040138, 51.3184440622991 ], [ 0.004870266511679, 51.322076322010901 ], [ 0.002255311924003, 51.329134835034303 ], [ 0.002173106225274, 51.329778274487801 ], [ 0.002939907001124, 51.330408906810199 ], [ 0.00331330491657, 51.332155042077297 ], [ 0.000863843200219, 51.333602271015998 ], [ -0.00296005106078, 51.345519348066297 ], [ -0.004616876397865, 51.3495931010495 ], [ -0.005308686410233, 51.352575184033903 ], [ -0.008560608617777, 51.355757882687598 ], [ -0.011768170370166, 51.3572474098616 ], [ -0.013145941722948, 51.357230639431002 ], [ -0.015558314453871, 51.358812748340704 ], [ -0.018288914449901, 51.361236386166503 ], [ -0.018876577946746, 51.362741384289798 ], [ -0.019780278866345, 51.3636334962193 ], [ -0.02227173696573, 51.3658834750306 ], [ -0.023567732215728, 51.3652909210399 ], [ -0.024460503421429, 51.3667679483531 ], [ -0.023103726904302, 51.367017024593899 ], [ -0.023591699075653, 51.372227423076502 ], [ -0.026113815619633, 51.376489292878603 ], [ -0.026766677936386, 51.379375934532902 ], [ -0.027973693923831, 51.379363082783499 ], [ -0.028346728272199, 51.378102715586003 ], [ -0.029815870667155, 51.377338044414898 ], [ -0.036778811309898, 51.376996437342399 ], [ -0.036359696688744, 51.379010385472199 ], [ -0.036957675105989, 51.378962494462101 ], [ -0.037841593035317, 51.383267037771901 ], [ -0.036523498687031, 51.388431537429497 ], [ -0.042816349478764, 51.389462605796297 ], [ -0.044920483856368, 51.390698411475199 ], [ -0.046168262035516, 51.392017480389903 ], [ -0.046815732084414, 51.391838970759501 ], [ -0.048056018265539, 51.393142736291203 ], [ -0.051247886020554, 51.393471158699199 ], [ -0.051702386523669, 51.393995864990103 ], [ -0.052425479088928, 51.394154030937599 ], [ -0.052588997640918, 51.394617522512704 ], [ -0.053472971445705, 51.394915072676902 ], [ -0.051018562463948, 51.396986502064699 ], [ -0.050418767609256, 51.398013082970401 ], [ -0.050816383196433, 51.397652118888601 ], [ -0.052107439613555, 51.3982590132212 ], [ -0.050608425184493, 51.399524183034003 ], [ -0.052930719590951, 51.401436532005299 ], [ -0.056786684889777, 51.400530106229297 ], [ -0.059415066545346, 51.399230614398 ], [ -0.060529651305876, 51.399138507522402 ], [ -0.060140431594244, 51.399565193292702 ], [ -0.062219878291123, 51.401548269626701 ], [ -0.063758260534189, 51.401568854501399 ], [ -0.064617418414843, 51.401721888663303 ], [ -0.064479542059806, 51.402036835422003 ], [ -0.066502605048073, 51.402632252341803 ], [ -0.068570857212846, 51.4038405831106 ], [ -0.069961087262218, 51.4060024002709 ], [ -0.072835001981434, 51.408485696998603 ], [ -0.073522349864371, 51.410562280487198 ], [ -0.072742654981949, 51.412689434087397 ], [ -0.075149028283919, 51.4135416240238 ], [ -0.076483260638463, 51.414426926893803 ], [ -0.080367622539294, 51.415541086772201 ], [ -0.080760150463254, 51.416044232324801 ], [ -0.0810832477316, 51.417305078200201 ], [ -0.078557367172468, 51.419874212229701 ], [ -0.078287681880069, 51.4206047143525 ], [ -0.075041494918316, 51.425626956189497 ], [ -0.073907270099848, 51.4262129239712 ], [ -0.071841922858901, 51.426294898305997 ], [ -0.070930562082191, 51.426238945778799 ], [ -0.070278814295854, 51.426109449176899 ], [ -0.068901698592176, 51.425630037298099 ], [ -0.068657750218593, 51.425993413869698 ], [ -0.067885513510204, 51.425925118858501 ], [ -0.066022034512948, 51.425074902410003 ], [ -0.065808619537808, 51.425330920231197 ], [ -0.064552601502428, 51.425057582560697 ], [ -0.064408355402573, 51.425319447470102 ], [ -0.062404425023153, 51.4251548729302 ], [ -0.061426143396668, 51.424798273971703 ], [ -0.06140523705687, 51.424470897701497 ], [ -0.058099035098312, 51.423172426558203 ], [ -0.056754945213068, 51.422964976449002 ], [ -0.0551364357777, 51.422942736146098 ], [ -0.05473735901637, 51.423725827142 ], [ -0.051801527006994, 51.423569891576697 ], [ -0.051747765242802, 51.422516584946798 ], [ -0.04599228710929, 51.422795367615599 ], [ -0.046250965091099, 51.422374928692001 ], [ -0.043675612608226, 51.422892695313202 ], [ -0.043810370041586, 51.423153742241603 ], [ -0.04157172918749, 51.423652267882403 ], [ -0.040997418554506, 51.424262676647601 ], [ -0.03989333456578, 51.424258742600102 ], [ -0.038453221804788, 51.423956803849798 ], [ -0.037469917601842, 51.424981578855103 ], [ -0.034195221237908, 51.425110317785403 ], [ -0.034212916624629, 51.424754369604599 ], [ -0.033349109439724, 51.424634709969901 ], [ -0.031793937454094, 51.424710195879001 ], [ -0.031971356040193, 51.425536056317 ], [ -0.03008075136773, 51.425645457945002 ], [ -0.025963258388507, 51.423611628088899 ], [ -0.025769241367508, 51.423752822430203 ], [ -0.024339932274314, 51.423116805397598 ], [ -0.022574320029263, 51.421557061734603 ], [ -0.0222423203465, 51.421775679377198 ], [ -0.020997798625451, 51.420975845393201 ], [ -0.021649069036651, 51.420442310643899 ], [ -0.020758945125742, 51.4199461846109 ], [ -0.021396175911528, 51.418342243692798 ], [ -0.022558177388813, 51.417564351393402 ], [ -0.021697395980732, 51.417278697584599 ], [ -0.022173560797774, 51.416741524604703 ], [ -0.020999335432924, 51.416024246537901 ], [ -0.017797830639043, 51.415744161905799 ], [ -0.017966540008741, 51.415056159774402 ], [ -0.014274497579853, 51.415160612104799 ], [ -0.014537950086498, 51.413930886376299 ], [ -0.014239513349691, 51.413649584663602 ], [ -0.010312080263417, 51.413577794038602 ], [ -0.007663775341183, 51.414476802427799 ], [ -0.006591416803013, 51.414663479906302 ], [ -0.00655318395764, 51.415978623950899 ], [ -0.00558318053051, 51.415820046426703 ], [ -0.004966861307726, 51.414599738870599 ], [ -0.003280315144245, 51.415035640904499 ], [ -0.003391205274298, 51.415650788586603 ], [ -0.000728858659659, 51.415907104924997 ], [ -0.000118783814671, 51.417575244389504 ], [ 0.001743135951466, 51.4185857390327 ], [ 0.003533784491233, 51.417427400639802 ], [ 0.005671169669682, 51.418526325704804 ], [ 0.005216364631901, 51.419355777706798 ], [ 0.006308883682939, 51.421030455732797 ], [ 0.006728877220366, 51.420944814390502 ], [ 0.006863399624312, 51.421503312522603 ], [ 0.007388722446802, 51.421402455261102 ], [ 0.008106022892577, 51.423039534489398 ], [ 0.00998225862597, 51.4224818409227 ], [ 0.011882975678098, 51.424085757172598 ], [ 0.013365555279522, 51.424681883348001 ], [ 0.013538652529439, 51.425101517365199 ], [ 0.014418408662478, 51.425215431900497 ], [ 0.014120135419355, 51.4261747037555 ], [ 0.015981210553572, 51.4261895240085 ], [ 0.018747958647409, 51.427057811331501 ], [ 0.02040484143721, 51.426874834183998 ], [ 0.021218660097896, 51.426862526036999 ], [ 0.025458977328269, 51.4289732426829 ], [ 0.034604485718804, 51.423404625409901 ], [ 0.036230948428227, 51.422388515000101 ], [ 0.03905557875006, 51.424687941325502 ], [ 0.038474138216389, 51.427584008643201 ], [ 0.037844535071944, 51.427800774603199 ], [ 0.038364762484887, 51.428281142463099 ], [ 0.037539860800951, 51.431367590321898 ], [ 0.037708777408595, 51.433341039667397 ], [ 0.033736635099745, 51.431695167628902 ], [ 0.033255814321157, 51.4322311912088 ], [ 0.032494298593041, 51.431890542171097 ], [ 0.031607241042355, 51.4325553167062 ], [ 0.03115916363973, 51.432094200278499 ], [ 0.031405191625893, 51.432583462277002 ], [ 0.028592761273228, 51.434033803875501 ], [ 0.029086714993171, 51.434674399096103 ], [ 0.028687013496529, 51.436409693480201 ], [ 0.027181483267427, 51.4365271665866 ], [ 0.025435831138825, 51.435666727003301 ], [ 0.024782236207963, 51.438207764053502 ], [ 0.028815917570129, 51.438772197619798 ], [ 0.028592962035554, 51.440403842733502 ], [ 0.02937881550058, 51.441705419749198 ], [ 0.030549450079116, 51.444327948396399 ], [ 0.033503113460359, 51.443581949054497 ], [ 0.035526458675555, 51.442469105047103 ], [ 0.039754857228725, 51.440980859747803 ], [ 0.04217060629937, 51.439489820529197 ], [ 0.043335982866143, 51.437749021195202 ], [ 0.045190742030838, 51.436601403114203 ], [ 0.045137373854907, 51.436238142882402 ] ] ] } },
{ "type": "Feature", "properties": { "borough_name": "Camden", "median_house_price": 875000, "median_earnings": 52000, "affordability_ratio": 16.8, "affordability_category": "Unaffordable", "is_se_london": false, "vs_london_avg": 26.2 }, "geometry": { "type": "Polygon", "coordinates": [ [ [ -0.167287288028304, 51.5729628336939 ], [ -0.164539988212205, 51.572500539250498 ], [ -0.160476747192304, 51.572779359774202 ], [ -0.157735978505448, 51.572050980740499 ], [ -0.150146318151361, 51.571553925928697 ], [ -0.148682546469594, 51.570935917606498 ], [ -0.144381825926643, 51.570084379192899 ], [ -0.14239561120072, 51.569106002885 ], [ -0.140627152838409, 51.564459427788798 ], [ -0.141034701474325, 51.560500035147498 ], [ -0.139426987011815, 51.558242224803003 ], [ -0.138419158853717, 51.556868162673197 ], [ -0.136987309045876, 51.555261624128903 ], [ -0.135303748671231, 51.554638445963697 ], [ -0.134082277774744, 51.553389822556298 ], [ -0.130991514299285, 51.551483260768102 ], [ -0.13072064597366, 51.550672484527503 ], [ -0.130127780258333, 51.549611731915199 ], [ -0.12910281703075, 51.548836603071003 ], [ -0.127079037829745, 51.547530198099402 ], [ -0.126357378664673, 51.545058597247099 ], [ -0.125064221994798, 51.541142978028901 ], [ -0.122399839076584, 51.5370495800572 ], [ -0.122563726204788, 51.530753114339703 ], [ -0.119838911111641, 51.530947184457403 ], [ -0.115925682086207, 51.5298315606709 ], [ -0.115451101817419, 51.5277578613115 ], [ -0.11291918547122, 51.526408815986898 ], [ -0.114229005936754, 51.525482559374701 ], [ -0.113627431450158, 51.524566390613799 ], [ -0.11236382231395, 51.523716119724099 ], [ -0.10896954375494, 51.523019893854901 ], [ -0.108238180531229, 51.522087024639902 ], [ -0.10700150504442, 51.522183752261199 ], [ -0.105290341558648, 51.518554858750797 ], [ -0.10781920575416, 51.517766038508 ], [ -0.113803703413632, 51.518257936628103 ], [ -0.111567824442113, 51.515335030001701 ], [ -0.113825664039223, 51.514823673677199 ], [ -0.114694811598885, 51.516026475604299 ], [ -0.119451253170614, 51.5145022562048 ], [ -0.121796317287431, 51.514868899544403 ], [ -0.12206608989202, 51.514615207873597 ], [ -0.122853761042668, 51.515140199763998 ], [ -0.127169746226546, 51.512705103373598 ], [ -0.127646380675082, 51.512678930201801 ], [ -0.128949099459364, 51.513414776252397 ], [ -0.129610815866559, 51.513998809654503 ], [ -0.130326509997426, 51.516419591541002 ], [ -0.130782502682123, 51.517081981490698 ], [ -0.132516418534426, 51.516673089502099 ], [ -0.132406111775616, 51.517117164416497 ], [ -0.133531598252919, 51.517697286746198 ], [ -0.134006210429943, 51.517547252126001 ], [ -0.13520781378243, 51.518929716241601 ], [ -0.135797668689083, 51.518685355918997 ], [ -0.136278097237986, 51.5191571743051 ], [ -0.136961309094795, 51.518886619897799 ], [ -0.142844961598762, 51.523867680625202 ], [ -0.143544818600121, 51.523965966324901 ], [ -0.143384543178008, 51.524548393953303 ], [ -0.143986909810925, 51.524678222571403 ], [ -0.14408751434632, 51.523997530376597 ], [ -0.145205616696418, 51.5239889711711 ], [ -0.145764043772245, 51.525266814136899 ], [ -0.147123640879697, 51.5250347430907 ], [ -0.152701824938766, 51.537509541292003 ], [ -0.159351924771759, 51.536339643292301 ], [ -0.160396596135671, 51.5372985110561 ], [ -0.164898867211156, 51.535784640449201 ], [ -0.169447390913976, 51.5385935584316 ], [ -0.170876388503664, 51.537778248976103 ], [ -0.171934140702352, 51.538403852139098 ], [ -0.173476990559195, 51.537646391236201 ], [ -0.174128478544183, 51.538261689512602 ], [ -0.173911770601983, 51.539473220199199 ], [ -0.175765524440825, 51.5396167241406 ], [ -0.178343045457858, 51.5398080696569 ], [ -0.180114010393227, 51.539564996711903 ], [ -0.184160670423868, 51.538228574294003 ], [ -0.187821656046345, 51.534963944419196 ], [ -0.188722649361543, 51.534530509288103 ], [ -0.191467608561554, 51.536292359070003 ], [ -0.201918606288312, 51.545284175381198 ], [ -0.203432400717816, 51.546709307474401 ], [ -0.203502884364712, 51.546776031818901 ], [ -0.203700949695321, 51.546962394747403 ], [ -0.213486677002519, 51.555190932925498 ], [ -0.210010591854248, 51.5567513775583 ], [ -0.208837483626681, 51.555725534843603 ], [ -0.205967497609692, 51.556430322673002 ], [ -0.205779562107332, 51.555318578663602 ], [ -0.199371628065116, 51.556190033074998 ], [ -0.199511261882767, 51.557075466327397 ], [ -0.198306945833702, 51.5588578871156 ], [ -0.197910579489715, 51.559129880706799 ], [ -0.197499322530845, 51.5588659138918 ], [ -0.196774850407015, 51.559154625597102 ], [ -0.196725787066427, 51.560697477918502 ], [ -0.194826941676313, 51.5604838797695 ], [ -0.192289418180666, 51.5615566878419 ], [ -0.19112299287364, 51.561656106098802 ], [ -0.190346428902951, 51.5628715401687 ], [ -0.189645232895486, 51.565216518523798 ], [ -0.187142764903119, 51.566155598977403 ], [ -0.18614246183503, 51.566923401369003 ], [ -0.183760636968241, 51.567468284927699 ], [ -0.183387915108403, 51.567767620046901 ], [ -0.183672475063841, 51.5679568470063 ], [ -0.182112167413734, 51.568726020875999 ], [ -0.180817586719776, 51.569404504567203 ], [ -0.180986768865558, 51.569672919689701 ], [ -0.178303613645725, 51.570016914932403 ], [ -0.178121993180716, 51.570512668508698 ], [ -0.174381521111108, 51.569256154506597 ], [ -0.17371380158551, 51.5699027892435 ], [ -0.173376244818278, 51.571087309761801 ], [ -0.17123183297214, 51.572418251471703 ], [ -0.167287288028304, 51.5729628336939 ] ] ] } },
{ "type": "Feature", "properties": { "borough_name": "Croydon", "median_house_price": 400000, "median_earnings": 37000, "affordability_ratio": 10.8, "affordability_category": "Moderate", "is_se_london": true, "vs_london_avg": -18.9 }, "geometry": { "type": "Polygon", "coordinates": [ [ [ -0.109259088108701, 51.4231778564614 ], [ -0.105962230700077, 51.4225943322432 ], [ -0.096883073011681, 51.422670081790301 ], [ -0.094862705879843, 51.422820208902998 ], [ -0.092701970567971, 51.422553814762303 ], [ -0.088337502305502, 51.420005497344697 ], [ -0.086283457047553, 51.419283730948997 ], [ -0.083218331775642, 51.419739840572397 ], [ -0.078557367172468, 51.419874212229701 ], [ -0.0810832477316, 51.417305078200201 ], [ -0.080760150463254, 51.416044232324801 ], [ -0.080367622539294, 51.415541086772201 ], [ -0.076483260638463, 51.414426926893803 ], [ -0.075149028283919, 51.4135416240238 ], [ -0.072742654981949, 51.412689434087397 ], [ -0.073522349864371, 51.410562280487198 ], [ -0.072835001981434, 51.408485696998603 ], [ -0.069961087262218, 51.4060024002709 ], [ -0.068570857212846, 51.4038405831106 ], [ -0.066502605048073, 51.402632252341803 ], [ -0.064479542059806, 51.402036835422003 ], [ -0.064617418414843, 51.401721888663303 ], [ -0.063758260534189, 51.401568854501399 ], [ -0.062219878291123, 51.401548269626701 ], [ -0.060140431594244, 51.399565193292702 ], [ -0.060529651305876, 51.399138507522402 ], [ -0.059415066545346, 51.399230614398 ], [ -0.056786684889777, 51.400530106229297 ], [ -0.052930719590951, 51.401436532005299 ], [ -0.050608425184493, 51.399524183034003 ], [ -0.052107439613555, 51.3982590132212 ], [ -0.050816383196433, 51.397652118888601 ], [ -0.050418767609256, 51.398013082970401 ], [ -0.051018562463948, 51.396986502064699 ], [ -0.053472971445705, 51.394915072676902 ], [ -0.052588997640918, 51.394617522512704 ], [ -0.052425479088928, 51.394154030937599 ], [ -0.051702386523669, 51.393995864990103 ], [ -0.051247886020554, 51.393471158699199 ], [ -0.048056018265539, 51.393142736291203 ], [ -0.046815732084414, 51.391838970759501 ], [ -0.046168262035516, 51.392017480389903 ], [ -0.044920483856368, 51.390698411475199 ], [ -0.042816349478764, 51.389462605796297 ], [ -0.036523498687031, 51.388431537429497 ], [ -0.037841593035317, 51.383267037771901 ], [ -0.036957675105989, 51.378962494462101 ], [ -0.036359696688744, 51.379010385472199 ], [ -0.036778811309898, 51.376996437342399 ], [ -0.029815870667155, 51.377338044414898 ], [ -0.028346728272199, 51.378102715586003 ], [ -0.027973693923831, 51.379363082783499 ], [ -0.026766677936386, 51.379375934532902 ], [ -0.026113815619633, 51.376489292878603 ], [ -0.023591699075653, 51.372227423076502 ], [ -0.023103726904302, 51.367017024593899 ], [ -0.024460503421429, 51.3667679483531 ], [ -0.023567732215728, 51.3652909210399 ], [ -0.02227173696573, 51.3658834750306 ], [ -0.019780278866345, 51.3636334962193 ], [ -0.018876577946746, 51.362741384289798 ], [ -0.018288914449901, 51.361236386166503 ], [ -0.015558314453871, 51.358812748340704 ], [ -0.013145941722948, 51.357230639431002 ], [ -0.011768170370166, 51.3572474098616 ], [ -0.008560608617777, 51.355757882687598 ], [ -0.005308686410233, 51.352575184033903 ], [ -0.004616876397865, 51.3495931010495 ], [ -0.00296005106078, 51.345519348066297 ], [ 0.000863843200219, 51.333602271015998 ], [ 0.00331330491657, 51.332155042077297 ], [ 0.002939907001124, 51.330408906810199 ], [ 0.002173106225274, 51.329778274487801 ], [ 0.002255311924003, 51.329134835034303 ], [ -0.000502893170894, 51.328778376147199 ], [ -0.001676611910694, 51.330307400608802 ], [ -0.007209099414617, 51.333387278020901 ], [ -0.007127736908091, 51.333739757808601 ], [ -0.009660684794607, 51.333928423277897 ], [ -0.010946568544375, 51.333675869830302 ], [ -0.010725759232045, 51.333083245763298 ], [ -0.011902236908005, 51.332954259130297 ], [ -0.013639783649025, 51.331531332569497 ], [ -0.014316511970413, 51.329772094697603 ], [ -0.016037002022286, 51.332051661241103 ], [ -0.017238445166242, 51.332987882879401 ], [ -0.017860241185599, 51.333017271287801 ], [ -0.020587677954189, 51.337202565985997 ], [ -0.022150177446984, 51.338130856262502 ], [ -0.026129713879683, 51.338545852786098 ], [ -0.030778935695828, 51.337471958922499 ], [ -0.032821632098463, 51.337415374909703 ], [ -0.034508889774446, 51.338083027773202 ], [ -0.03792008544979, 51.338724744213103 ], [ -0.039645197647037, 51.337476636256199 ], [ -0.041986458690276, 51.333860172854898 ], [ -0.046606219077459, 51.333538465043198 ], [ -0.048489358728551, 51.3328018471639 ], [ -0.050277134216505, 51.332637810859197 ], [ -0.050072201013776, 51.332052523587599 ], [ -0.051041957677755, 51.331593866995803 ], [ -0.051080881206983, 51.330845334001403 ], [ -0.048749277235619, 51.328718416392199 ], [ -0.04906986122656, 51.328607683710402 ], [ -0.047828029037527, 51.326509685884602 ], [ -0.047868739591303, 51.325245056528999 ], [ -0.049765431954347, 51.3252667063242 ], [ -0.051266737528513, 51.323438220167297 ], [ -0.051307078509095, 51.322447895544002 ], [ -0.052481054725589, 51.3223819176078 ], [ -0.054882360924237, 51.321257312445397 ], [ -0.05625160319741, 51.321664021091998 ], [ -0.05839242868016, 51.320382980264 ], [ -0.060657578918395, 51.3200643947212 ], [ -0.062078883038192, 51.319200288438303 ], [ -0.063986142890024, 51.3186400218584 ], [ -0.070067351074045, 51.318900040376299 ], [ -0.071019782508098, 51.321223831365501 ], [ -0.074939654532971, 51.320237059801798 ], [ -0.07891302057719, 51.319769939649902 ], [ -0.078834989338555, 51.318097731293498 ], [ -0.080178864625196, 51.317841890413398 ], [ -0.081504185150613, 51.316722388309103 ], [ -0.082236628112553, 51.316946537755598 ], [ -0.083661900607565, 51.316650667360697 ], [ -0.083591305618743, 51.316382491499198 ], [ -0.08480233810149, 51.3158671898425 ], [ -0.081893019242152, 51.312609027805202 ], [ -0.08193167569138, 51.310647289456298 ], [ -0.086577509067691, 51.308859090927598 ], [ -0.088403194501017, 51.3076010374796 ], [ -0.088825065361474, 51.307218550665098 ], [ -0.088731978774133, 51.305104561735803 ], [ -0.089705635005436, 51.303974807388897 ], [ -0.0907164784731, 51.303953535634797 ], [ -0.091171623040073, 51.303391685983698 ], [ -0.090876382702567, 51.303177306932497 ], [ -0.091167939853, 51.301472540506801 ], [ -0.094386820312804, 51.300613082667503 ], [ -0.096030679716077, 51.301518455993303 ], [ -0.097377226547858, 51.301114022546201 ], [ -0.097244716753407, 51.300295367638697 ], [ -0.095775630398362, 51.299601529326701 ], [ -0.094324198537707, 51.299353965155703 ], [ -0.101139812864712, 51.296286656172697 ], [ -0.103002061304601, 51.295859049587698 ], [ -0.111052160513274, 51.292252625083997 ], [ -0.114822643097836, 51.292433928150999 ], [ -0.11459423934746, 51.291532765693397 ], [ -0.115116335573028, 51.291463853101099 ], [ -0.115805363546077, 51.2906448866215 ], [ -0.116939969218837, 51.289487790681399 ], [ -0.117787425992582, 51.287182023212303 ], [ -0.124301850029936, 51.286790404081401 ], [ -0.126049064187005, 51.288403122976703 ], [ -0.126334941616266, 51.289664234567802 ], [ -0.130288175940541, 51.292888834766998 ], [ -0.131330311011781, 51.294624593658298 ], [ -0.131041131226239, 51.295475816816797 ], [ -0.134356098974276, 51.298375545817102 ], [ -0.136167490809852, 51.298278924449697 ], [ -0.137213219898507, 51.300741561184502 ], [ -0.140864570872737, 51.299575555165099 ], [ -0.142838994720194, 51.300025020483503 ], [ -0.143577997575923, 51.301244558424102 ], [ -0.144422911498295, 51.300541189216297 ], [ -0.144852109926054, 51.300712594572701 ], [ -0.145625132209915, 51.299828251987002 ], [ -0.148451766086654, 51.3007038065684 ], [ -0.149496204705973, 51.300700526338403 ], [ -0.149814608176425, 51.300203818548603 ], [ -0.151023184109817, 51.3007219321699 ], [ -0.1533605098568, 51.301677866669301 ], [ -0.155317700345265, 51.301274394666798 ], [ -0.156684009548237, 51.303589012533799 ], [ -0.157735020247375, 51.304427510380101 ], [ -0.15502334068093, 51.305791251901098 ], [ -0.154509145189696, 51.306448603073797 ], [ -0.156415768237732, 51.306452546193199 ], [ -0.157163054818694, 51.306708921756098 ], [ -0.154315337506222, 51.310317896513801 ], [ -0.156228082869366, 51.310420826044499 ], [ -0.158330470681896, 51.310985391411897 ], [ -0.157169626485771, 51.313389760325101 ], [ -0.159314119284191, 51.3159558552736 ], [ -0.159581019661147, 51.317104873663702 ], [ -0.160481487671816, 51.316872588890597 ], [ -0.161177375768629, 51.317522903806498 ], [ -0.161879752207213, 51.319625705022801 ], [ -0.156523624561657, 51.321485287172102 ], [ -0.152720892895178, 51.323000343299903 ], [ -0.152070678446811, 51.322271336367301 ], [ -0.150677617675547, 51.3221683825127 ], [ -0.149003761414741, 51.322801560053598 ], [ -0.147930696732596, 51.322683042738298 ], [ -0.14557670392873, 51.323492954998301 ], [ -0.144232252932735, 51.325929033156598 ], [ -0.144411359169946, 51.326464768138898 ], [ -0.149188030596626, 51.328845911375502 ], [ -0.144071412377831, 51.330690769794899 ], [ -0.145594430642885, 51.332454960522902 ], [ -0.147483922501982, 51.338798017282102 ], [ -0.144463895734416, 51.339511393420501 ], [ -0.144280389204621, 51.340218945354202 ], [ -0.143458983799658, 51.340539018991898 ], [ -0.144576133845834, 51.342087666098003 ], [ -0.14418241887013, 51.3422910549303 ], [ -0.141531530744641, 51.343413188362398 ], [ -0.136869320555868, 51.3447201194165 ], [ -0.136340896567951, 51.344791260503698 ], [ -0.136253021585845, 51.3444076893119 ], [ -0.132484895636453, 51.344272486220603 ], [ -0.132864027644778, 51.345434246332097 ], [ -0.131092308834141, 51.345470849385002 ], [ -0.131418656486028, 51.346024647990902 ], [ -0.128964281487169, 51.346582333818603 ], [ -0.128851811718693, 51.347270621607201 ], [ -0.128347393422096, 51.347450570044501 ], [ -0.127513725712915, 51.3474467194089 ], [ -0.127279014929812, 51.347091139907803 ], [ -0.126854880054177, 51.344864425550597 ], [ -0.125875453491107, 51.3452327712711 ], [ -0.118898161446538, 51.345577150951797 ], [ -0.118678553663495, 51.345847704505999 ], [ -0.117284836311771, 51.345666615086998 ], [ -0.116842029977448, 51.345762860010197 ], [ -0.116934258986665, 51.346680478742201 ], [ -0.117378055521415, 51.3466490361726 ], [ -0.118624594642974, 51.351842451153402 ], [ -0.11909473537565, 51.353137983466603 ], [ -0.12014903106093, 51.353027614434502 ], [ -0.121373975745096, 51.357740189806897 ], [ -0.124188829561267, 51.357414293375399 ], [ -0.124554967689601, 51.3583633060558 ], [ -0.124591346813467, 51.358872954386797 ], [ -0.123470691200314, 51.359154132226301 ], [ -0.123318616959913, 51.358903957416999 ], [ -0.121894540634818, 51.3590717234243 ], [ -0.12288486825092, 51.359924027347198 ], [ -0.121816937190466, 51.359977081552898 ], [ -0.122014136100827, 51.360963977253199 ], [ -0.121366806670331, 51.361039998948101 ], [ -0.12140265279712, 51.362343764026797 ], [ -0.120903500493868, 51.363307775360497 ], [ -0.12130137633784, 51.3647268946971 ], [ -0.122336988661194, 51.364521311723301 ], [ -0.124116081766397, 51.365350152366403 ], [ -0.122078281656429, 51.3657541785593 ], [ -0.123326780930294, 51.371198441553297 ], [ -0.124745912217793, 51.372936504301101 ], [ -0.124762057193566, 51.373686342245897 ], [ -0.127842352848183, 51.374741027870797 ], [ -0.126674514578055, 51.374915273126099 ], [ -0.126834723541615, 51.375466420419798 ], [ -0.125840985080286, 51.375599282022101 ], [ -0.126732898500071, 51.377068145773201 ], [ -0.128049150500356, 51.380475150353 ], [ -0.130261888492008, 51.3822140386334 ], [ -0.128648796741574, 51.382493455276602 ], [ -0.129514898946542, 51.385300681229403 ], [ -0.128760011133675, 51.385643118881198 ], [ -0.130632294439637, 51.386268199237797 ], [ -0.129566505009285, 51.387230982810301 ], [ -0.133234752312872, 51.389552115018603 ], [ -0.13261288844745, 51.390124934831903 ], [ -0.134321993903791, 51.390847067097802 ], [ -0.134257564459517, 51.390919165112301 ], [ -0.128727428770065, 51.3935021015864 ], [ -0.129652233327207, 51.393652163209197 ], [ -0.124139637510634, 51.397609568876597 ], [ -0.12465030667513, 51.398097385459202 ], [ -0.125681408571826, 51.398324112514501 ], [ -0.125398398024585, 51.398826332631103 ], [ -0.127712992732134, 51.401468638096297 ], [ -0.130445542440792, 51.4032741423229 ], [ -0.131456540014508, 51.404934786984803 ], [ -0.132302969076169, 51.406808401769197 ], [ -0.132077065227153, 51.409202658889903 ], [ -0.129456084681713, 51.409574481406104 ], [ -0.128485181981585, 51.410991486789698 ], [ -0.128172719102879, 51.4109379450802 ], [ -0.127724902236922, 51.412316331520998 ], [ -0.126832475641387, 51.412698925462799 ], [ -0.126236483923793, 51.412929567870002 ], [ -0.12576501462844, 51.412631303340902 ], [ -0.124452089727923, 51.413365416134702 ], [ -0.124080514586188, 51.414596917257498 ], [ -0.122491042995267, 51.415026994964002 ], [ -0.119813449955782, 51.4188016665763 ], [ -0.115592254616413, 51.420631425005602 ], [ -0.112632832695885, 51.423242375622799 ], [ -0.109259088108701, 51.4231778564614 ] ] ] } },
{ "type": "Feature", "properties": { "borough_name": "Ealing", "median_house_price": 540000, "median_earnings": 40000, "affordability_ratio": 13.5, "affordability_category": "Stretched", "is_se_london": false, "vs_london_avg": 1.4 }, "geometry": { "type": "Polygon", "coordinates": [ [ [ -0.327006121250583, 51.555030813055801 ], [ -0.317660624976379, 51.551568523466699 ], [ -0.312526297881848, 51.5490280869369 ], [ -0.311479130831358, 51.547566185223403 ], [ -0.308646363923526, 51.5464674091861 ], [ -0.30711297450527, 51.545329831575401 ], [ -0.308875232096934, 51.545207338892801 ], [ -0.30798663079506, 51.544414081851897 ], [ -0.308517711348242, 51.543198699705101 ], [ -0.30471803763841, 51.5398588726963 ], [ -0.305948608561015, 51.539366934718103 ], [ -0.306264604133883, 51.534176990897897 ], [ -0.307453582279767, 51.5330870588732 ], [ -0.302704988863715, 51.531986531319298 ], [ -0.299852310864077, 51.533082361637199 ], [ -0.29644758037209, 51.535258693136903 ], [ -0.295755469146931, 51.535291191592002 ], [ -0.295165606298529, 51.534877155029299 ], [ -0.293396270410537, 51.534928050378497 ], [ -0.28662990656124, 51.536784036138002 ], [ -0.282457376588103, 51.538648676889501 ], [ -0.281817393753696, 51.538106735292303 ], [ -0.277769393804216, 51.535071512467198 ], [ -0.278116622846963, 51.534550729925598 ], [ -0.278485381698495, 51.534583259511201 ], [ -0.278964094642898, 51.533227503345501 ], [ -0.280959450006156, 51.532588144190498 ], [ -0.281484072796813, 51.533230975507401 ], [ -0.283479177993753, 51.532807958190503 ], [ -0.284012385062602, 51.533531618950398 ], [ -0.289382581578878, 51.531682840175897 ], [ -0.285725746983936, 51.529171973656901 ], [ -0.282957482400945, 51.528845906513297 ], [ -0.280371852466567, 51.528346793541097 ], [ -0.279224530348024, 51.5287808167568 ], [ -0.274570643111017, 51.5295586321472 ], [ -0.27044563007722, 51.530046595966098 ], [ -0.270271216631839, 51.529766707056403 ], [ -0.269680388783758, 51.530001610497102 ], [ -0.26857417728811, 51.529822683343099 ], [ -0.266251288494755, 51.530687200433903 ], [ -0.264866861432509, 51.531571635717498 ], [ -0.264760943844658, 51.532158442027303 ], [ -0.263318394674117, 51.532668463304397 ], [ -0.260353373764622, 51.534492769273299 ], [ -0.257740996366156, 51.535367313913198 ], [ -0.256545918476375, 51.534966294053397 ], [ -0.255985074110447, 51.533949885661102 ], [ -0.255644957835788, 51.533978982743697 ], [ -0.250877874536536, 51.533879504731999 ], [ -0.250752237107332, 51.534147433669801 ], [ -0.247265526070007, 51.533489861332498 ], [ -0.246281570983423, 51.532737510347197 ], [ -0.246975847906357, 51.531777589259399 ], [ -0.245256656076301, 51.531218227193797 ], [ -0.245390921561337, 51.531042059796 ], [ -0.246999780702846, 51.530688876347803 ], [ -0.249870747418338, 51.528870059004298 ], [ -0.250555873501414, 51.527811548825198 ], [ -0.250331435289123, 51.527059905155802 ], [ -0.252538390202769, 51.524986822060498 ], [ -0.251768043195903, 51.522117086543602 ], [ -0.250319092816483, 51.520185238057202 ], [ -0.250690282885466, 51.519200604853197 ], [ -0.2489713522111, 51.513890601518597 ], [ -0.246435348971348, 51.510822301560196 ], [ -0.245134655699555, 51.5067695967454 ], [ -0.246466730937967, 51.506743077435601 ], [ -0.245673763200907, 51.5046286106463 ], [ -0.247972376286306, 51.5043611670499 ], [ -0.248089807238703, 51.504609087097002 ], [ -0.249256438152769, 51.504442215397098 ], [ -0.249421747147641, 51.504677136504696 ], [ -0.249917977859926, 51.5044346069281 ], [ -0.251079138134178, 51.5046508778778 ], [ -0.252483672614707, 51.504496673414003 ], [ -0.252525892049911, 51.5047136133471 ], [ -0.253751509949108, 51.504551289762802 ], [ -0.253670894390568, 51.504284501297398 ], [ -0.255064221072407, 51.5043292502531 ], [ -0.25336434429858, 51.5028933110964 ], [ -0.253040909966186, 51.5014223351426 ], [ -0.252771583657548, 51.499888498096603 ], [ -0.255606406879975, 51.496033357943702 ], [ -0.255422123395226, 51.494978344816502 ], [ -0.261483309223535, 51.4946413215647 ], [ -0.267676633366511, 51.493919252122502 ], [ -0.269061038858674, 51.494026321844501 ], [ -0.271303045031441, 51.494801357303501 ], [ -0.272401695976202, 51.496156209187198 ], [ -0.274176319018755, 51.497292792913001 ], [ -0.277402382334547, 51.499086462841603 ], [ -0.280772402092, 51.502847528293998 ], [ -0.285711510361579, 51.500783730423699 ], [ -0.288668716199761, 51.500832417902402 ], [ -0.293897823008893, 51.501577556139502 ], [ -0.300669386722828, 51.499329225633304 ], [ -0.299946959438523, 51.497856013592198 ], [ -0.297537161815247, 51.494884715273201 ], [ -0.301132918675038, 51.494405563262902 ], [ -0.301377122233943, 51.495194214836701 ], [ -0.305851829897637, 51.496182883424098 ], [ -0.305431203745424, 51.4945373630636 ], [ -0.308405375534104, 51.493574123245402 ], [ -0.311911168808834, 51.491971458578 ], [ -0.313884658435713, 51.493608092620498 ], [ -0.314388695555614, 51.493457122554602 ], [ -0.315085314491169, 51.4939643857658 ], [ -0.31446791118935, 51.494357298189698 ], [ -0.315712070935597, 51.495348248359797 ], [ -0.31528026854231, 51.495554854854099 ], [ -0.315794343146763, 51.495907347213603 ], [ -0.31918147076384, 51.494217301063699 ], [ -0.323414300516202, 51.495896588795198 ], [ -0.323898551965763, 51.495716562394598 ], [ -0.324675743393902, 51.495993760158001 ], [ -0.326127384627688, 51.495003656576799 ], [ -0.327341220314482, 51.496002413991 ], [ -0.329945002137216, 51.495020532450397 ], [ -0.331231243629166, 51.495509558673099 ], [ -0.335117279502069, 51.496147443755099 ], [ -0.335264555913964, 51.496157913634697 ], [ -0.335375051379258, 51.496165767812997 ], [ -0.342278725726975, 51.495987795627201 ], [ -0.349708960195708, 51.498981455969499 ], [ -0.350619148399036, 51.499106657996798 ], [ -0.358052570966066, 51.4977679753258 ], [ -0.36187789583015, 51.496087419235899 ], [ -0.363117893266542, 51.495875778644603 ], [ -0.363734025283402, 51.4946959793673 ], [ -0.365363324880322, 51.4933136777424 ], [ -0.365794059745001, 51.493653907532099 ], [ -0.366986978925952, 51.4928033794531 ], [ -0.368354836430718, 51.492298901589699 ], [ -0.367912694991677, 51.491789160033797 ], [ -0.371851047191365, 51.490476155831502 ], [ -0.371919091997922, 51.490990556304503 ], [ -0.37249726445803, 51.491027705070898 ], [ -0.373809044711411, 51.491960150161901 ], [ -0.375012564856431, 51.493996026163302 ], [ -0.375823922335663, 51.495391611763999 ], [ -0.377903011367198, 51.495469301243503 ], [ -0.377876677159829, 51.4966066463979 ], [ -0.381841111112896, 51.495224000890701 ], [ -0.384546938967056, 51.494683056111803 ], [ -0.386575408414563, 51.4946852999661 ], [ -0.389375031127265, 51.495157935940398 ], [ -0.406918399587474, 51.4996663980547 ], [ -0.403833880792223, 51.502919392303298 ], [ -0.403819232556505, 51.5029338451576 ], [ -0.402859076450413, 51.5035818373252 ], [ -0.40023371074684, 51.504292709288102 ], [ -0.393513489171671, 51.507011729805903 ], [ -0.390422060131917, 51.513204562644198 ], [ -0.38911607191857, 51.514665169924399 ], [ -0.384947709027511, 51.516373685094003 ], [ -0.383430006100638, 51.517488579251101 ], [ -0.381788639446717, 51.518620424887303 ], [ -0.376145316078738, 51.524945206298 ], [ -0.376371680549652, 51.5288849029048 ], [ -0.380996722618005, 51.529411695134797 ], [ -0.386642781660345, 51.5303991552898 ], [ -0.387115192662479, 51.529574212276103 ], [ -0.389276233506824, 51.530802710327897 ], [ -0.392648908258066, 51.531448842194699 ], [ -0.405321733528102, 51.533220590957399 ], [ -0.411049520079079, 51.534290185887798 ], [ -0.411845422020107, 51.534072813740899 ], [ -0.41222056534672, 51.534494686005402 ], [ -0.413487345767395, 51.534712023440399 ], [ -0.413819749243935, 51.535743840800301 ], [ -0.414763950786028, 51.5359758704464 ], [ -0.415306149337927, 51.536556582752901 ], [ -0.417431210773785, 51.536646155358298 ], [ -0.417489782128102, 51.537838703997302 ], [ -0.41937990160405, 51.538261908503799 ], [ -0.419548090734817, 51.538706229929304 ], [ -0.418159934292837, 51.539154039112802 ], [ -0.41938850960014, 51.5399090590127 ], [ -0.419461122189951, 51.540314912172001 ], [ -0.418586413502544, 51.540221966629602 ], [ -0.4162187707012, 51.540210243711797 ], [ -0.405008718566556, 51.5424900668379 ], [ -0.397831391499307, 51.542329965337302 ], [ -0.395285532006663, 51.542551633739599 ], [ -0.39634437286305, 51.545704061606699 ], [ -0.396540579884704, 51.5459670738746 ], [ -0.397890417634814, 51.545666927953597 ], [ -0.398706173814887, 51.547897360632803 ], [ -0.394879242969686, 51.547646582227699 ], [ -0.394986043334604, 51.548038709592298 ], [ -0.394946979967999, 51.548731278600698 ], [ -0.394210632799448, 51.548614495921498 ], [ -0.392796401622069, 51.548968942288397 ], [ -0.385035861073689, 51.551258605121802 ], [ -0.377656412711582, 51.554699566651699 ], [ -0.377843376019978, 51.554977064428499 ], [ -0.375881513503431, 51.553084604915 ], [ -0.373342930044203, 51.554096409398397 ], [ -0.372863810973885, 51.553748821697297 ], [ -0.362519599314103, 51.556043174824701 ], [ -0.362674841911475, 51.556328832956098 ], [ -0.362125241303673, 51.556610755402197 ], [ -0.362300315676161, 51.557248360233402 ], [ -0.347548976989506, 51.559657396323203 ], [ -0.345611192404932, 51.558450152429202 ], [ -0.343605546201471, 51.557717026726799 ], [ -0.338302842811169, 51.5572258470797 ], [ -0.335555531666752, 51.556556900042999 ], [ -0.327006121250583, 51.555030813055801 ] ] ] } },
{ "type": "Feature", "properties": { "borough_name": "Enfield", "median_house_price": 450000, "median_earnings": 36000, "affordability_ratio": 12.5, "affordability_category": "Stretched", "is_se_london": false, "vs_london_avg": -6.1 }, "geometry": { "type": "Polygon", "coordinates": [ [ [ -0.078958605823473, 51.6888434942339 ], [ -0.067149500841317, 51.684055533611001 ], [ -0.062088958613704, 51.682976680445101 ], [ -0.057013288148894, 51.682973290373397 ], [ -0.051704384247309, 51.683537004041199 ], [ -0.049308511292549, 51.684243875912401 ], [ -0.048935774245396, 51.684017010227997 ], [ -0.048319293589678, 51.684077008458203 ], [ -0.047059162780053, 51.683439179863797 ], [ -0.043657660992124, 51.683352006289603 ], [ -0.043671520466542, 51.683096836235997 ], [ -0.033392079363469, 51.6824944730566 ], [ -0.028376558494719, 51.6823321333287 ], [ -0.019771644886478, 51.681151500945603 ], [ -0.011918675972722, 51.680877815578803 ], [ -0.011065531663586, 51.680869680367898 ], [ -0.010328400630865, 51.676664670380397 ], [ -0.011350626156268, 51.671918472361902 ], [ -0.011370633866315, 51.670702069393798 ], [ -0.010558470016679, 51.6691370613039 ], [ -0.01121851043339, 51.667605948857698 ], [ -0.011493971903537, 51.6638912476716 ], [ -0.009831423056554, 51.661770450958201 ], [ -0.009085348924295, 51.661008748672401 ], [ -0.008940845944789, 51.660217584645899 ], [ -0.011779748543052, 51.653035376236197 ], [ -0.011837262569655, 51.648847510907501 ], [ -0.012259687054712, 51.6462286971895 ], [ -0.013308672804058, 51.639694939183002 ], [ -0.014780074497915, 51.636738787193501 ], [ -0.016809081916336, 51.633528898308001 ], [ -0.023392602891501, 51.625278438976103 ], [ -0.024024617370562, 51.624643965458198 ], [ -0.025937770522075, 51.621742822756502 ], [ -0.032099060686343, 51.616864749898902 ], [ -0.035322450190773, 51.612984250686203 ], [ -0.035493760635627, 51.611963931509301 ], [ -0.034056097371644, 51.610215410449598 ], [ -0.033946652048461, 51.609503860790802 ], [ -0.0352240727947, 51.608268208466903 ], [ -0.041390716789704, 51.605646785333803 ], [ -0.049738959161675, 51.607241662336797 ], [ -0.052870673643686, 51.608110623042897 ], [ -0.05287709551283, 51.608517233507698 ], [ -0.054510492480038, 51.608887324096699 ], [ -0.065227067297729, 51.608586900789597 ], [ -0.067099926897253, 51.608949129212903 ], [ -0.06747692770345, 51.608639892070002 ], [ -0.068012982597083, 51.608816883420999 ], [ -0.07645565528358, 51.6084141668222 ], [ -0.085599900163588, 51.608473295308798 ], [ -0.091420524193225, 51.608796135541802 ], [ -0.092466312943835, 51.6090909194562 ], [ -0.09245345325932, 51.6088502779835 ], [ -0.093531005183422, 51.608990882082502 ], [ -0.095158867573564, 51.608658071695103 ], [ -0.095764753366309, 51.609299153138601 ], [ -0.09766249221828, 51.608918556962102 ], [ -0.097466237451938, 51.6085174711272 ], [ -0.101758394146256, 51.6084924954352 ], [ -0.10251433515093, 51.608044166250899 ], [ -0.103909387864823, 51.608440468777601 ], [ -0.109874618404933, 51.608255614257402 ], [ -0.110810160840815, 51.608614682821099 ], [ -0.114451348824525, 51.608402545812403 ], [ -0.115623936822363, 51.608422137844698 ], [ -0.117261438661317, 51.608437324363202 ], [ -0.117473531407303, 51.608206085833999 ], [ -0.118730148124378, 51.608654131286301 ], [ -0.119177944677202, 51.608366621599203 ], [ -0.123486921645039, 51.608675846042303 ], [ -0.124952382805924, 51.609948304068503 ], [ -0.125367280948487, 51.610020556816202 ], [ -0.126319947661221, 51.609306941108301 ], [ -0.127655039084833, 51.609411453658801 ], [ -0.135201500406691, 51.611218346288901 ], [ -0.13870599645949, 51.610185787169598 ], [ -0.144495116086128, 51.615509012540002 ], [ -0.142033436761903, 51.616280313150298 ], [ -0.141280141848118, 51.617536308745102 ], [ -0.140510959970912, 51.617812497420203 ], [ -0.135414260825638, 51.621773182263503 ], [ -0.13550408904142, 51.622399826988399 ], [ -0.135038624367985, 51.6223521411966 ], [ -0.133367605018605, 51.6263829987356 ], [ -0.132382695136261, 51.627192927156599 ], [ -0.130433723336039, 51.629316059011302 ], [ -0.131140467535019, 51.629686252407303 ], [ -0.130164336884496, 51.631021107465799 ], [ -0.129777355277638, 51.630963031312596 ], [ -0.129093931888576, 51.632265448949703 ], [ -0.131151513163669, 51.6325555124102 ], [ -0.133268988148714, 51.6332675843205 ], [ -0.133973004242258, 51.634039573102399 ], [ -0.134419873045012, 51.633968768834997 ], [ -0.134519087894358, 51.634694346242597 ], [ -0.138390317321999, 51.636526446512498 ], [ -0.140218565378925, 51.637491197160998 ], [ -0.142287195835033, 51.639310442811599 ], [ -0.145018211811139, 51.642631934391098 ], [ -0.147828669765554, 51.642066514967397 ], [ -0.149177112640303, 51.645314608852502 ], [ -0.151633768800624, 51.645323612337798 ], [ -0.151553768084585, 51.645631576356003 ], [ -0.152121725260164, 51.645800676961301 ], [ -0.151073662911712, 51.647243742222301 ], [ -0.152305333335256, 51.647636661022801 ], [ -0.152227734646964, 51.647966539007101 ], [ -0.149867893303145, 51.6488102893654 ], [ -0.150945059827264, 51.650086532318198 ], [ -0.152255166652095, 51.649824622514799 ], [ -0.152559219537259, 51.651458290618798 ], [ -0.153528050372264, 51.652706133773499 ], [ -0.154003874045977, 51.652589923320697 ], [ -0.154194094765218, 51.652966105803102 ], [ -0.153394151370422, 51.653305497614802 ], [ -0.153597680161817, 51.654540022895901 ], [ -0.154617002987458, 51.654978969982999 ], [ -0.154731838818758, 51.655545145184902 ], [ -0.160438298208452, 51.656764000515103 ], [ -0.163545248331555, 51.658206976980601 ], [ -0.165094435804148, 51.658259997763402 ], [ -0.175562038131118, 51.6605995788209 ], [ -0.185865830553031, 51.6628363033917 ], [ -0.185418360023203, 51.663536305187201 ], [ -0.181960815257973, 51.668683195615401 ], [ -0.176711532649631, 51.672099680876698 ], [ -0.177006406653406, 51.672679787723602 ], [ -0.176385934213631, 51.6726449816829 ], [ -0.17544074776966, 51.672592541500201 ], [ -0.175657873385423, 51.673163354093198 ], [ -0.175329656841394, 51.673449614664001 ], [ -0.174958661652237, 51.673215417622799 ], [ -0.172473163038003, 51.673091357025498 ], [ -0.163607105701444, 51.682403136594203 ], [ -0.163503792160564, 51.6859229098349 ], [ -0.163493271974568, 51.688115079665103 ], [ -0.158620017540002, 51.6873975703095 ], [ -0.152879933233878, 51.685799378240603 ], [ -0.149431383149735, 51.685509369394303 ], [ -0.14550724181459, 51.686135971361097 ], [ -0.139113366868024, 51.687999318745 ], [ -0.134649024825922, 51.688785326858898 ], [ -0.128764138745384, 51.688855936605101 ], [ -0.12206916750972, 51.688520596701501 ], [ -0.118204562432587, 51.689066130638402 ], [ -0.10976351970916, 51.691632502078498 ], [ -0.105779139838692, 51.691875645117896 ], [ -0.098400973597601, 51.690911032170298 ], [ -0.094829447384721, 51.6900978490428 ], [ -0.083889094799295, 51.689913387722399 ], [ -0.078958605823473, 51.6888434942339 ] ] ] } },
{ "type": "Feature", "properties": { "borough_name": "Greenwich", "median_house_price": 425000, "median_earnings": 38500, "affordability_ratio": 11.0, "affordability_category": "Moderate", "is_se_london": true, "vs_london_avg": -17.4 }, "geometry": { "type": "MultiPolygon", "coordinates": [ [ [ [ -0.020594270939253, 51.476696206768402 ], [ -0.020597064050108, 51.4766939283829 ], [ -0.020594628159673, 51.476708768686301 ], [ -0.020556103841502, 51.4767227431226 ], [ -0.020594270939253, 51.476696206768402 ] ] ], [ [ [ -0.0163906749291, 51.481464540656702 ], [ -0.017090035373682, 51.48041209694 ], [ -0.017801137969378, 51.480873247131903 ], [ -0.020400856411995, 51.480218969404099 ], [ -0.020308184536145, 51.4799137992933 ], [ -0.023040156598423, 51.479665193872599 ], [ -0.023281438657874, 51.480780826716099 ], [ -0.026365298265196, 51.481506826084903 ], [ -0.02576214354767, 51.482150796847897 ], [ -0.025167112582495, 51.4850232752365 ], [ -0.024713189485506, 51.485482807541203 ], [ -0.022701095103504, 51.484557259131698 ], [ -0.018825805489673, 51.483479654131699 ], [ -0.018134273466566, 51.481963811580997 ], [ -0.0163906749291, 51.481464540656702 ] ] ], [ [ [ 0.120527379275315, 51.5110987137327 ], [ 0.120975422868598, 51.500800296536099 ], [ 0.121296819006836, 51.491103219016601 ], [ 0.121297276515248, 51.491031305490701 ], [ 0.122056599256171, 51.483211363080699 ], [ 0.122044684713817, 51.482994744788002 ], [ 0.122030983008983, 51.482872684417998 ], [ 0.124191087369442, 51.476849019469697 ], [ 0.120899831917502, 51.4784543008303 ], [ 0.118471348826992, 51.478903135489603 ], [ 0.115509656416705, 51.476168151563797 ], [ 0.114011353800994, 51.475170336549297 ], [ 0.112477040296167, 51.473421017707302 ], [ 0.111985588823406, 51.473072433919697 ], [ 0.108189975969121, 51.476116806819697 ], [ 0.106176221247785, 51.475016310656102 ], [ 0.105654772306221, 51.475457352599101 ], [ 0.105202815614107, 51.475237695744298 ], [ 0.104903742646543, 51.475527679271998 ], [ 0.103352122161261, 51.474585942458098 ], [ 0.102507532877671, 51.474916516204999 ], [ 0.102005022359293, 51.474463799455698 ], [ 0.100257019805275, 51.475227885291702 ], [ 0.098244270803385, 51.475452421210498 ], [ 0.096575129628143, 51.473253843386303 ], [ 0.094484336193004, 51.473268145115803 ], [ 0.093199920624999, 51.472954036918502 ], [ 0.091314213734177, 51.472070952745597 ], [ 0.089125811165367, 51.470454304679599 ], [ 0.087053333042596, 51.4699702382851 ], [ 0.084808518065487, 51.468729952087102 ], [ 0.083238414138148, 51.466477001288503 ], [ 0.08231307420876, 51.466641315446203 ], [ 0.082133830391246, 51.464760713424297 ], [ 0.082628540143304, 51.463584434897498 ], [ 0.082255965297566, 51.461131273684202 ], [ 0.082942126220951, 51.459829504579503 ], [ 0.078671850601355, 51.459290124556098 ], [ 0.078881440682762, 51.4591287222242 ], [ 0.081504362061453, 51.457752798783503 ], [ 0.085732177121605, 51.456450310194597 ], [ 0.086855071574484, 51.450434622738001 ], [ 0.087871864886386, 51.448703555690898 ], [ 0.088075276334889, 51.447495774711101 ], [ 0.087414575108564, 51.445747101106697 ], [ 0.086369864884598, 51.445307187997798 ], [ 0.087426753747751, 51.443284343343599 ], [ 0.086306291750478, 51.443242483547699 ], [ 0.084734223703947, 51.442603477245797 ], [ 0.083018454057231, 51.443419993731801 ], [ 0.082993557261522, 51.442733600757002 ], [ 0.08446065688802, 51.441976763473903 ], [ 0.081812813904585, 51.439968370790801 ], [ 0.08088301283696, 51.440403949779501 ], [ 0.078824423634672, 51.438139211744698 ], [ 0.078466759592634, 51.437123237106697 ], [ 0.078457255702259, 51.4371129342938 ], [ 0.078438526592367, 51.437093173556697 ], [ 0.077839915020736, 51.436442425962397 ], [ 0.076569108653989, 51.436871710033898 ], [ 0.074973203195286, 51.4358667177193 ], [ 0.076530870048154, 51.434855679416998 ], [ 0.075901985748375, 51.434458308809802 ], [ 0.076400164765549, 51.434005683391497 ], [ 0.075692031387099, 51.4336248969515 ], [ 0.076105638823489, 51.433283547706601 ], [ 0.074668079800111, 51.432147241576097 ], [ 0.075360212261282, 51.431986652216402 ], [ 0.074860866927203, 51.4308144156442 ], [ 0.074374267706657, 51.431461578614901 ], [ 0.07335548443474, 51.431760750563797 ], [ 0.073079128724075, 51.431355045403301 ], [ 0.073476374936237, 51.431249236988499 ], [ 0.071700809037003, 51.429442638423502 ], [ 0.066619033298759, 51.426503496043601 ], [ 0.066581008507925, 51.426008502831301 ], [ 0.06415693293198, 51.4253335751294 ], [ 0.064461696456699, 51.4250338746644 ], [ 0.063138160633435, 51.424135047991797 ], [ 0.061705411141948, 51.423700370848103 ], [ 0.061006848212078, 51.425081894780497 ], [ 0.058599062055001, 51.424594651835598 ], [ 0.058207379616515, 51.424871508005197 ], [ 0.054432445306739, 51.427933102726698 ], [ 0.051057756949285, 51.431525136351901 ], [ 0.047998265279413, 51.433600015194301 ], [ 0.045137373854907, 51.436238142882402 ], [ 0.045190742030838, 51.436601403114203 ], [ 0.043335982866143, 51.437749021195202 ], [ 0.04217060629937, 51.439489820529197 ], [ 0.039754857228725, 51.440980859747803 ], [ 0.035526458675555, 51.442469105047103 ], [ 0.033503113460359, 51.443581949054497 ], [ 0.030549450079116, 51.444327948396399 ], [ 0.02937881550058, 51.441705419749198 ], [ 0.027886712143873, 51.441515391204597 ], [ 0.025580070341721, 51.441716424531599 ], [ 0.021505758619613, 51.442728262741902 ], [ 0.020622087486996, 51.4442061671297 ], [ 0.021521011968616, 51.444439243270601 ], [ 0.021242988028852, 51.446697723797101 ], [ 0.0229540613875, 51.447202582421298 ], [ 0.022418260885731, 51.448123786712003 ], [ 0.021979768529555, 51.448942642823503 ], [ 0.015100185138924, 51.450006787050299 ], [ 0.014932778810046, 51.450611242643397 ], [ 0.015131002164847, 51.450208205041399 ], [ 0.019885304897905, 51.450729717386999 ], [ 0.019559623229345, 51.4517097514371 ], [ 0.018350144785329, 51.451575241223303 ], [ 0.017548728810565, 51.455031931699203 ], [ 0.014035667057387, 51.455728150121303 ], [ 0.011510524862774, 51.456685204807201 ], [ 0.010438733529389, 51.458482152288298 ], [ 0.009903309947229, 51.459631403765002 ], [ 0.00909476022385, 51.465872998997902 ], [ 0.011536900815007, 51.466236010593001 ], [ 0.013265504975698, 51.4668390710127 ], [ 0.012700822773954, 51.467397276552703 ], [ 0.013088248700867, 51.468146676975699 ], [ 0.01261018328187, 51.469808513071001 ], [ 0.014364286694229, 51.4697465827158 ], [ 0.016357826077867, 51.468974621019498 ], [ 0.016543598888604, 51.469128996297101 ], [ 0.016703228587896, 51.469504460094797 ], [ 0.015529747155912, 51.4713161435416 ], [ 0.015001240868124, 51.473080944192901 ], [ 0.017962965802973, 51.473830034270698 ], [ 0.012113524804499, 51.473169158110302 ], [ -0.000897906415909, 51.471803079291 ], [ -0.00822948292332, 51.472760060596499 ], [ -0.012563312715011, 51.472343183894402 ], [ -0.014045390672563, 51.472670919994201 ], [ -0.014527606774103, 51.471903084985101 ], [ -0.015146623896796, 51.471749468872801 ], [ -0.013105950650346, 51.468939434410203 ], [ -0.015061544957288, 51.4680444328338 ], [ -0.01656170945901, 51.469260271716301 ], [ -0.016890630245839, 51.469072340464898 ], [ -0.017161299778418, 51.469327665140597 ], [ -0.019113782379194, 51.470008694071701 ], [ -0.019244583388524, 51.470506580688799 ], [ -0.01865868051687, 51.470686282072499 ], [ -0.019301366576188, 51.472036125728899 ], [ -0.020311854638684, 51.472305492612698 ], [ -0.019972964912654, 51.473001779780702 ], [ -0.021274720772263, 51.4737756677006 ], [ -0.022582174966601, 51.4741120063767 ], [ -0.022791955976765, 51.474466303067103 ], [ -0.022860801086087, 51.475312025255299 ], [ -0.022562098724953, 51.475358066840798 ], [ -0.022511475384868, 51.475354610977497 ], [ -0.021167233244782, 51.4752628404201 ], [ -0.020558952083838, 51.475658596789103 ], [ -0.020475421153782, 51.4765827349662 ], [ -0.0190008699189, 51.477048919868402 ], [ -0.019040352601767, 51.4776598703179 ], [ -0.019068824900354, 51.478100416193897 ], [ -0.019075935886213, 51.478210452042497 ], [ -0.018931227845332, 51.478447807601398 ], [ -0.01837125732817, 51.479366265036802 ], [ -0.01683168525822, 51.480097437235401 ], [ -0.015714293021139, 51.481637999471801 ], [ -0.014987899024091, 51.481746560413903 ], [ -0.017909272276251, 51.482547828530699 ], [ -0.017898863574545, 51.483195239292797 ], [ -0.016329235353942, 51.483227455758801 ], [ -0.016344805723233, 51.4829647852115 ], [ -0.015685219327671, 51.482928157321702 ], [ -0.015266318056778, 51.483131411232698 ], [ -0.013540607907524, 51.482896072017297 ], [ -0.011133825329247, 51.483021192955597 ], [ -0.011038989798979, 51.483315615588602 ], [ -0.011036564969555, 51.483323142865601 ], [ -0.009934061137254, 51.483603629774699 ], [ -0.007256184364094, 51.4837746095588 ], [ -0.004669637727204, 51.484574587588803 ], [ -0.004560841568032, 51.484608234640497 ], [ -0.004528346580009, 51.484614666410103 ], [ -0.003267935656618, 51.484864145421597 ], [ -0.00118027605593, 51.486320135757197 ], [ -0.000022564704655, 51.486730170067702 ], [ 0.001376035288817, 51.487814683476699 ], [ 0.002402572739559, 51.4895282867259 ], [ 0.00268731688451, 51.491865612434196 ], [ 0.00236993449316, 51.492987938764799 ], [ 0.001953951945309, 51.492913655456199 ], [ 0.001952011614789, 51.492919569867901 ], [ 0.001586084551416, 51.494035041502997 ], [ 0.000991058142618, 51.494411652107097 ], [ 0.001026831466499, 51.4951546294051 ], [ 0.00074893264659, 51.495070207238101 ], [ 0.000720387373359, 51.495442402667699 ], [ -0.00021422439767, 51.495228973419898 ], [ -0.000977942005944, 51.496277515937798 ], [ -0.002186248711071, 51.499841726797499 ], [ -0.002228878766234, 51.501270531806 ], [ -0.001888561716114, 51.501266295798402 ], [ -0.001582792563286, 51.501900316454297 ], [ -0.001520136857013, 51.502030234074098 ], [ -0.002052967232815, 51.502115937966899 ], [ -0.001741908719012, 51.502842490006302 ], [ -0.000738490796792, 51.503798969555497 ], [ 0.000821016780407, 51.504531555487603 ], [ 0.00325826259684, 51.504938953311203 ], [ 0.005146723334778, 51.5043964041922 ], [ 0.008292155110967, 51.5017315407501 ], [ 0.013881670613625, 51.4969951184138 ], [ 0.015423993717971, 51.496259136472403 ], [ 0.017960670046253, 51.495048564870203 ], [ 0.021497439732131, 51.494472267065099 ], [ 0.021572335482926, 51.493951644463102 ], [ 0.022005360875884, 51.4938893218483 ], [ 0.022156810086163, 51.494282894594498 ], [ 0.024292854919741, 51.493819725340899 ], [ 0.029043781619353, 51.493847486775799 ], [ 0.040298185291576, 51.495428054698898 ], [ 0.044785793398777, 51.495172042847798 ], [ 0.057568822922039, 51.494441852244599 ], [ 0.057781584058542, 51.494038475958803 ], [ 0.058017731940769, 51.494422551925197 ], [ 0.058890843844468, 51.4944303334495 ], [ 0.059155178518339, 51.494129376554703 ], [ 0.059311349322695, 51.494458469654198 ], [ 0.061186332695002, 51.494548585439503 ], [ 0.063928660117288, 51.494680333723601 ], [ 0.064165327182349, 51.494449996378997 ], [ 0.064104243186259, 51.494676343226601 ], [ 0.070332323687088, 51.495127957511201 ], [ 0.075745228158648, 51.496045474917501 ], [ 0.076006352623853, 51.495941418722303 ], [ 0.076245259048697, 51.495846214973902 ], [ 0.082315042881432, 51.4989412125569 ], [ 0.08370672854292, 51.500415249229803 ], [ 0.086663566500923, 51.503546894980502 ], [ 0.086862481685832, 51.5033904719281 ], [ 0.087645291535946, 51.503918816453002 ], [ 0.088019477224021, 51.505447981661199 ], [ 0.088032449832269, 51.505500996762898 ], [ 0.091984716988729, 51.508983692694997 ], [ 0.094567488081438, 51.508954389832901 ], [ 0.099459083407667, 51.509639209428002 ], [ 0.106885907869927, 51.509413290333796 ], [ 0.11348803527867, 51.510147411786697 ], [ 0.120216178431184, 51.511447380705398 ], [ 0.120527379275315, 51.5110987137327 ] ] ] ] } },
{ "type": "Feature", "properties": { "borough_name": "Hackney", "median_house_price": 600000, "median_earnings": 44000, "affordability_ratio": 13.6, "affordability_category": "Stretched", "is_se_london": false, "vs_london_avg": 2.2 }, "geometry": { "type": "Polygon", "coordinates": [ [ [ -0.061158572066501, 51.577786037115601 ], [ -0.058432109016743, 51.572564913711403 ], [ -0.056316166816922, 51.5707112743492 ], [ -0.054355280667889, 51.570285160688996 ], [ -0.053287507628187, 51.568659013124503 ], [ -0.051146013469929, 51.567729801250699 ], [ -0.046656294641543, 51.564376750201397 ], [ -0.047248094983294, 51.562706112965003 ], [ -0.045129708597706, 51.561789946219598 ], [ -0.042362666008864, 51.561368175906402 ], [ -0.040175862242425, 51.561782986186302 ], [ -0.038819721111305, 51.561158694228197 ], [ -0.036286593314691, 51.561475294602502 ], [ -0.033285271928068, 51.560619993408302 ], [ -0.03003958890447, 51.561358911617603 ], [ -0.028390534944039, 51.561020250955401 ], [ -0.025778224931497, 51.559875735711898 ], [ -0.024338691573958, 51.558638980645497 ], [ -0.023940773714459, 51.557369778511102 ], [ -0.02300628180468, 51.557272392298401 ], [ -0.018464154139737, 51.555184625300697 ], [ -0.017481172276085, 51.5533409051991 ], [ -0.017174051218912, 51.551675895357597 ], [ -0.017174335251558, 51.551577284638199 ], [ -0.018983206844693, 51.5515962333332 ], [ -0.018935593886592, 51.550534913267299 ], [ -0.017463145883719, 51.547598273603001 ], [ -0.016549676137034, 51.543329867701402 ], [ -0.019852897161567, 51.543582852075403 ], [ -0.025584556064175, 51.543338961495202 ], [ -0.028991068823779, 51.542272976503902 ], [ -0.02955352757103, 51.543090997683898 ], [ -0.033191114631596, 51.544685717286697 ], [ -0.037733618928663, 51.541798508730899 ], [ -0.037143713678451, 51.541416611795903 ], [ -0.037421318580063, 51.5412814857388 ], [ -0.040737913715216, 51.538118657144203 ], [ -0.041493593393847, 51.537442562388001 ], [ -0.044963262877795, 51.535781477170701 ], [ -0.047159776852271, 51.535448776170099 ], [ -0.04970075760856, 51.536346610145301 ], [ -0.05091293600747, 51.536461705782003 ], [ -0.052376904539379, 51.535931032748202 ], [ -0.052856451084132, 51.534938716785398 ], [ -0.054674106710224, 51.535155470121303 ], [ -0.05730190797449, 51.534414441303397 ], [ -0.058757935746739, 51.5341047644065 ], [ -0.060073346419153, 51.534196023794898 ], [ -0.062434445954616, 51.535532498455702 ], [ -0.062860231027885, 51.5349187225139 ], [ -0.06219016861956, 51.533259177661698 ], [ -0.065008609485811, 51.5329044581541 ], [ -0.065162284380672, 51.5331551668408 ], [ -0.066253448951339, 51.531220072942503 ], [ -0.072828447246596, 51.530657009658498 ], [ -0.074575388460412, 51.529852106780801 ], [ -0.075715309555896, 51.528358195198201 ], [ -0.077273487135776, 51.5273053544582 ], [ -0.076297109586629, 51.527142209317198 ], [ -0.076641044443924, 51.5263467530268 ], [ -0.076459965151695, 51.524318295002203 ], [ -0.075927390451861, 51.524339073098503 ], [ -0.0757417110885, 51.523681359336599 ], [ -0.076119965722006, 51.522368979119598 ], [ -0.076458320543827, 51.522046472123201 ], [ -0.078252104074425, 51.521902582809901 ], [ -0.078529105704302, 51.521511918880101 ], [ -0.081040817353568, 51.521973058133497 ], [ -0.081773135901755, 51.520745402202103 ], [ -0.083123309892571, 51.519851613761702 ], [ -0.085232645096576, 51.520348397184499 ], [ -0.084214160827147, 51.523930016482197 ], [ -0.085201496858163, 51.5239445197736 ], [ -0.085119040764848, 51.524457308890597 ], [ -0.08546359587602, 51.524538666817598 ], [ -0.084745306316308, 51.525429222179298 ], [ -0.085009792427472, 51.526237636215598 ], [ -0.086976774251228, 51.525767763613501 ], [ -0.087832062724355, 51.526241790005599 ], [ -0.088731377645233, 51.527452513769902 ], [ -0.091481256765629, 51.528208516221397 ], [ -0.095373128319278, 51.529206009942698 ], [ -0.095104053620339, 51.530084105667001 ], [ -0.097032336919264, 51.533003340336599 ], [ -0.093147286859681, 51.534398807182903 ], [ -0.089688991217803, 51.536043228264397 ], [ -0.086563398371577, 51.537302272557099 ], [ -0.086561524839992, 51.537367166408501 ], [ -0.083576321534458, 51.545172985470799 ], [ -0.083789524422233, 51.546585235617101 ], [ -0.076685252779043, 51.546086595502601 ], [ -0.076326084702188, 51.547203573978798 ], [ -0.077677391125827, 51.549483010101 ], [ -0.079399001200161, 51.5516726920387 ], [ -0.081942657095435, 51.5520633110132 ], [ -0.085398519589809, 51.552134203264103 ], [ -0.087564941247415, 51.552844719513097 ], [ -0.088554181142665, 51.553940528515703 ], [ -0.08928633113383, 51.553740871155703 ], [ -0.09035614157729, 51.554151426578997 ], [ -0.090396922359362, 51.557574175117097 ], [ -0.091716867631208, 51.560201486810598 ], [ -0.096016917118238, 51.561215457059198 ], [ -0.09858579502073, 51.560813933995199 ], [ -0.099565512800032, 51.561562798782901 ], [ -0.104373934561655, 51.564766658503103 ], [ -0.104032178579348, 51.564966246328801 ], [ -0.098075757882827, 51.569111738927297 ], [ -0.096023376744274, 51.570655344983997 ], [ -0.097634983140173, 51.573645591737403 ], [ -0.096600983253777, 51.573828965723202 ], [ -0.094694831194709, 51.573589346589799 ], [ -0.093481173931274, 51.573984689388901 ], [ -0.09144145258289, 51.573991785483003 ], [ -0.089810749438028, 51.574395974129899 ], [ -0.086858516976828, 51.574300161381302 ], [ -0.087243356759803, 51.574697586772402 ], [ -0.085658829059638, 51.5750401019964 ], [ -0.080838426173645, 51.575639467142402 ], [ -0.076242674597295, 51.574935196591298 ], [ -0.075783686066235, 51.575493399457699 ], [ -0.075182453531123, 51.575330094427102 ], [ -0.07442609664371, 51.5756774812291 ], [ -0.072392069247649, 51.575633461868897 ], [ -0.06672956558001, 51.576342811120298 ], [ -0.066748822722587, 51.576643292454598 ], [ -0.061158572066501, 51.577786037115601 ] ] ] } },
{ "type": "Feature", "properties": { "borough_name": "Hammersmith and Fulham", "median_house_price": 780000, "median_earnings": 48000, "affordability_ratio": 16.2, "affordability_category": "Unaffordable", "is_se_london": false, "vs_london_avg": 21.7 }, "geometry": { "type": "Polygon", "coordinates": [ [ [ -0.233821247474086, 51.532331115915198 ], [ -0.230717348005316, 51.530869984163097 ], [ -0.228440758153743, 51.530319157203301 ], [ -0.228730175524929, 51.529905646084202 ], [ -0.227429972121213, 51.527996360789203 ], [ -0.227229453930617, 51.524777239988701 ], [ -0.22656793126906, 51.524625909521298 ], [ -0.226696960668858, 51.5219392485144 ], [ -0.228276943623204, 51.5210951821809 ], [ -0.22654329333555, 51.519577078845899 ], [ -0.222464368050734, 51.515407013286101 ], [ -0.220235964075799, 51.511732798506202 ], [ -0.219315925780897, 51.509554298482797 ], [ -0.217847732543837, 51.509752700120501 ], [ -0.218043289167948, 51.510224239879797 ], [ -0.217190220202911, 51.510399244795501 ], [ -0.216452382074861, 51.5091126508188 ], [ -0.215813858155986, 51.509153453568601 ], [ -0.215541653076812, 51.508392045406801 ], [ -0.215197890345675, 51.507651353012299 ], [ -0.21611922117336, 51.507521203111402 ], [ -0.215938670705129, 51.506400336857602 ], [ -0.217975379717538, 51.506143111439101 ], [ -0.217001985360401, 51.5045041724699 ], [ -0.216976653096357, 51.504466150524699 ], [ -0.215028905986165, 51.502185302354697 ], [ -0.213440028889613, 51.500177467510198 ], [ -0.210504590283717, 51.498346852020198 ], [ -0.207951410590124, 51.496031567740097 ], [ -0.20733489853243, 51.496152795137 ], [ -0.203085508305625, 51.493371467998898 ], [ -0.201833011307257, 51.4918452962659 ], [ -0.202364641392252, 51.491661539544303 ], [ -0.197966108552929, 51.487907185101498 ], [ -0.196405191810415, 51.487186902755198 ], [ -0.195906065404788, 51.4873707114334 ], [ -0.193630274569299, 51.485890502833598 ], [ -0.19077081676291, 51.483165687424801 ], [ -0.188262412705968, 51.480966677184199 ], [ -0.186521019063067, 51.4798688460668 ], [ -0.183876303255074, 51.477443132666998 ], [ -0.183805527855666, 51.477433606909798 ], [ -0.183866769488335, 51.4774354132485 ], [ -0.184170020760942, 51.477178920817799 ], [ -0.182467545555604, 51.477113878936699 ], [ -0.180414164393764, 51.477707022588 ], [ -0.179362623599558, 51.477623257493001 ], [ -0.18098872191042, 51.472600037441303 ], [ -0.183063337415531, 51.469217251527802 ], [ -0.184471881774165, 51.467682893698303 ], [ -0.186285001094092, 51.4665279554508 ], [ -0.188552082511586, 51.465836877136198 ], [ -0.190436201318301, 51.465262488855601 ], [ -0.194158689488193, 51.464840539307701 ], [ -0.197143620812638, 51.464975929655203 ], [ -0.197375571482652, 51.465210949596703 ], [ -0.197547491532176, 51.464993376863703 ], [ -0.197617393494121, 51.464993784541498 ], [ -0.199528076954256, 51.465004907546998 ], [ -0.202757174305121, 51.465339044200299 ], [ -0.210531863519603, 51.467137288562299 ], [ -0.210505558181644, 51.467736251724702 ], [ -0.210985780371417, 51.467311476004198 ], [ -0.211307445646197, 51.467406757567801 ], [ -0.216783617128213, 51.469605661590002 ], [ -0.221501731748251, 51.4734821060526 ], [ -0.222554214129561, 51.474745346333002 ], [ -0.223286048456569, 51.476695588803999 ], [ -0.223547941429191, 51.477393454022 ], [ -0.224024493505577, 51.481699161579002 ], [ -0.223616529824783, 51.4818944198542 ], [ -0.224077293967389, 51.482433759147497 ], [ -0.225005632658715, 51.484306145172802 ], [ -0.226447731233805, 51.486047089589697 ], [ -0.227573960690401, 51.487406605516199 ], [ -0.227605756822565, 51.487444986352898 ], [ -0.228668819635466, 51.488826817230397 ], [ -0.232784836460965, 51.490187437879896 ], [ -0.234368475894577, 51.490411091644297 ], [ -0.234462639775293, 51.4904063067629 ], [ -0.234590814138328, 51.490399792715301 ], [ -0.240493936129523, 51.490099628422101 ], [ -0.243059991888701, 51.489433059774797 ], [ -0.244511877048261, 51.488704500576098 ], [ -0.24451713921975, 51.488702206149803 ], [ -0.244942229294421, 51.489001699466598 ], [ -0.245565857109029, 51.490052647013101 ], [ -0.244419991253253, 51.497938913367399 ], [ -0.24498272220723, 51.497896746942097 ], [ -0.245238856675817, 51.498306356290598 ], [ -0.245259712183608, 51.498339708798603 ], [ -0.245929225229688, 51.498141331781099 ], [ -0.249203165323049, 51.496949900288399 ], [ -0.251290048414711, 51.499858361081202 ], [ -0.253040909966186, 51.5014223351426 ], [ -0.25336434429858, 51.5028933110964 ], [ -0.255064221072407, 51.5043292502531 ], [ -0.253670894390568, 51.504284501297398 ], [ -0.253751509949108, 51.504551289762802 ], [ -0.252525892049911, 51.5047136133471 ], [ -0.252483672614707, 51.504496673414003 ], [ -0.251079138134178, 51.5046508778778 ], [ -0.249917977859926, 51.5044346069281 ], [ -0.249421747147641, 51.504677136504696 ], [ -0.249256438152769, 51.504442215397098 ], [ -0.248089807238703, 51.504609087097002 ], [ -0.247972376286306, 51.5043611670499 ], [ -0.245673763200907, 51.5046286106463 ], [ -0.246466730937967, 51.506743077435601 ], [ -0.245134655699555, 51.5067695967454 ], [ -0.246435348971348, 51.510822301560196 ], [ -0.2489713522111, 51.513890601518597 ], [ -0.250690282885466, 51.519200604853197 ], [ -0.250319092816483, 51.520185238057202 ], [ -0.251768043195903, 51.522117086543602 ], [ -0.252538390202769, 51.524986822060498 ], [ -0.250331435289123, 51.527059905155802 ], [ -0.250555873501414, 51.527811548825198 ], [ -0.249870747418338, 51.528870059004298 ], [ -0.246999780702846, 51.530688876347803 ], [ -0.245390921561337, 51.531042059796 ], [ -0.245256656076301, 51.531218227193797 ], [ -0.246975847906357, 51.531777589259399 ], [ -0.246281570983423, 51.532737510347197 ], [ -0.243236010560196, 51.531764841629702 ], [ -0.237528634817977, 51.532005020137703 ], [ -0.234409495958749, 51.5326382757451 ], [ -0.233821247474086, 51.532331115915198 ] ] ] } },
{ "type": "Feature", "properties": { "borough_name": "Haringey", "median_house_price": 560000, "median_earnings": 38000, "affordability_ratio": 14.7, "affordability_category": "Stretched", "is_se_london": false, "vs_london_avg": 10.4 }, "geometry": { "type": "Polygon", "coordinates": [ [ [ -0.127655039084833, 51.609411453658801 ], [ -0.126319947661221, 51.609306941108301 ], [ -0.125367280948487, 51.610020556816202 ], [ -0.124952382805924, 51.609948304068503 ], [ -0.123486921645039, 51.608675846042303 ], [ -0.119177944677202, 51.608366621599203 ], [ -0.118730148124378, 51.608654131286301 ], [ -0.117473531407303, 51.608206085833999 ], [ -0.117261438661317, 51.608437324363202 ], [ -0.115623936822363, 51.608422137844698 ], [ -0.114451348824525, 51.608402545812403 ], [ -0.110810160840815, 51.608614682821099 ], [ -0.109874618404933, 51.608255614257402 ], [ -0.103909387864823, 51.608440468777601 ], [ -0.10251433515093, 51.608044166250899 ], [ -0.101758394146256, 51.6084924954352 ], [ -0.097466237451938, 51.6085174711272 ], [ -0.09766249221828, 51.608918556962102 ], [ -0.095764753366309, 51.609299153138601 ], [ -0.095158867573564, 51.608658071695103 ], [ -0.093531005183422, 51.608990882082502 ], [ -0.09245345325932, 51.6088502779835 ], [ -0.092466312943835, 51.6090909194562 ], [ -0.091420524193225, 51.608796135541802 ], [ -0.085599900163588, 51.608473295308798 ], [ -0.07645565528358, 51.6084141668222 ], [ -0.068012982597083, 51.608816883420999 ], [ -0.06747692770345, 51.608639892070002 ], [ -0.067099926897253, 51.608949129212903 ], [ -0.065227067297729, 51.608586900789597 ], [ -0.054510492480038, 51.608887324096699 ], [ -0.05287709551283, 51.608517233507698 ], [ -0.052870673643686, 51.608110623042897 ], [ -0.049738959161675, 51.607241662336797 ], [ -0.041390716789704, 51.605646785333803 ], [ -0.04351863482237, 51.602710154817601 ], [ -0.046032406471264, 51.6001218410128 ], [ -0.050402861891792, 51.596664071055599 ], [ -0.052288932083511, 51.5935410377867 ], [ -0.053532686308443, 51.590005931048303 ], [ -0.052157397688485, 51.587661651223897 ], [ -0.053200592303935, 51.586932725997499 ], [ -0.054839837210415, 51.585780600697902 ], [ -0.055736336724138, 51.584255158123 ], [ -0.057832346395549, 51.582514606720999 ], [ -0.061000701093672, 51.580850220878403 ], [ -0.061943503550975, 51.580029610639798 ], [ -0.062184586349229, 51.579192064946199 ], [ -0.061158572066501, 51.577786037115601 ], [ -0.066748822722587, 51.576643292454598 ], [ -0.06672956558001, 51.576342811120298 ], [ -0.072392069247649, 51.575633461868897 ], [ -0.07442609664371, 51.5756774812291 ], [ -0.075182453531123, 51.575330094427102 ], [ -0.075783686066235, 51.575493399457699 ], [ -0.076242674597295, 51.574935196591298 ], [ -0.080838426173645, 51.575639467142402 ], [ -0.085658829059638, 51.5750401019964 ], [ -0.087243356759803, 51.574697586772402 ], [ -0.086858516976828, 51.574300161381302 ], [ -0.089810749438028, 51.574395974129899 ], [ -0.09144145258289, 51.573991785483003 ], [ -0.093481173931274, 51.573984689388901 ], [ -0.094694831194709, 51.573589346589799 ], [ -0.096600983253777, 51.573828965723202 ], [ -0.097634983140173, 51.573645591737403 ], [ -0.096023376744274, 51.570655344983997 ], [ -0.098075757882827, 51.569111738927297 ], [ -0.104032178579348, 51.564966246328801 ], [ -0.104373934561655, 51.564766658503103 ], [ -0.104884456446495, 51.564671306833098 ], [ -0.110690523650188, 51.568612868947199 ], [ -0.115019872269648, 51.5705899262584 ], [ -0.115701333599976, 51.5720164892168 ], [ -0.116080307943225, 51.572184359485803 ], [ -0.115550981531812, 51.572581255289101 ], [ -0.117551176826914, 51.574141984559297 ], [ -0.119554521778125, 51.574380450814097 ], [ -0.118876825460692, 51.574730822934299 ], [ -0.119534587269282, 51.575506766244203 ], [ -0.119873002807983, 51.575470523949598 ], [ -0.123784663310148, 51.574646941359497 ], [ -0.124861081757225, 51.574092151365399 ], [ -0.127566925850632, 51.574146942063599 ], [ -0.131138788998908, 51.573592993926098 ], [ -0.133385080843479, 51.5728751854436 ], [ -0.138308605690534, 51.570594014519799 ], [ -0.140631972825196, 51.569428406235097 ], [ -0.14239561120072, 51.569106002885 ], [ -0.144381825926643, 51.570084379192899 ], [ -0.148682546469594, 51.570935917606498 ], [ -0.150146318151361, 51.571553925928697 ], [ -0.157735978505448, 51.572050980740499 ], [ -0.160476747192304, 51.572779359774202 ], [ -0.164539988212205, 51.572500539250498 ], [ -0.167287288028304, 51.5729628336939 ], [ -0.17123183297214, 51.572418251471703 ], [ -0.171199017776056, 51.573573788671297 ], [ -0.169444153912888, 51.573965988207497 ], [ -0.169705073518353, 51.576369498236502 ], [ -0.16931434680921, 51.577416193590103 ], [ -0.168063030081805, 51.576928952609897 ], [ -0.166812967212486, 51.5786566223343 ], [ -0.167036148691484, 51.581755322266702 ], [ -0.166190268347306, 51.582044262196398 ], [ -0.165721240568509, 51.583223957674797 ], [ -0.164580203367314, 51.583958171637398 ], [ -0.163070347355115, 51.584369658771401 ], [ -0.161339671284794, 51.585284126665698 ], [ -0.159617383637859, 51.584462886447902 ], [ -0.157940622793892, 51.585735985534001 ], [ -0.157896820195769, 51.5862099214159 ], [ -0.157130981863992, 51.586191395252001 ], [ -0.157400641593501, 51.586558484224199 ], [ -0.158679520180216, 51.5866333502575 ], [ -0.158630009713532, 51.588001558906797 ], [ -0.160234507311411, 51.587989219376702 ], [ -0.160161454713532, 51.589697620515103 ], [ -0.159755919169429, 51.5897209438603 ], [ -0.159431936973187, 51.591573929448501 ], [ -0.158685868117782, 51.591998446809399 ], [ -0.158864204228314, 51.592318982632001 ], [ -0.159691068413208, 51.5922272410468 ], [ -0.161761100843511, 51.597478859747 ], [ -0.156340779674966, 51.6053689288469 ], [ -0.155863177309527, 51.6054654953953 ], [ -0.156082676176402, 51.605116076824302 ], [ -0.154673213688396, 51.604230582630201 ], [ -0.15340602278781, 51.6028464369709 ], [ -0.15294554604048, 51.599188142720202 ], [ -0.151330701481231, 51.597471099965503 ], [ -0.144470072322305, 51.600121784664402 ], [ -0.144171947680585, 51.601096115339502 ], [ -0.141972983318121, 51.603708787001999 ], [ -0.143146734454601, 51.6067182345436 ], [ -0.143425303305972, 51.608831061298801 ], [ -0.13870599645949, 51.610185787169598 ], [ -0.135201500406691, 51.611218346288901 ], [ -0.127655039084833, 51.609411453658801 ] ] ] } },
{ "type": "Feature", "properties": { "borough_name": "Harrow", "median_house_price": 510000, "median_earnings": 38500, "affordability_ratio": 13.2, "affordability_category": "Stretched", "is_se_london": false, "vs_london_avg": -0.8 }, "geometry": { "type": "Polygon", "coordinates": [ [ [ -0.305573663802058, 51.634120660323902 ], [ -0.304460793558934, 51.632033665108501 ], [ -0.292643324982894, 51.621742946646798 ], [ -0.287385119527708, 51.617015901666797 ], [ -0.281030197237065, 51.612272394831997 ], [ -0.278348902999475, 51.609785364264802 ], [ -0.267113115479641, 51.600371968584199 ], [ -0.270988838732912, 51.598384005436998 ], [ -0.273067314998928, 51.5983867005815 ], [ -0.276964355852371, 51.596937266688599 ], [ -0.276510294245565, 51.596509919660697 ], [ -0.283353330016794, 51.595742826455798 ], [ -0.285568620796434, 51.595210686820103 ], [ -0.285774999335346, 51.594728703035003 ], [ -0.286248533176676, 51.5949363421391 ], [ -0.287051822242211, 51.594562832886503 ], [ -0.290405901610672, 51.593543801763197 ], [ -0.288934236464643, 51.592821196510002 ], [ -0.28563943939032, 51.591896730474403 ], [ -0.284197440660582, 51.590495538519001 ], [ -0.282333959135817, 51.585839914023097 ], [ -0.28245801200774, 51.585051664819702 ], [ -0.301447504787293, 51.587271489353498 ], [ -0.304696795432772, 51.587052553308901 ], [ -0.30678464014985, 51.586515437537997 ], [ -0.31253249193528, 51.584452581014503 ], [ -0.317025089189847, 51.5820750923817 ], [ -0.320199754188027, 51.580374893059101 ], [ -0.326634185132864, 51.5786006739146 ], [ -0.326587520367022, 51.578290017090701 ], [ -0.325352451810086, 51.575935632689102 ], [ -0.324804688150537, 51.573314321900703 ], [ -0.322148244821014, 51.569677057154699 ], [ -0.325216392497237, 51.568457324312803 ], [ -0.325051402557729, 51.568259237392702 ], [ -0.329849338123979, 51.567128218923301 ], [ -0.329689402526453, 51.5661927211031 ], [ -0.328672097370254, 51.565974984205397 ], [ -0.328237078551993, 51.562540595348402 ], [ -0.330042382729354, 51.562231397278303 ], [ -0.331264837354128, 51.561414289276598 ], [ -0.334034842324087, 51.5587546624295 ], [ -0.333930197310544, 51.557698199268401 ], [ -0.334857082126507, 51.557866374583803 ], [ -0.335555531666752, 51.556556900042999 ], [ -0.338302842811169, 51.5572258470797 ], [ -0.343605546201471, 51.557717026726799 ], [ -0.345611192404932, 51.558450152429202 ], [ -0.347548976989506, 51.559657396323203 ], [ -0.362300315676161, 51.557248360233402 ], [ -0.362125241303673, 51.556610755402197 ], [ -0.362674841911475, 51.556328832956098 ], [ -0.362519599314103, 51.556043174824701 ], [ -0.372863810973885, 51.553748821697297 ], [ -0.373342930044203, 51.554096409398397 ], [ -0.375881513503431, 51.553084604915 ], [ -0.377843376019978, 51.554977064428499 ], [ -0.380241090382526, 51.559047686841502 ], [ -0.380088715629006, 51.559585801085603 ], [ -0.380422439051526, 51.560856823907898 ], [ -0.38233243396987, 51.5628796999816 ], [ -0.381892290346184, 51.563076687985301 ], [ -0.382399541453545, 51.563601083154097 ], [ -0.382358611270806, 51.564830869999497 ], [ -0.383296018626681, 51.5672799495728 ], [ -0.385883078066173, 51.570897494105601 ], [ -0.386475786941669, 51.5715534322214 ], [ -0.385651517379384, 51.572133623301099 ], [ -0.388075351840062, 51.574991800630698 ], [ -0.387536201348649, 51.5752527221685 ], [ -0.388544818560857, 51.577685704283802 ], [ -0.391563901542468, 51.581559052023103 ], [ -0.390978402327779, 51.581697764352 ], [ -0.391044193673723, 51.583048318213997 ], [ -0.391984929059064, 51.5882743644556 ], [ -0.394459472115783, 51.590420407502002 ], [ -0.395490674494017, 51.590193817674901 ], [ -0.395573576806697, 51.590593561078798 ], [ -0.395532851232754, 51.591884487455602 ], [ -0.396366445066841, 51.593615963418699 ], [ -0.396501870140447, 51.595052724348697 ], [ -0.39769618244992, 51.5968808164439 ], [ -0.400334603316673, 51.597416197212397 ], [ -0.39992651454445, 51.598178952313802 ], [ -0.401172349725285, 51.599560508018897 ], [ -0.402337877317186, 51.601939806661498 ], [ -0.402478037533898, 51.605190347205998 ], [ -0.401760469398902, 51.606619740269402 ], [ -0.403215759027032, 51.6090989976571 ], [ -0.404003977890064, 51.613183973542597 ], [ -0.403988125680466, 51.613183987379202 ], [ -0.39946517299048, 51.613407468218497 ], [ -0.392678947906903, 51.615182434810698 ], [ -0.385871935681355, 51.6158200437646 ], [ -0.384571611905012, 51.6161697525066 ], [ -0.382026147813928, 51.617422652722198 ], [ -0.375839482692173, 51.618187800041198 ], [ -0.368174515273729, 51.620652379338303 ], [ -0.365536766081543, 51.621334225272399 ], [ -0.363431878763862, 51.622537756910198 ], [ -0.362621257698241, 51.623504817498002 ], [ -0.361792560366205, 51.623729773475098 ], [ -0.359678561696669, 51.6252622293865 ], [ -0.349222330428968, 51.6269094995071 ], [ -0.345106261842187, 51.628330797115197 ], [ -0.339889641971043, 51.630723743979203 ], [ -0.338283831127965, 51.629472635183802 ], [ -0.333089080327958, 51.633384437609003 ], [ -0.332971366752564, 51.633835944891203 ], [ -0.332583185685678, 51.6337423289337 ], [ -0.329982905777533, 51.635335670496403 ], [ -0.326546234454703, 51.636719163027202 ], [ -0.319792791191692, 51.638220708286703 ], [ -0.317549393191407, 51.640216311135802 ], [ -0.316672244970353, 51.640535567568101 ], [ -0.312318486481636, 51.638961384094003 ], [ -0.305377121152003, 51.637107869919497 ], [ -0.304449971011893, 51.636348720165898 ], [ -0.305573663802058, 51.634120660323902 ] ] ] } },
{ "type": "Feature", "properties": { "borough_name": "Havering", "median_house_price": 410000, "median_earnings": 36000, "affordability_ratio": 11.4, "affordability_category": "Moderate", "is_se_london": false, "vs_london_avg": -14.4 }, "geometry": { "type": "Polygon", "coordinates": [ [ [ 0.224087730411796, 51.631737762367798 ], [ 0.237351087365519, 51.624073406336301 ], [ 0.252794278466979, 51.617428741957497 ], [ 0.257692020085517, 51.6141825208163 ], [ 0.259049364253879, 51.612284014774097 ], [ 0.263257699303372, 51.609191995363602 ], [ 0.26456196557058, 51.608320661792803 ], [ 0.264325351656562, 51.607832370993897 ], [ 0.263115428229239, 51.607319688245802 ], [ 0.261676730277116, 51.607460777640199 ], [ 0.258079242397805, 51.606507444471298 ], [ 0.25799868440234, 51.604911843219497 ], [ 0.257155907644333, 51.604925349090998 ], [ 0.256625410169394, 51.603606398786297 ], [ 0.255165202713557, 51.602669506040101 ], [ 0.254696024786328, 51.602731558814398 ], [ 0.253916398804966, 51.601920123106602 ], [ 0.254008700235285, 51.601598201685398 ], [ 0.254816062670065, 51.601337173193102 ], [ 0.257913605156736, 51.601274960274203 ], [ 0.258251335331151, 51.6009204466393 ], [ 0.260870024206464, 51.6003904704842 ], [ 0.26464627109217, 51.599740597394103 ], [ 0.269866485133475, 51.599554450730103 ], [ 0.270315447605978, 51.597549591578499 ], [ 0.26933354467737, 51.595297931645902 ], [ 0.27025133392523, 51.591085750149901 ], [ 0.271351573365837, 51.589755255648299 ], [ 0.271232678370642, 51.588992158384798 ], [ 0.272135855890178, 51.587614117256699 ], [ 0.273810691930359, 51.586813671177303 ], [ 0.281966271452787, 51.578896016687303 ], [ 0.285025157678298, 51.5741837120976 ], [ 0.286668922498019, 51.573566774442902 ], [ 0.287123868086035, 51.572709989467697 ], [ 0.286687112960368, 51.571553399149202 ], [ 0.290201523969927, 51.564497199169601 ], [ 0.290289733913774, 51.5642993932384 ], [ 0.313035079940716, 51.565818132803201 ], [ 0.315294829915934, 51.557835294888903 ], [ 0.31650054707161, 51.557685622881998 ], [ 0.31843531652389, 51.556780434832099 ], [ 0.318896899598589, 51.555191208687901 ], [ 0.322053394624536, 51.554198867646797 ], [ 0.32230582154122, 51.552781891103997 ], [ 0.3251574685972, 51.553058234638698 ], [ 0.327816067967104, 51.550994569437101 ], [ 0.327978840374596, 51.548561347498698 ], [ 0.329467856349486, 51.546564092083202 ], [ 0.328899973021285, 51.545837056034401 ], [ 0.331445324595911, 51.545942928780903 ], [ 0.333902598356895, 51.542493703179197 ], [ 0.333333266905913, 51.541262159714599 ], [ 0.333841742552962, 51.541164833958298 ], [ 0.334024218329939, 51.540503804685102 ], [ 0.331429400596117, 51.540045461079899 ], [ 0.331590398372512, 51.540796847098001 ], [ 0.322441491335513, 51.540517853365699 ], [ 0.310527026405698, 51.539651535348 ], [ 0.310510176148717, 51.539346994846298 ], [ 0.310040116575702, 51.539292419717597 ], [ 0.300722930734955, 51.538756029510701 ], [ 0.300858888257756, 51.538134628076797 ], [ 0.297205278558138, 51.537662220045 ], [ 0.29775498943779, 51.5353185669032 ], [ 0.290439810515161, 51.534660403502201 ], [ 0.290524699212002, 51.534485136808499 ], [ 0.288075396198257, 51.534553621542301 ], [ 0.2817620835633, 51.533941900017801 ], [ 0.276340186976989, 51.5329284623025 ], [ 0.276224401767285, 51.533178940279598 ], [ 0.274959586472331, 51.532943561633701 ], [ 0.270706243597923, 51.5330935031064 ], [ 0.265347272043956, 51.532150265979602 ], [ 0.265386704436751, 51.5249558498383 ], [ 0.265670883202163, 51.524610425696601 ], [ 0.2667515314686, 51.524513123806202 ], [ 0.266638180028104, 51.522955890719899 ], [ 0.265009318694286, 51.522901050565601 ], [ 0.264035473598582, 51.521084328760097 ], [ 0.263682923643184, 51.517869793022001 ], [ 0.262307889224424, 51.517930490681799 ], [ 0.260303107596572, 51.518371117731 ], [ 0.258928148628116, 51.517763591526503 ], [ 0.253834318187163, 51.517885872501701 ], [ 0.252332823507909, 51.524790015700802 ], [ 0.251536193164843, 51.525970852816897 ], [ 0.250852046826051, 51.528818627097202 ], [ 0.248964774122808, 51.528674029746298 ], [ 0.248882245032363, 51.527409379309802 ], [ 0.248290946236306, 51.527551168739301 ], [ 0.246324681853086, 51.526532093513403 ], [ 0.247090030662765, 51.525092064392602 ], [ 0.245837497776256, 51.523516181514303 ], [ 0.242855999994698, 51.524392463219499 ], [ 0.241038342371993, 51.522606080437797 ], [ 0.240724594603274, 51.521207387373103 ], [ 0.244299500574831, 51.520471743019499 ], [ 0.244665674083467, 51.520149973576899 ], [ 0.244228494460724, 51.5197599681822 ], [ 0.244905836375926, 51.518759475861401 ], [ 0.243936552751851, 51.518337398848303 ], [ 0.240195293721183, 51.519351414969996 ], [ 0.23717600954358, 51.519334434409203 ], [ 0.241142377348182, 51.513743157551303 ], [ 0.239974249865455, 51.513053246180903 ], [ 0.240306918525124, 51.510755463486497 ], [ 0.240601660610401, 51.510506995247702 ], [ 0.241502262637164, 51.5106210422842 ], [ 0.241919319161816, 51.507960127814002 ], [ 0.239998906759376, 51.507707251808398 ], [ 0.239846708667299, 51.507278522475197 ], [ 0.233441679621537, 51.5066704259294 ], [ 0.228956434706699, 51.506804373151098 ], [ 0.226597286350539, 51.506563243634503 ], [ 0.226396337183668, 51.505928554997297 ], [ 0.226020782132384, 51.505879950061399 ], [ 0.22661442818287, 51.504489162531797 ], [ 0.229965349544136, 51.499365919635203 ], [ 0.227907634814815, 51.498860056517202 ], [ 0.224360731972241, 51.497325773583697 ], [ 0.223606650551861, 51.497906672905899 ], [ 0.221654041113826, 51.497810560446098 ], [ 0.217025915516599, 51.496583431118999 ], [ 0.215487472707436, 51.496619721343102 ], [ 0.214156929096117, 51.496039610799102 ], [ 0.213543890555933, 51.495013395401301 ], [ 0.213074626967269, 51.495022253331797 ], [ 0.211932601890547, 51.491044478131698 ], [ 0.210693317337075, 51.490184759253403 ], [ 0.210575775391054, 51.490247754648799 ], [ 0.209640744454131, 51.489769280845103 ], [ 0.208874603367088, 51.489863755421801 ], [ 0.209313718258614, 51.490423860757403 ], [ 0.208366747037579, 51.489669172333699 ], [ 0.201046537249163, 51.489148489170901 ], [ 0.196314168137655, 51.488158019551399 ], [ 0.191597288612279, 51.488085286420798 ], [ 0.189173732149631, 51.487712365812698 ], [ 0.187657973831843, 51.487885444387402 ], [ 0.187482151264599, 51.488574912865303 ], [ 0.184786729408486, 51.4907071071096 ], [ 0.183866199833321, 51.492242319367698 ], [ 0.183315760740498, 51.495370543799801 ], [ 0.182563369244045, 51.495935837191901 ], [ 0.182491378362689, 51.496523989234497 ], [ 0.183751235065009, 51.497153899919702 ], [ 0.182868261001597, 51.497911384835199 ], [ 0.182920167125339, 51.4986108592921 ], [ 0.182923043487266, 51.498649613596399 ], [ 0.182264295911253, 51.499095349464497 ], [ 0.182515176169593, 51.499400050112598 ], [ 0.180180335665186, 51.501359934959602 ], [ 0.180271768321775, 51.5021725736094 ], [ 0.17853043795575, 51.505274432184699 ], [ 0.17410354688398, 51.507993478323698 ], [ 0.172208816779667, 51.508330102376 ], [ 0.166202205356285, 51.510674179424598 ], [ 0.165002402903745, 51.511649846594104 ], [ 0.163862869182584, 51.511644776261598 ], [ 0.163606385933079, 51.5119197439328 ], [ 0.162531095473409, 51.511627948036903 ], [ 0.159938961096818, 51.511763350292803 ], [ 0.159528546308957, 51.511922882939302 ], [ 0.15958340640759, 51.512415276685502 ], [ 0.158756508323291, 51.512265209309703 ], [ 0.15961339949936, 51.515771083254499 ], [ 0.162282351387461, 51.521371090461699 ], [ 0.162329976802079, 51.522336271280601 ], [ 0.16444905840584, 51.527014304003004 ], [ 0.165962965775036, 51.528793374829803 ], [ 0.168696354883914, 51.531190840483802 ], [ 0.170789863690154, 51.532634101989103 ], [ 0.17249553690431, 51.535777323592399 ], [ 0.173882834430427, 51.537388427933102 ], [ 0.175073248709193, 51.5385129425635 ], [ 0.17657089623205, 51.5392453454728 ], [ 0.178075658693201, 51.5395414196392 ], [ 0.179232426985772, 51.540290838689998 ], [ 0.180377631779663, 51.544096651080103 ], [ 0.1826044479021, 51.545834489870799 ], [ 0.18601364212704, 51.547535922248102 ], [ 0.187493161398344, 51.550198141455901 ], [ 0.189598191738071, 51.5514570732023 ], [ 0.190169028841709, 51.552720861751801 ], [ 0.187881083994856, 51.554094002118703 ], [ 0.186936385277378, 51.555783165675102 ], [ 0.185865487146026, 51.556343216094902 ], [ 0.184758725100155, 51.556408926141103 ], [ 0.185039737914464, 51.556791581496697 ], [ 0.184413098077479, 51.557653283940503 ], [ 0.184791816200115, 51.559875526219301 ], [ 0.182665768712343, 51.561242707774298 ], [ 0.183994548015001, 51.563851933757697 ], [ 0.185179273154283, 51.564751492252597 ], [ 0.185180463309676, 51.565513082632002 ], [ 0.183481321442701, 51.564632826353701 ], [ 0.178743970957364, 51.564940834258003 ], [ 0.176117781458231, 51.564721991435498 ], [ 0.173401352116817, 51.565093069157101 ], [ 0.168540865226235, 51.563598883976503 ], [ 0.16636792610052, 51.563271823478601 ], [ 0.161893735700278, 51.561616873806102 ], [ 0.154363765796302, 51.566113154411802 ], [ 0.151310465967264, 51.5680842977862 ], [ 0.150414733712369, 51.567841759270699 ], [ 0.148736447411088, 51.568637675120002 ], [ 0.146703647684621, 51.568796634228498 ], [ 0.146674855399834, 51.569431006222302 ], [ 0.149736009898797, 51.569710282822101 ], [ 0.148988109531544, 51.573149130658798 ], [ 0.147944569813229, 51.573124258453099 ], [ 0.148039018161371, 51.575792138114998 ], [ 0.147012279510983, 51.575707623025203 ], [ 0.147452002377933, 51.580812558395102 ], [ 0.14856379433479, 51.5807750120061 ], [ 0.150973634032508, 51.5838286639678 ], [ 0.151276598075538, 51.589883675578903 ], [ 0.150619253152612, 51.5913744340506 ], [ 0.151137669958092, 51.595451286325599 ], [ 0.149879933900273, 51.597011676539402 ], [ 0.148066115493633, 51.596356414071501 ], [ 0.148153093952352, 51.5967765492749 ], [ 0.147649118923652, 51.596794329844698 ], [ 0.14820590165784, 51.598968465163601 ], [ 0.149510112602879, 51.602904247441401 ], [ 0.148618257531294, 51.604440420130203 ], [ 0.148702061675442, 51.608697751827499 ], [ 0.147540561512271, 51.612223352963497 ], [ 0.145513450183006, 51.614534542532397 ], [ 0.144374330471667, 51.616804968154199 ], [ 0.138184235471144, 51.623545396974102 ], [ 0.151073417666375, 51.623247043792198 ], [ 0.155545015252706, 51.623340471876503 ], [ 0.162530221812874, 51.622577184936297 ], [ 0.162801932714823, 51.622792534519299 ], [ 0.165840788023513, 51.622379447469598 ], [ 0.16890129781848, 51.621420170483603 ], [ 0.175303885291077, 51.623587740617801 ], [ 0.180397231258125, 51.624472621146303 ], [ 0.180612434833379, 51.625735721273301 ], [ 0.181238047261213, 51.625826595147501 ], [ 0.182784975586598, 51.6257259340545 ], [ 0.185931858915748, 51.624373338387002 ], [ 0.186268761256766, 51.624559550415697 ], [ 0.185997113774138, 51.625522346229801 ], [ 0.188371546923765, 51.625413306539301 ], [ 0.18940055171144, 51.624490420097899 ], [ 0.189814527404496, 51.625104114017198 ], [ 0.194775111046519, 51.625714742002202 ], [ 0.200311572516926, 51.624935757614601 ], [ 0.203614197353024, 51.625173250222097 ], [ 0.208496660961782, 51.626687696140003 ], [ 0.212251016379556, 51.6269792941631 ], [ 0.212109364039914, 51.627187038595103 ], [ 0.217546984560731, 51.629093438153703 ], [ 0.222076944786036, 51.630126441733097 ], [ 0.224087730411796, 51.631737762367798 ] ] ] } },
{ "type": "Feature", "properties": { "borough_name": "Hillingdon", "median_house_price": 475000, "median_earnings": 39000, "affordability_ratio": 12.2, "affordability_category": "Stretched", "is_se_london": false, "vs_london_avg": -8.4 }, "geometry": { "type": "Polygon", "coordinates": [ [ [ -0.494210180014142, 51.631052314310701 ], [ -0.493480882577229, 51.6305614349791 ], [ -0.491526450108775, 51.630764751889103 ], [ -0.488177909365534, 51.626962997624801 ], [ -0.478666488977238, 51.622501717854803 ], [ -0.476695138061388, 51.621890224500497 ], [ -0.46915075929997, 51.616842160686197 ], [ -0.464451355443198, 51.614773549427397 ], [ -0.459742898262006, 51.613159347811198 ], [ -0.457130755473738, 51.612293889987697 ], [ -0.455347724742092, 51.612701132902899 ], [ -0.448878700687709, 51.615325307735098 ], [ -0.445548334763496, 51.619624724668199 ], [ -0.44325573325963, 51.619502718293496 ], [ -0.440575301279442, 51.620073239301298 ], [ -0.438282252147841, 51.619922361882203 ], [ -0.432730160764855, 51.618348546629299 ], [ -0.428395647588457, 51.617752110228402 ], [ -0.426481434439677, 51.6170070468891 ], [ -0.420902666008495, 51.6169331697307 ], [ -0.416617279539307, 51.616425028830101 ], [ -0.411985221570793, 51.614182686573201 ], [ -0.411000788489722, 51.613791701986102 ], [ -0.404003977890064, 51.613183973542597 ], [ -0.403215759027032, 51.6090989976571 ], [ -0.401760469398902, 51.606619740269402 ], [ -0.402478037533898, 51.605190347205998 ], [ -0.402337877317186, 51.601939806661498 ], [ -0.401172349725285, 51.599560508018897 ], [ -0.39992651454445, 51.598178952313802 ], [ -0.400334603316673, 51.597416197212397 ], [ -0.39769618244992, 51.5968808164439 ], [ -0.396501870140447, 51.595052724348697 ], [ -0.396366445066841, 51.593615963418699 ], [ -0.395532851232754, 51.591884487455602 ], [ -0.395573576806697, 51.590593561078798 ], [ -0.395490674494017, 51.590193817674901 ], [ -0.394459472115783, 51.590420407502002 ], [ -0.391984929059064, 51.5882743644556 ], [ -0.391044193673723, 51.583048318213997 ], [ -0.390978402327779, 51.581697764352 ], [ -0.391563901542468, 51.581559052023103 ], [ -0.388544818560857, 51.577685704283802 ], [ -0.387536201348649, 51.5752527221685 ], [ -0.388075351840062, 51.574991800630698 ], [ -0.385651517379384, 51.572133623301099 ], [ -0.386475786941669, 51.5715534322214 ], [ -0.385883078066173, 51.570897494105601 ], [ -0.383296018626681, 51.5672799495728 ], [ -0.382358611270806, 51.564830869999497 ], [ -0.382399541453545, 51.563601083154097 ], [ -0.381892290346184, 51.563076687985301 ], [ -0.38233243396987, 51.5628796999816 ], [ -0.380422439051526, 51.560856823907898 ], [ -0.380088715629006, 51.559585801085603 ], [ -0.380241090382526, 51.559047686841502 ], [ -0.377843376019978, 51.554977064428499 ], [ -0.377656412711582, 51.554699566651699 ], [ -0.385035861073689, 51.551258605121802 ], [ -0.392796401622069, 51.548968942288397 ], [ -0.394210632799448, 51.548614495921498 ], [ -0.394946979967999, 51.548731278600698 ], [ -0.394986043334604, 51.548038709592298 ], [ -0.394879242969686, 51.547646582227699 ], [ -0.398706173814887, 51.547897360632803 ], [ -0.397890417634814, 51.545666927953597 ], [ -0.396540579884704, 51.5459670738746 ], [ -0.39634437286305, 51.545704061606699 ], [ -0.395285532006663, 51.542551633739599 ], [ -0.397831391499307, 51.542329965337302 ], [ -0.405008718566556, 51.5424900668379 ], [ -0.4162187707012, 51.540210243711797 ], [ -0.418586413502544, 51.540221966629602 ], [ -0.419461122189951, 51.540314912172001 ], [ -0.41938850960014, 51.5399090590127 ], [ -0.418159934292837, 51.539154039112802 ], [ -0.419548090734817, 51.538706229929304 ], [ -0.41937990160405, 51.538261908503799 ], [ -0.417489782128102, 51.537838703997302 ], [ -0.417431210773785, 51.536646155358298 ], [ -0.415306149337927, 51.536556582752901 ], [ -0.414763950786028, 51.5359758704464 ], [ -0.413819749243935, 51.535743840800301 ], [ -0.413487345767395, 51.534712023440399 ], [ -0.41222056534672, 51.534494686005402 ], [ -0.411845422020107, 51.534072813740899 ], [ -0.411049520079079, 51.534290185887798 ], [ -0.405321733528102, 51.533220590957399 ], [ -0.392648908258066, 51.531448842194699 ], [ -0.389276233506824, 51.530802710327897 ], [ -0.387115192662479, 51.529574212276103 ], [ -0.386642781660345, 51.5303991552898 ], [ -0.380996722618005, 51.529411695134797 ], [ -0.376371680549652, 51.5288849029048 ], [ -0.376145316078738, 51.524945206298 ], [ -0.381788639446717, 51.518620424887303 ], [ -0.383430006100638, 51.517488579251101 ], [ -0.384947709027511, 51.516373685094003 ], [ -0.38911607191857, 51.514665169924399 ], [ -0.390422060131917, 51.513204562644198 ], [ -0.393513489171671, 51.507011729805903 ], [ -0.40023371074684, 51.504292709288102 ], [ -0.402859076450413, 51.5035818373252 ], [ -0.403819232556505, 51.5029338451576 ], [ -0.403833880792223, 51.502919392303298 ], [ -0.406918399587474, 51.4996663980547 ], [ -0.40922118558619, 51.500329563430803 ], [ -0.40963795368194, 51.499935911578397 ], [ -0.410824254026211, 51.497739429536601 ], [ -0.41053842709551, 51.496206811699601 ], [ -0.411429611768479, 51.494858354773399 ], [ -0.411846360332265, 51.492436539942901 ], [ -0.412630495035642, 51.488528134441303 ], [ -0.413314897699202, 51.487224341601298 ], [ -0.413928076156038, 51.487220116433299 ], [ -0.414537371041991, 51.486442879653403 ], [ -0.414589867349905, 51.486169503547302 ], [ -0.413972371112925, 51.486077471314999 ], [ -0.414732909190859, 51.485569160389602 ], [ -0.416207131304551, 51.4829604185338 ], [ -0.41692034965768, 51.482462893423097 ], [ -0.416402112037153, 51.482108699571 ], [ -0.41674675099563, 51.480571237683598 ], [ -0.414890863109542, 51.4769085929181 ], [ -0.415774884585821, 51.473938512392102 ], [ -0.414738221996228, 51.4734217010203 ], [ -0.412866178871015, 51.471339606045298 ], [ -0.411363360666867, 51.470498317329401 ], [ -0.411131663867979, 51.469887514772097 ], [ -0.420209163731638, 51.467142070006702 ], [ -0.420282077206307, 51.466781306334397 ], [ -0.421924734333478, 51.466624054158899 ], [ -0.433596848004709, 51.461717695698901 ], [ -0.436579316441717, 51.457851401267298 ], [ -0.434786162764005, 51.457094642260799 ], [ -0.434997243798071, 51.4568836646676 ], [ -0.441424059282673, 51.456777547685903 ], [ -0.443949638873137, 51.4532905922729 ], [ -0.449122696011472, 51.4538057072632 ], [ -0.453782881340728, 51.454853468865302 ], [ -0.453949876033812, 51.455451994774002 ], [ -0.455421771421196, 51.455623898436897 ], [ -0.455363519486257, 51.455282291001197 ], [ -0.455735987025624, 51.455232315021199 ], [ -0.458723754309907, 51.456341740939799 ], [ -0.461113245329111, 51.4571744004474 ], [ -0.468764042358764, 51.457833559563703 ], [ -0.473617541485337, 51.458576729463097 ], [ -0.476054109765016, 51.460082325652699 ], [ -0.476481138422562, 51.460595058148002 ], [ -0.475912440424056, 51.460792243241897 ], [ -0.477154075467776, 51.4613753654086 ], [ -0.48619975341885, 51.461366664581703 ], [ -0.489617451707073, 51.461795622337199 ], [ -0.492154235722143, 51.462988304381902 ], [ -0.493866101952904, 51.4627634643535 ], [ -0.496941186913499, 51.465849570254399 ], [ -0.498097277725186, 51.466440800096599 ], [ -0.501015709361946, 51.4673144416223 ], [ -0.504252974031127, 51.467766283341298 ], [ -0.506380359413811, 51.467751854310599 ], [ -0.507295325694769, 51.466943575008898 ], [ -0.508788421574085, 51.467103303140497 ], [ -0.510241120496709, 51.467500348705997 ], [ -0.509807321692741, 51.4692072646179 ], [ -0.50849877081596, 51.469418431043998 ], [ -0.505942270589562, 51.472478722419702 ], [ -0.503494938672219, 51.480520038442101 ], [ -0.501955132674415, 51.482858144877603 ], [ -0.498699721684486, 51.486079905987602 ], [ -0.498996806746307, 51.486724861408803 ], [ -0.499675950001652, 51.486834238246097 ], [ -0.499024434028171, 51.487858198696998 ], [ -0.499169215876422, 51.488581213670599 ], [ -0.498307585240541, 51.488455112600299 ], [ -0.497978110137032, 51.488882493018302 ], [ -0.498629785052795, 51.489261397859302 ], [ -0.497382045763709, 51.489882971246999 ], [ -0.496650754037745, 51.489826851003698 ], [ -0.496761568359183, 51.490487402659902 ], [ -0.495986207409483, 51.4905430852927 ], [ -0.494942278304082, 51.491317374948203 ], [ -0.495348927702837, 51.4920465413581 ], [ -0.494830416382881, 51.492657657578398 ], [ -0.491444676643396, 51.493063719997203 ], [ -0.490116783229529, 51.494578916011797 ], [ -0.490024731164425, 51.4947476352948 ], [ -0.489627338591989, 51.495525784709798 ], [ -0.488702732485759, 51.495974273409303 ], [ -0.48902468302824, 51.497367722335703 ], [ -0.489506678817567, 51.497560970858899 ], [ -0.488852671675367, 51.4985596737042 ], [ -0.489597588650347, 51.498644806347599 ], [ -0.489764829162995, 51.498989564414401 ], [ -0.488759525420495, 51.500197756293197 ], [ -0.487496398030058, 51.500358616495397 ], [ -0.487235553476811, 51.500968971376999 ], [ -0.4862629163842, 51.500863349192599 ], [ -0.486297608734147, 51.501772012690097 ], [ -0.485226935454765, 51.502579176711897 ], [ -0.484693041916118, 51.503600539968197 ], [ -0.48529156049607, 51.504017869295602 ], [ -0.484895757342036, 51.504373343977903 ], [ -0.485095648943368, 51.505166343632403 ], [ -0.483950090929856, 51.505687474829003 ], [ -0.483266374938188, 51.5066408013912 ], [ -0.483268224863511, 51.507213630181603 ], [ -0.48402411224431, 51.507687853454001 ], [ -0.48359100657625, 51.508080608914298 ], [ -0.48585399694688, 51.509843107533399 ], [ -0.485535852064559, 51.510027808124299 ], [ -0.48978652323901, 51.511526828662703 ], [ -0.489921430798479, 51.513414243594397 ], [ -0.489560812101573, 51.514077711415297 ], [ -0.491199327048256, 51.515257040656799 ], [ -0.492329767424708, 51.517077163322803 ], [ -0.491631096332019, 51.518897206255403 ], [ -0.490366717444449, 51.520169505230001 ], [ -0.491173211463826, 51.521279678787998 ], [ -0.49052218356144, 51.522482560954899 ], [ -0.490256627097217, 51.524585050197501 ], [ -0.490819364282009, 51.526443795334501 ], [ -0.489455604889582, 51.527619512333501 ], [ -0.488973661709899, 51.529088744834198 ], [ -0.489886983581709, 51.5304369241911 ], [ -0.49012850555366, 51.5320711952617 ], [ -0.491188814012385, 51.533272723010001 ], [ -0.490481810396702, 51.534157462611098 ], [ -0.491207260895676, 51.534325014175003 ], [ -0.491595796808793, 51.534917213460503 ], [ -0.493328796553323, 51.535836918513702 ], [ -0.49548974434616, 51.538429206092999 ], [ -0.493584924005186, 51.541005366510198 ], [ -0.491806813320703, 51.541573232830402 ], [ -0.492098080580767, 51.542448339742499 ], [ -0.491074733262535, 51.544531274604097 ], [ -0.490782112817112, 51.545041926313203 ], [ -0.491564434879796, 51.545328867557799 ], [ -0.491392581552945, 51.546077563786 ], [ -0.489311370782817, 51.5463834984103 ], [ -0.489514221844471, 51.547180974469299 ], [ -0.488148901429543, 51.547430477417599 ], [ -0.486597107292304, 51.550034469769301 ], [ -0.484227716383995, 51.551455178880097 ], [ -0.482664861360182, 51.551522253543801 ], [ -0.478882100802227, 51.554836275641001 ], [ -0.477784298092541, 51.554838209865601 ], [ -0.477329883021475, 51.555272084186598 ], [ -0.476595819817008, 51.558031186135899 ], [ -0.476986931705237, 51.559625277470602 ], [ -0.477518912026973, 51.560282317372099 ], [ -0.480421055378501, 51.560814482259303 ], [ -0.481040707828238, 51.560705644879398 ], [ -0.480752350677791, 51.561780937036403 ], [ -0.482793741222473, 51.562821667968002 ], [ -0.482245240435, 51.563915261267702 ], [ -0.483221553434395, 51.565140056750501 ], [ -0.482578819452941, 51.565726136003697 ], [ -0.484762571793146, 51.566871154668199 ], [ -0.484012855777258, 51.571195723111302 ], [ -0.485061222329002, 51.572299168379303 ], [ -0.485533844261732, 51.573841051350499 ], [ -0.484541753875331, 51.574295885898401 ], [ -0.484026266081064, 51.575127326873002 ], [ -0.488060351626916, 51.576458034942497 ], [ -0.488120815477178, 51.576941644973402 ], [ -0.488935439625814, 51.577271351543999 ], [ -0.48946612053725, 51.578154936589101 ], [ -0.488553064489496, 51.579618830484499 ], [ -0.489602980617373, 51.581772494257599 ], [ -0.494825295709162, 51.5847772588806 ], [ -0.494941539394957, 51.586546640427997 ], [ -0.49574126561331, 51.588116040789203 ], [ -0.497209494067828, 51.589338903246599 ], [ -0.497912383295883, 51.590961074778903 ], [ -0.498822083760922, 51.591218212268899 ], [ -0.498620530740637, 51.591901720220797 ], [ -0.499542328397435, 51.592142825249397 ], [ -0.498782490579854, 51.5930763901723 ], [ -0.498568487558822, 51.594444025290201 ], [ -0.499401600021716, 51.595315245094298 ], [ -0.499634636476258, 51.596703239184102 ], [ -0.500544826185814, 51.598522042931698 ], [ -0.500595886737316, 51.599689899563799 ], [ -0.500827277038045, 51.600250376758297 ], [ -0.500169839989581, 51.601228419577801 ], [ -0.499231467220527, 51.601371546674301 ], [ -0.498117513597482, 51.600910397945498 ], [ -0.497385262759285, 51.600959480547701 ], [ -0.496676942360353, 51.601420704592101 ], [ -0.496257603641733, 51.6024440361901 ], [ -0.49711034664165, 51.6031635311043 ], [ -0.497200381387699, 51.604810242652903 ], [ -0.498562120178398, 51.608312555762602 ], [ -0.499214909481778, 51.608881107723001 ], [ -0.498377553874772, 51.609402469563399 ], [ -0.498934567264451, 51.610160431930801 ], [ -0.498939388796522, 51.611065101269197 ], [ -0.497775375185582, 51.614432156954599 ], [ -0.497033626983844, 51.614875871004699 ], [ -0.495321906681722, 51.618937546020199 ], [ -0.4968685670868, 51.620523773726902 ], [ -0.499111058443274, 51.621032806518699 ], [ -0.500148673577685, 51.622071879029001 ], [ -0.500047387696966, 51.623654094897702 ], [ -0.498370277589076, 51.624744091638597 ], [ -0.497635161966895, 51.626617641847602 ], [ -0.500147340423195, 51.628639703301097 ], [ -0.499965026435791, 51.629173305297201 ], [ -0.499261609188921, 51.630479853404601 ], [ -0.497127638653444, 51.631679111603098 ], [ -0.496147547043516, 51.631736256582101 ], [ -0.495524794108788, 51.631168522385799 ], [ -0.494210180014142, 51.631052314310701 ] ] ] } },
{ "type": "Feature", "properties": { "borough_name": "Hounslow", "median_house_price": 485000, "median_earnings": 41000, "affordability_ratio": 11.8, "affordability_category": "Moderate", "is_se_london": false, "vs_london_avg": -11.4 }, "geometry": { "type": "MultiPolygon", "coordinates": [ [ [ [ -0.326393087573391, 51.4608910475987 ], [ -0.326393507395222, 51.460885510600797 ], [ -0.326431629146651, 51.460919228173402 ], [ -0.326393087573391, 51.4608910475987 ] ] ], [ [ [ -0.323685889149201, 51.465117473453702 ], [ -0.32433963413763, 51.464566634419299 ], [ -0.323989114919517, 51.464981813174397 ], [ -0.323685889149201, 51.465117473453702 ] ] ], [ [ [ -0.319775972807439, 51.470680456429697 ], [ -0.320907288566913, 51.465982318789202 ], [ -0.32129999589734, 51.466874605140298 ], [ -0.321219446746203, 51.469561324277201 ], [ -0.320469082621924, 51.470469618185398 ], [ -0.319775972807439, 51.470680456429697 ] ] ], [ [ [ -0.297667537218587, 51.485223943561003 ], [ -0.298568514580154, 51.484112341253699 ], [ -0.29903900198016, 51.484667267712702 ], [ -0.298651083818592, 51.484515260088997 ], [ -0.298112306470681, 51.484849330032603 ], [ -0.29843689053787, 51.4850366794401 ], [ -0.297889193960534, 51.485229370797697 ], [ -0.297749237110034, 51.485278610280098 ], [ -0.297624608081035, 51.485276906301799 ], [ -0.297667537218587, 51.485223943561003 ] ] ], [ [ [ -0.244779454490665, 51.4880006370052 ], [ -0.247566423995083, 51.486541422187202 ], [ -0.246235610853322, 51.4875903150851 ], [ -0.244907411777773, 51.488175659874599 ], [ -0.244477991114727, 51.488273999766797 ], [ -0.244779454490665, 51.4880006370052 ] ] ], [ [ [ -0.280772402092, 51.502847528293998 ], [ -0.277402382334547, 51.499086462841603 ], [ -0.274176319018755, 51.497292792913001 ], [ -0.272401695976202, 51.496156209187198 ], [ -0.271303045031441, 51.494801357303501 ], [ -0.269061038858674, 51.494026321844501 ], [ -0.267676633366511, 51.493919252122502 ], [ -0.261483309223535, 51.4946413215647 ], [ -0.255422123395226, 51.494978344816502 ], [ -0.255606406879975, 51.496033357943702 ], [ -0.252771583657548, 51.499888498096603 ], [ -0.253040909966186, 51.5014223351426 ], [ -0.251290048414711, 51.499858361081202 ], [ -0.249203165323049, 51.496949900288399 ], [ -0.245929225229688, 51.498141331781099 ], [ -0.245259712183608, 51.498339708798603 ], [ -0.245238856675817, 51.498306356290598 ], [ -0.24498272220723, 51.497896746942097 ], [ -0.244419991253253, 51.497938913367399 ], [ -0.245565857109029, 51.490052647013101 ], [ -0.244942229294421, 51.489001699466598 ], [ -0.24451713921975, 51.488702206149803 ], [ -0.247638033090757, 51.487341040249198 ], [ -0.249713346511328, 51.4856935369803 ], [ -0.249430245279678, 51.485563865676099 ], [ -0.251401184465005, 51.482178282843499 ], [ -0.251528006063237, 51.477334451715898 ], [ -0.252697152941449, 51.475058280848899 ], [ -0.25465189688673, 51.4729080150667 ], [ -0.258065991599084, 51.4716593135051 ], [ -0.262135076139299, 51.4713572428834 ], [ -0.265678740766768, 51.471924045360304 ], [ -0.269125135946822, 51.473550529500599 ], [ -0.273062253676309, 51.476968119424797 ], [ -0.273419111347364, 51.4775902583619 ], [ -0.275271506063785, 51.4808193924082 ], [ -0.276716500370242, 51.4833380078801 ], [ -0.281565624776101, 51.486287160668503 ], [ -0.286444158997584, 51.487495642273302 ], [ -0.287249571787035, 51.487931407787698 ], [ -0.287419998761071, 51.487656067703803 ], [ -0.287446558347857, 51.487613158336103 ], [ -0.29246184737579, 51.487463776126297 ], [ -0.292666590079345, 51.487394311637097 ], [ -0.298851188389534, 51.485295754131101 ], [ -0.299015400652907, 51.485306350728401 ], [ -0.300401978823454, 51.483977047050303 ], [ -0.299966155102813, 51.484135748704901 ], [ -0.299717357017977, 51.483258051960902 ], [ -0.300506280910718, 51.483793838919603 ], [ -0.301419643566376, 51.483376863198202 ], [ -0.300362665544346, 51.483507957333501 ], [ -0.300182139329026, 51.483168564664801 ], [ -0.301018237405761, 51.482993177126502 ], [ -0.303394335185601, 51.482593667922202 ], [ -0.304205643154527, 51.4832222989249 ], [ -0.305088070374836, 51.482670760281302 ], [ -0.306273189577842, 51.482792642933902 ], [ -0.304863917245117, 51.482296383514402 ], [ -0.304022434109202, 51.482958412210898 ], [ -0.304384941608407, 51.4821736437776 ], [ -0.300090794900859, 51.482700519070796 ], [ -0.300928659769566, 51.481701874447502 ], [ -0.303537537149551, 51.479897476652702 ], [ -0.304118608429246, 51.479606872098202 ], [ -0.30466779992558, 51.479923710959099 ], [ -0.304277874919713, 51.4796033295478 ], [ -0.304648075122245, 51.479601037346598 ], [ -0.304463100208062, 51.479132541260597 ], [ -0.305213651866614, 51.478270646993103 ], [ -0.305750249258055, 51.478344046463697 ], [ -0.305357507496577, 51.478138734355397 ], [ -0.306175135457294, 51.476961710317497 ], [ -0.307066052835895, 51.477044627336802 ], [ -0.306264366546903, 51.476865877841497 ], [ -0.306930916350892, 51.476209592875797 ], [ -0.308073590263858, 51.475644705996103 ], [ -0.308041046179009, 51.4758627589677 ], [ -0.308748909036499, 51.4758797139609 ], [ -0.308233813119794, 51.475575975170997 ], [ -0.309314150662648, 51.475021426170102 ], [ -0.30958681473946, 51.475241627519303 ], [ -0.309351238079197, 51.474972501815401 ], [ -0.309765992562579, 51.475166424538102 ], [ -0.309507088825394, 51.474905056233197 ], [ -0.310104001396786, 51.474923550942997 ], [ -0.309993236694313, 51.474667016031397 ], [ -0.310616580929483, 51.474925090828897 ], [ -0.31024962371033, 51.474528628207203 ], [ -0.310662544855287, 51.474694194827201 ], [ -0.310625878190218, 51.474380725936797 ], [ -0.311151968172075, 51.474718329810599 ], [ -0.310716413385483, 51.474327175546897 ], [ -0.311318477587845, 51.474557063194901 ], [ -0.311309301329686, 51.4741423745715 ], [ -0.311651565959442, 51.474447204024699 ], [ -0.311336593435763, 51.474085664877499 ], [ -0.311845620076269, 51.474339389246197 ], [ -0.311460470930404, 51.474006515626499 ], [ -0.312032288119697, 51.4742170797605 ], [ -0.31164348759516, 51.473924620651701 ], [ -0.312017079611213, 51.473751046841898 ], [ -0.312467364494379, 51.473996728967698 ], [ -0.312171291136956, 51.47370830365 ], [ -0.312711985422259, 51.473884244863697 ], [ -0.312469974892922, 51.473672135532297 ], [ -0.312959625449747, 51.473748423057899 ], [ -0.312903510373546, 51.473512910286999 ], [ -0.313445725858076, 51.473901543756703 ], [ -0.313100772503876, 51.473454598608399 ], [ -0.313880791919316, 51.473466265704303 ], [ -0.313856170071864, 51.4731965848814 ], [ -0.314206493909516, 51.473458808152103 ], [ -0.313918302869092, 51.473190733793899 ], [ -0.314300078932249, 51.473263666222998 ], [ -0.314290539586241, 51.473053553107199 ], [ -0.3147169413047, 51.473400499076902 ], [ -0.31441885917653, 51.472970867578901 ], [ -0.316000143964369, 51.472463384334702 ], [ -0.316248928493035, 51.4726599366032 ], [ -0.316196519334359, 51.4724015476408 ], [ -0.319046036700629, 51.471500737983803 ], [ -0.319066203178041, 51.471494362673198 ], [ -0.320198710395752, 51.471304300528097 ], [ -0.321446013955583, 51.470489450900203 ], [ -0.322532386022837, 51.470685745986998 ], [ -0.322486128831666, 51.470474658760899 ], [ -0.321497404720767, 51.470403408416303 ], [ -0.322233578524099, 51.469037184393997 ], [ -0.321774169058415, 51.465431796025499 ], [ -0.323514029036673, 51.465329889283097 ], [ -0.324037805499753, 51.465042421808299 ], [ -0.324824785931235, 51.464368437097001 ], [ -0.325205783547585, 51.463836797574302 ], [ -0.325343873296781, 51.463720438177198 ], [ -0.325716053946399, 51.463124753288 ], [ -0.326777994434598, 51.461642816137697 ], [ -0.326861258371947, 51.461291717006198 ], [ -0.326886287042126, 51.4612516545915 ], [ -0.326877324873667, 51.461245101545202 ], [ -0.326892872521222, 51.461158409808696 ], [ -0.326437229594522, 51.4608636965607 ], [ -0.326739097422449, 51.460052725975999 ], [ -0.326410054676839, 51.460667044167799 ], [ -0.326513406711705, 51.459302466158398 ], [ -0.325588217827617, 51.458080863027803 ], [ -0.326934014640788, 51.457010899903999 ], [ -0.328455258887979, 51.457999095950001 ], [ -0.330373639818618, 51.457933567453999 ], [ -0.331400259935538, 51.457356879844397 ], [ -0.333027908582819, 51.455378348473701 ], [ -0.333616069775311, 51.455240073576597 ], [ -0.333692637193721, 51.455490924619802 ], [ -0.33627331434432, 51.455678909252697 ], [ -0.336982324195838, 51.454648189460499 ], [ -0.337512639549886, 51.4547671989246 ], [ -0.337736793521604, 51.455475260630998 ], [ -0.338548700277405, 51.456099256681902 ], [ -0.338953300500773, 51.455881018113097 ], [ -0.340644811569025, 51.457268908059199 ], [ -0.340111328286192, 51.459241256541297 ], [ -0.341706616118169, 51.459017288869902 ], [ -0.342735402175869, 51.458071780333903 ], [ -0.345289190489759, 51.457859382419898 ], [ -0.346024097188038, 51.457259874853797 ], [ -0.348569300602764, 51.456764668030601 ], [ -0.352810773187725, 51.456863821792801 ], [ -0.353487090513193, 51.458180237963703 ], [ -0.355812842546929, 51.458380705503203 ], [ -0.359854797465852, 51.458201856900899 ], [ -0.362636099233493, 51.457683270123503 ], [ -0.364419302861009, 51.457587232509503 ], [ -0.36503235055546, 51.457805584897798 ], [ -0.367837401588697, 51.457424922541101 ], [ -0.368435236749007, 51.456862614075199 ], [ -0.369564447011299, 51.456967651780701 ], [ -0.369570162557889, 51.456968185376198 ], [ -0.372439929994924, 51.457235416502797 ], [ -0.372687650270116, 51.456997648841103 ], [ -0.373024056271843, 51.4574730212235 ], [ -0.375258068480552, 51.456271137551902 ], [ -0.383751479151189, 51.449506183909797 ], [ -0.384490171047228, 51.449894897272301 ], [ -0.387786648191089, 51.449371318139498 ], [ -0.386257004588281, 51.448124083136598 ], [ -0.386223447876443, 51.446712101023202 ], [ -0.382905141601064, 51.445095134567097 ], [ -0.379747633102291, 51.444321743062197 ], [ -0.379546064371273, 51.443103673166597 ], [ -0.378205143117411, 51.442484293911498 ], [ -0.377126285412797, 51.442459627948601 ], [ -0.375926680168315, 51.4430871196178 ], [ -0.373881385979297, 51.443033979882102 ], [ -0.37307817455589, 51.4436692785413 ], [ -0.367098818227581, 51.441700680718299 ], [ -0.366823470215651, 51.441623327220803 ], [ -0.377761461379696, 51.436819417208 ], [ -0.377871941022836, 51.436279785065601 ], [ -0.37609256289144, 51.4355062687481 ], [ -0.376157260562842, 51.435467147243102 ], [ -0.383150312332945, 51.4322384454304 ], [ -0.387726274714751, 51.428887728316099 ], [ -0.387934644192034, 51.428623637467197 ], [ -0.387103166507676, 51.428176016923501 ], [ -0.388057123788859, 51.427849696292498 ], [ -0.388387260380427, 51.427997271381599 ], [ -0.384081926037091, 51.422692393233099 ], [ -0.384951484237788, 51.421258867122198 ], [ -0.385430928192615, 51.420629016503497 ], [ -0.391019331671074, 51.423145833076802 ], [ -0.392754332190993, 51.423443609605698 ], [ -0.392912348231466, 51.423276918465099 ], [ -0.39131707100993, 51.422315412796003 ], [ -0.394511657485767, 51.423238279208199 ], [ -0.398112219660125, 51.423556451114798 ], [ -0.401759735010021, 51.423312202030701 ], [ -0.405361519526498, 51.422479982888603 ], [ -0.407775633374297, 51.423578390592297 ], [ -0.408441393437487, 51.423834748798797 ], [ -0.409006533109657, 51.425451181078898 ], [ -0.410868379205711, 51.427342326400399 ], [ -0.413086017775112, 51.427855291891298 ], [ -0.412452594196594, 51.428781898505797 ], [ -0.414352303011755, 51.429295832619999 ], [ -0.413806058184536, 51.430075298200997 ], [ -0.417900391369536, 51.431028040288602 ], [ -0.417294140034465, 51.431918178911602 ], [ -0.418356202174201, 51.431866792794601 ], [ -0.418583730845841, 51.432109965880699 ], [ -0.419078640341703, 51.4323594365761 ], [ -0.421153880112781, 51.432171520254101 ], [ -0.423579568058236, 51.431161049934502 ], [ -0.423498704137031, 51.430877602050401 ], [ -0.427485561864324, 51.430819579285902 ], [ -0.427831380170741, 51.429252369514401 ], [ -0.429424721185525, 51.429395043263298 ], [ -0.429534400842161, 51.4287976175425 ], [ -0.432639793866264, 51.4290180750099 ], [ -0.439983256299083, 51.4306264509747 ], [ -0.439752292782007, 51.434619597557798 ], [ -0.447716870984933, 51.435002983345797 ], [ -0.446288585067704, 51.439996420180101 ], [ -0.453660346816655, 51.438494076526403 ], [ -0.456475091199213, 51.438224546394601 ], [ -0.455391174524668, 51.442119226289499 ], [ -0.457443722592711, 51.442998788917798 ], [ -0.457461624027761, 51.449090630834199 ], [ -0.46148169282775, 51.4489923775837 ], [ -0.461319944712023, 51.452391263745803 ], [ -0.459838360775427, 51.452239548730503 ], [ -0.459294048144444, 51.452715335804001 ], [ -0.458723754309907, 51.456341740939799 ], [ -0.455735987025624, 51.455232315021199 ], [ -0.455363519486257, 51.455282291001197 ], [ -0.455421771421196, 51.455623898436897 ], [ -0.453949876033812, 51.455451994774002 ], [ -0.453782881340728, 51.454853468865302 ], [ -0.449122696011472, 51.4538057072632 ], [ -0.443949638873137, 51.4532905922729 ], [ -0.441424059282673, 51.456777547685903 ], [ -0.434997243798071, 51.4568836646676 ], [ -0.434786162764005, 51.457094642260799 ], [ -0.436579316441717, 51.457851401267298 ], [ -0.433596848004709, 51.461717695698901 ], [ -0.421924734333478, 51.466624054158899 ], [ -0.420282077206307, 51.466781306334397 ], [ -0.420209163731638, 51.467142070006702 ], [ -0.411131663867979, 51.469887514772097 ], [ -0.411363360666867, 51.470498317329401 ], [ -0.412866178871015, 51.471339606045298 ], [ -0.414738221996228, 51.4734217010203 ], [ -0.415774884585821, 51.473938512392102 ], [ -0.414890863109542, 51.4769085929181 ], [ -0.41674675099563, 51.480571237683598 ], [ -0.416402112037153, 51.482108699571 ], [ -0.41692034965768, 51.482462893423097 ], [ -0.416207131304551, 51.4829604185338 ], [ -0.414732909190859, 51.485569160389602 ], [ -0.413972371112925, 51.486077471314999 ], [ -0.414589867349905, 51.486169503547302 ], [ -0.414537371041991, 51.486442879653403 ], [ -0.413928076156038, 51.487220116433299 ], [ -0.413314897699202, 51.487224341601298 ], [ -0.412630495035642, 51.488528134441303 ], [ -0.411846360332265, 51.492436539942901 ], [ -0.411429611768479, 51.494858354773399 ], [ -0.41053842709551, 51.496206811699601 ], [ -0.410824254026211, 51.497739429536601 ], [ -0.40963795368194, 51.499935911578397 ], [ -0.40922118558619, 51.500329563430803 ], [ -0.406918399587474, 51.4996663980547 ], [ -0.389375031127265, 51.495157935940398 ], [ -0.386575408414563, 51.4946852999661 ], [ -0.384546938967056, 51.494683056111803 ], [ -0.381841111112896, 51.495224000890701 ], [ -0.377876677159829, 51.4966066463979 ], [ -0.377903011367198, 51.495469301243503 ], [ -0.375823922335663, 51.495391611763999 ], [ -0.375012564856431, 51.493996026163302 ], [ -0.373809044711411, 51.491960150161901 ], [ -0.37249726445803, 51.491027705070898 ], [ -0.371919091997922, 51.490990556304503 ], [ -0.371851047191365, 51.490476155831502 ], [ -0.367912694991677, 51.491789160033797 ], [ -0.368354836430718, 51.492298901589699 ], [ -0.366986978925952, 51.4928033794531 ], [ -0.365794059745001, 51.493653907532099 ], [ -0.365363324880322, 51.4933136777424 ], [ -0.363734025283402, 51.4946959793673 ], [ -0.363117893266542, 51.495875778644603 ], [ -0.36187789583015, 51.496087419235899 ], [ -0.358052570966066, 51.4977679753258 ], [ -0.350619148399036, 51.499106657996798 ], [ -0.349708960195708, 51.498981455969499 ], [ -0.342278725726975, 51.495987795627201 ], [ -0.335375051379258, 51.496165767812997 ], [ -0.335264555913964, 51.496157913634697 ], [ -0.335117279502069, 51.496147443755099 ], [ -0.331231243629166, 51.495509558673099 ], [ -0.329945002137216, 51.495020532450397 ], [ -0.327341220314482, 51.496002413991 ], [ -0.326127384627688, 51.495003656576799 ], [ -0.324675743393902, 51.495993760158001 ], [ -0.323898551965763, 51.495716562394598 ], [ -0.323414300516202, 51.495896588795198 ], [ -0.31918147076384, 51.494217301063699 ], [ -0.315794343146763, 51.495907347213603 ], [ -0.31528026854231, 51.495554854854099 ], [ -0.315712070935597, 51.495348248359797 ], [ -0.31446791118935, 51.494357298189698 ], [ -0.315085314491169, 51.4939643857658 ], [ -0.314388695555614, 51.493457122554602 ], [ -0.313884658435713, 51.493608092620498 ], [ -0.311911168808834, 51.491971458578 ], [ -0.308405375534104, 51.493574123245402 ], [ -0.305431203745424, 51.4945373630636 ], [ -0.305851829897637, 51.496182883424098 ], [ -0.301377122233943, 51.495194214836701 ], [ -0.301132918675038, 51.494405563262902 ], [ -0.297537161815247, 51.494884715273201 ], [ -0.299946959438523, 51.497856013592198 ], [ -0.300669386722828, 51.499329225633304 ], [ -0.293897823008893, 51.501577556139502 ], [ -0.288668716199761, 51.500832417902402 ], [ -0.285711510361579, 51.500783730423699 ], [ -0.280772402092, 51.502847528293998 ] ] ] ] } },
{ "type": "Feature", "properties": { "borough_name": "Islington", "median_house_price": 700000, "median_earnings": 50000, "affordability_ratio": 14.0, "affordability_category": "Stretched", "is_se_london": false, "vs_london_avg": 5.2 }, "geometry": { "type": "Polygon", "coordinates": [ [ [ -0.117551176826914, 51.574141984559297 ], [ -0.115550981531812, 51.572581255289101 ], [ -0.116080307943225, 51.572184359485803 ], [ -0.115701333599976, 51.5720164892168 ], [ -0.115019872269648, 51.5705899262584 ], [ -0.110690523650188, 51.568612868947199 ], [ -0.104884456446495, 51.564671306833098 ], [ -0.104373934561655, 51.564766658503103 ], [ -0.099565512800032, 51.561562798782901 ], [ -0.09858579502073, 51.560813933995199 ], [ -0.096016917118238, 51.561215457059198 ], [ -0.091716867631208, 51.560201486810598 ], [ -0.090396922359362, 51.557574175117097 ], [ -0.09035614157729, 51.554151426578997 ], [ -0.08928633113383, 51.553740871155703 ], [ -0.088554181142665, 51.553940528515703 ], [ -0.087564941247415, 51.552844719513097 ], [ -0.085398519589809, 51.552134203264103 ], [ -0.081942657095435, 51.5520633110132 ], [ -0.079399001200161, 51.5516726920387 ], [ -0.077677391125827, 51.549483010101 ], [ -0.076326084702188, 51.547203573978798 ], [ -0.076685252779043, 51.546086595502601 ], [ -0.083789524422233, 51.546585235617101 ], [ -0.083576321534458, 51.545172985470799 ], [ -0.086561524839992, 51.537367166408501 ], [ -0.086563398371577, 51.537302272557099 ], [ -0.089688991217803, 51.536043228264397 ], [ -0.093147286859681, 51.534398807182903 ], [ -0.097032336919264, 51.533003340336599 ], [ -0.095104053620339, 51.530084105667001 ], [ -0.095373128319278, 51.529206009942698 ], [ -0.091481256765629, 51.528208516221397 ], [ -0.088731377645233, 51.527452513769902 ], [ -0.087832062724355, 51.526241790005599 ], [ -0.086976774251228, 51.525767763613501 ], [ -0.085009792427472, 51.526237636215598 ], [ -0.084745306316308, 51.525429222179298 ], [ -0.08546359587602, 51.524538666817598 ], [ -0.085119040764848, 51.524457308890597 ], [ -0.085201496858163, 51.5239445197736 ], [ -0.084214160827147, 51.523930016482197 ], [ -0.085232645096576, 51.520348397184499 ], [ -0.086199731342019, 51.518812109550097 ], [ -0.089983067442775, 51.519973325271401 ], [ -0.089673327954981, 51.5207189769826 ], [ -0.092360246779547, 51.521035612151202 ], [ -0.092498378174381, 51.521472903818797 ], [ -0.094318568083321, 51.521484893874003 ], [ -0.095090210520414, 51.523109078654798 ], [ -0.096415369872962, 51.522831671921601 ], [ -0.0967586335164, 51.523314039669899 ], [ -0.097945359231051, 51.522874425993798 ], [ -0.097385010500735, 51.521592092993401 ], [ -0.097572526868832, 51.521174756575199 ], [ -0.097662850949076, 51.520712510321196 ], [ -0.100252195422361, 51.520129046972102 ], [ -0.101749478414867, 51.519682908409003 ], [ -0.105290341558648, 51.518554858750797 ], [ -0.10700150504442, 51.522183752261199 ], [ -0.108238180531229, 51.522087024639902 ], [ -0.10896954375494, 51.523019893854901 ], [ -0.11236382231395, 51.523716119724099 ], [ -0.113627431450158, 51.524566390613799 ], [ -0.114229005936754, 51.525482559374701 ], [ -0.11291918547122, 51.526408815986898 ], [ -0.115451101817419, 51.5277578613115 ], [ -0.115925682086207, 51.5298315606709 ], [ -0.119838911111641, 51.530947184457403 ], [ -0.122563726204788, 51.530753114339703 ], [ -0.122399839076584, 51.5370495800572 ], [ -0.125064221994798, 51.541142978028901 ], [ -0.126357378664673, 51.545058597247099 ], [ -0.127079037829745, 51.547530198099402 ], [ -0.12910281703075, 51.548836603071003 ], [ -0.130127780258333, 51.549611731915199 ], [ -0.13072064597366, 51.550672484527503 ], [ -0.130991514299285, 51.551483260768102 ], [ -0.134082277774744, 51.553389822556298 ], [ -0.135303748671231, 51.554638445963697 ], [ -0.136987309045876, 51.555261624128903 ], [ -0.138419158853717, 51.556868162673197 ], [ -0.139426987011815, 51.558242224803003 ], [ -0.141034701474325, 51.560500035147498 ], [ -0.140627152838409, 51.564459427788798 ], [ -0.14239561120072, 51.569106002885 ], [ -0.140631972825196, 51.569428406235097 ], [ -0.138308605690534, 51.570594014519799 ], [ -0.133385080843479, 51.5728751854436 ], [ -0.131138788998908, 51.573592993926098 ], [ -0.127566925850632, 51.574146942063599 ], [ -0.124861081757225, 51.574092151365399 ], [ -0.123784663310148, 51.574646941359497 ], [ -0.119873002807983, 51.575470523949598 ], [ -0.119534587269282, 51.575506766244203 ], [ -0.118876825460692, 51.574730822934299 ], [ -0.119554521778125, 51.574380450814097 ], [ -0.117551176826914, 51.574141984559297 ] ] ] } },
{ "type": "Feature", "properties": { "borough_name": "Kensington and Chelsea", "median_house_price": 1450000, "median_earnings": 55000, "affordability_ratio": 26.4, "affordability_category": "Unaffordable", "is_se_london": false, "vs_london_avg": 98.3 }, "geometry": { "type": "Polygon", "coordinates": [ [ [ -0.22756201378156, 51.530154600139603 ], [ -0.227659506765089, 51.529914323010701 ], [ -0.225433971441795, 51.530160302289097 ], [ -0.223728265491944, 51.529946791972399 ], [ -0.217791000545462, 51.528600425320001 ], [ -0.216020723983129, 51.527920361167503 ], [ -0.21549666909487, 51.5267185879961 ], [ -0.212960661863203, 51.5268839436985 ], [ -0.207297353929911, 51.5262345166594 ], [ -0.206017430034413, 51.525854211724699 ], [ -0.203953081013443, 51.523532728905799 ], [ -0.201625846701851, 51.522742149852 ], [ -0.200620363638551, 51.520711780826403 ], [ -0.202649698006663, 51.520894747705199 ], [ -0.203742321009568, 51.520624325592003 ], [ -0.201449310818032, 51.517804233999499 ], [ -0.200765178561406, 51.517983862357298 ], [ -0.199907498009142, 51.516840195447799 ], [ -0.199171143961617, 51.514540978297298 ], [ -0.195052992094996, 51.515040107633098 ], [ -0.194004101884694, 51.511700687973502 ], [ -0.192915313999014, 51.511842864604297 ], [ -0.192123026589169, 51.5098777395906 ], [ -0.189079662133421, 51.510123845533101 ], [ -0.187859378088, 51.510194717662202 ], [ -0.184204941023171, 51.501788853333998 ], [ -0.180311745243243, 51.501462235137303 ], [ -0.179523790495782, 51.497781200854497 ], [ -0.173418772260889, 51.498231182899197 ], [ -0.168149601678426, 51.4990332271814 ], [ -0.167578430986111, 51.498280422453298 ], [ -0.165718041043788, 51.499219071002997 ], [ -0.165419106384145, 51.498685488568597 ], [ -0.162645857685283, 51.500229753352798 ], [ -0.160900957801054, 51.5016769318066 ], [ -0.158457848304668, 51.502226197814799 ], [ -0.157872281859908, 51.499003535832401 ], [ -0.156056937706088, 51.497775623842102 ], [ -0.155248805698977, 51.4950540502903 ], [ -0.155778957935669, 51.4947199133955 ], [ -0.155978849547772, 51.494462996409901 ], [ -0.154973307336501, 51.493826290155901 ], [ -0.155962988061772, 51.493200531493002 ], [ -0.154742871175929, 51.491971172674802 ], [ -0.155800936370808, 51.4914645595263 ], [ -0.155169196968643, 51.490039038734203 ], [ -0.155834442321332, 51.489613984292703 ], [ -0.150160100799982, 51.486036743566402 ], [ -0.150023717166176, 51.4854624441395 ], [ -0.163774238420258, 51.483636963218402 ], [ -0.16378022447888, 51.483636168475002 ], [ -0.175759293976535, 51.481619780032702 ], [ -0.177682134129641, 51.480350692643498 ], [ -0.17751415416621, 51.480102584080697 ], [ -0.179262186029739, 51.477993992161601 ], [ -0.180816283019759, 51.4779160445011 ], [ -0.182162460543091, 51.477385124235099 ], [ -0.183717737563274, 51.477431017064497 ], [ -0.183805527855666, 51.477433606909798 ], [ -0.183876303255074, 51.477443132666998 ], [ -0.186521019063067, 51.4798688460668 ], [ -0.188262412705968, 51.480966677184199 ], [ -0.19077081676291, 51.483165687424801 ], [ -0.193630274569299, 51.485890502833598 ], [ -0.195906065404788, 51.4873707114334 ], [ -0.196405191810415, 51.487186902755198 ], [ -0.197966108552929, 51.487907185101498 ], [ -0.202364641392252, 51.491661539544303 ], [ -0.201833011307257, 51.4918452962659 ], [ -0.203085508305625, 51.493371467998898 ], [ -0.20733489853243, 51.496152795137 ], [ -0.207951410590124, 51.496031567740097 ], [ -0.210504590283717, 51.498346852020198 ], [ -0.213440028889613, 51.500177467510198 ], [ -0.215028905986165, 51.502185302354697 ], [ -0.216976653096357, 51.504466150524699 ], [ -0.217001985360401, 51.5045041724699 ], [ -0.217975379717538, 51.506143111439101 ], [ -0.215938670705129, 51.506400336857602 ], [ -0.21611922117336, 51.507521203111402 ], [ -0.215197890345675, 51.507651353012299 ], [ -0.215541653076812, 51.508392045406801 ], [ -0.215813858155986, 51.509153453568601 ], [ -0.216452382074861, 51.5091126508188 ], [ -0.217190220202911, 51.510399244795501 ], [ -0.218043289167948, 51.510224239879797 ], [ -0.217847732543837, 51.509752700120501 ], [ -0.219315925780897, 51.509554298482797 ], [ -0.220235964075799, 51.511732798506202 ], [ -0.222464368050734, 51.515407013286101 ], [ -0.22654329333555, 51.519577078845899 ], [ -0.228276943623204, 51.5210951821809 ], [ -0.226696960668858, 51.5219392485144 ], [ -0.22656793126906, 51.524625909521298 ], [ -0.227229453930617, 51.524777239988701 ], [ -0.227429972121213, 51.527996360789203 ], [ -0.228730175524929, 51.529905646084202 ], [ -0.228440758153743, 51.530319157203301 ], [ -0.22756201378156, 51.530154600139603 ] ] ] } },
{ "type": "Feature", "properties": { "borough_name": "Kingston upon Thames", "median_house_price": 560000, "median_earnings": 43000, "affordability_ratio": 13.0, "affordability_category": "Stretched", "is_se_london": false, "vs_london_avg": -2.3 }, "geometry": { "type": "Polygon", "coordinates": [ [ [ -0.251156453118063, 51.422390396797603 ], [ -0.249651145906568, 51.418565304519802 ], [ -0.249520611777482, 51.414775850835298 ], [ -0.247157795613144, 51.409606740972698 ], [ -0.247483474170963, 51.408478805115898 ], [ -0.24702184888123, 51.407846963491899 ], [ -0.245818587038421, 51.407561039718601 ], [ -0.245336450507355, 51.407070285962099 ], [ -0.244703374362305, 51.403855322457503 ], [ -0.24522590265169, 51.4017552560978 ], [ -0.246816434841592, 51.400508236705299 ], [ -0.246726763858157, 51.398618549245498 ], [ -0.247406743509032, 51.397569572873003 ], [ -0.246893119034303, 51.397107865769598 ], [ -0.244672198866986, 51.394724218899697 ], [ -0.241707851567578, 51.3938969367683 ], [ -0.240094785343288, 51.391187836598696 ], [ -0.239691091190174, 51.389273933248099 ], [ -0.238730295207436, 51.386088183463201 ], [ -0.241638610666307, 51.384494802931897 ], [ -0.243232236749675, 51.382596968637202 ], [ -0.24427892294775, 51.383066035293602 ], [ -0.244940588211468, 51.380646281484097 ], [ -0.245030254723365, 51.380033965547803 ], [ -0.247893450173382, 51.380169410036501 ], [ -0.251637913832718, 51.379048246262897 ], [ -0.25394755091891, 51.378771531531598 ], [ -0.258420605037829, 51.378969352946797 ], [ -0.260991332915542, 51.379595674836601 ], [ -0.262267173534486, 51.3774100188921 ], [ -0.264623840046074, 51.375616259196597 ], [ -0.269064610388061, 51.373561808862398 ], [ -0.272545418251086, 51.372263887016899 ], [ -0.273588775568119, 51.371531099865699 ], [ -0.274022551853225, 51.3706552831068 ], [ -0.275832391300465, 51.370013774304397 ], [ -0.276560062628712, 51.368807746881401 ], [ -0.279819388836289, 51.3678250897363 ], [ -0.282161781469282, 51.3659997543906 ], [ -0.284071129097295, 51.3651500244681 ], [ -0.287199548589013, 51.362539405710898 ], [ -0.288395626599499, 51.362159953960997 ], [ -0.285210052743086, 51.361191578878604 ], [ -0.287018686644174, 51.359397841977803 ], [ -0.289008414827386, 51.358744805935899 ], [ -0.291199885866217, 51.3565772236228 ], [ -0.291329995960083, 51.355086818736702 ], [ -0.292697986139606, 51.353657164981897 ], [ -0.292882670548092, 51.352350727866401 ], [ -0.299230749741224, 51.3483693373961 ], [ -0.301376941291102, 51.3453029417553 ], [ -0.304065646686288, 51.343171652292597 ], [ -0.305385030571139, 51.339558712056203 ], [ -0.305062772223965, 51.3378146354069 ], [ -0.305135065101119, 51.3363508419285 ], [ -0.30618917299884, 51.335075565623903 ], [ -0.30761218961433, 51.334607699962703 ], [ -0.310929454278381, 51.3323893969376 ], [ -0.313692682687823, 51.331414862807001 ], [ -0.316741565315754, 51.329145881037803 ], [ -0.318955380094986, 51.327956488203 ], [ -0.323946901864069, 51.326716065737202 ], [ -0.327140919810089, 51.326695176539801 ], [ -0.327410431581052, 51.326294008609402 ], [ -0.328222223353321, 51.326468183581902 ], [ -0.330115429028617, 51.327517267269897 ], [ -0.330655551869037, 51.329009639033998 ], [ -0.329092769011158, 51.330262467186202 ], [ -0.329695128024568, 51.332764659098402 ], [ -0.328955585873479, 51.340231295737198 ], [ -0.327883030922136, 51.3437418704926 ], [ -0.327457063136016, 51.344005569415799 ], [ -0.328153711774205, 51.344039792392799 ], [ -0.330510146371957, 51.348419436064603 ], [ -0.327923137428304, 51.352184513454603 ], [ -0.323728750303053, 51.354411322085603 ], [ -0.321505261906821, 51.357208529562499 ], [ -0.319768281986379, 51.3599281925841 ], [ -0.318261315113004, 51.3635045100716 ], [ -0.318481506558764, 51.365762190265698 ], [ -0.317897383198478, 51.369797795641503 ], [ -0.317481776739619, 51.3719689823156 ], [ -0.316670830797393, 51.373165977471601 ], [ -0.314318044952796, 51.374637567999102 ], [ -0.312651478126198, 51.374751136584401 ], [ -0.308671850631228, 51.375448322057302 ], [ -0.308434001890764, 51.375859426720403 ], [ -0.307869091759371, 51.378363847292803 ], [ -0.307365443633207, 51.378383546008202 ], [ -0.308494520730574, 51.380500580091002 ], [ -0.309253672384853, 51.380447702972397 ], [ -0.309307986747728, 51.381863000427998 ], [ -0.310608202013674, 51.384763905937398 ], [ -0.311764843471884, 51.385785041561498 ], [ -0.310846207946332, 51.386186432005204 ], [ -0.313135955459595, 51.388799403914199 ], [ -0.315958342277709, 51.387632253016797 ], [ -0.316737320533465, 51.388772067802897 ], [ -0.314111593459175, 51.390217164235203 ], [ -0.317697879461912, 51.393667080251902 ], [ -0.312929585463551, 51.397059052615298 ], [ -0.312108371837945, 51.398138667283298 ], [ -0.310289452731053, 51.399609843928197 ], [ -0.309498774898725, 51.400144279713402 ], [ -0.308733514756071, 51.402258574149499 ], [ -0.309048761744961, 51.409166198648201 ], [ -0.308469296712002, 51.413524972190203 ], [ -0.308252540115846, 51.415313621943199 ], [ -0.30593062819211, 51.421261705693603 ], [ -0.306706626551084, 51.423046133323602 ], [ -0.308361931519298, 51.425009427189799 ], [ -0.311054040219989, 51.426762574613299 ], [ -0.314430429140883, 51.428248913847 ], [ -0.312903931530096, 51.430256154646301 ], [ -0.310650913997973, 51.4322095278795 ], [ -0.309758432683688, 51.4321387939641 ], [ -0.308067540697836, 51.431072902572403 ], [ -0.308542761575097, 51.4307805268786 ], [ -0.306881882251474, 51.430150012032101 ], [ -0.306411012209388, 51.430157405537599 ], [ -0.305917554801736, 51.4313612032092 ], [ -0.301754172083702, 51.430390834081201 ], [ -0.302079636232512, 51.431160121530098 ], [ -0.301593960146175, 51.431434682022797 ], [ -0.297677226510859, 51.428676671112797 ], [ -0.295483633547867, 51.427661523274601 ], [ -0.295430789425014, 51.427037113996199 ], [ -0.294720818622335, 51.426998039460301 ], [ -0.294792456201313, 51.426443893213701 ], [ -0.293394214716677, 51.4265036136144 ], [ -0.293009168924247, 51.428940938160103 ], [ -0.290616410459767, 51.428990165249303 ], [ -0.287790171458222, 51.4227340192109 ], [ -0.286559992341689, 51.420185493690099 ], [ -0.280399432687045, 51.421891286885597 ], [ -0.278579610178557, 51.423351373575997 ], [ -0.270905100636418, 51.429558920464402 ], [ -0.264549483902374, 51.432909753661797 ], [ -0.256318925603588, 51.436345214560397 ], [ -0.256186003261627, 51.436652151839503 ], [ -0.254066366518792, 51.4372878651698 ], [ -0.253088501444922, 51.435284203737503 ], [ -0.251280847100016, 51.434227202778899 ], [ -0.251085089413751, 51.432557792437201 ], [ -0.252441767222631, 51.431206224604502 ], [ -0.253307115028818, 51.430838480617801 ], [ -0.254238567069917, 51.429302009236103 ], [ -0.252239244105153, 51.425702095209999 ], [ -0.252927898194788, 51.423213764316401 ], [ -0.251156453118063, 51.422390396797603 ] ] ] } },
{ "type": "Feature", "properties": { "borough_name": "Lambeth", "median_house_price": 530000, "median_earnings": 42000, "affordability_ratio": 12.6, "affordability_category": "Stretched", "is_se_london": true, "vs_london_avg": -5.3 }, "geometry": { "type": "Polygon", "coordinates": [ [ [ -0.111002562487437, 51.5084922760106 ], [ -0.110687379627812, 51.5082385501346 ], [ -0.108906173705697, 51.5084244982611 ], [ -0.108857764450704, 51.508426042435097 ], [ -0.10871351564232, 51.507765367294603 ], [ -0.108165120586132, 51.506922230810702 ], [ -0.107338698342433, 51.507072167115503 ], [ -0.106485998777198, 51.505062973926897 ], [ -0.106403248457154, 51.5033666736038 ], [ -0.107392358397182, 51.503035632186098 ], [ -0.106757424261746, 51.502209623388403 ], [ -0.106077481114859, 51.5025242797808 ], [ -0.105916627617627, 51.502033387014301 ], [ -0.10647423896944, 51.501570787730898 ], [ -0.108266979418785, 51.500442603163101 ], [ -0.110257746605117, 51.496763292124697 ], [ -0.111466570957293, 51.496458868799998 ], [ -0.110934052373937, 51.495467992167796 ], [ -0.104852358393814, 51.493527934379003 ], [ -0.103272415150889, 51.491252773090999 ], [ -0.108460594138318, 51.485848837033899 ], [ -0.106359457173477, 51.4848986130662 ], [ -0.107189477364099, 51.483649072138903 ], [ -0.105612023384638, 51.482940204952399 ], [ -0.106018261091277, 51.482698049578197 ], [ -0.104033587799528, 51.480901406814397 ], [ -0.108209178745986, 51.4802861685274 ], [ -0.103573325567939, 51.478357766018803 ], [ -0.099972184559721, 51.476864061066898 ], [ -0.10065393018864, 51.474447422504902 ], [ -0.099364729769354, 51.472643161273801 ], [ -0.098829060782442, 51.471871688735298 ], [ -0.095975147411214, 51.469867431033698 ], [ -0.094143309396168, 51.470673101437001 ], [ -0.093625985061065, 51.4717351595502 ], [ -0.093015133239932, 51.472028569430599 ], [ -0.092756365628963, 51.4698694197482 ], [ -0.091150775035548, 51.467596038520703 ], [ -0.090062931917093, 51.465830649454297 ], [ -0.090657729643476, 51.463317504495102 ], [ -0.092244056346028, 51.461058412667199 ], [ -0.094947321683048, 51.458787200601101 ], [ -0.095812467077683, 51.457415002355901 ], [ -0.101080293087612, 51.4539272713602 ], [ -0.101454142519827, 51.452216317525398 ], [ -0.100762530181985, 51.450336115573101 ], [ -0.099962146045565, 51.450272825430403 ], [ -0.099134206640954, 51.448974964038698 ], [ -0.096037693358199, 51.446725927676098 ], [ -0.095065256528057, 51.445412061750503 ], [ -0.094426579975035, 51.443235359893698 ], [ -0.092895539504095, 51.441081582760098 ], [ -0.091019219233248, 51.437553202727301 ], [ -0.089345231767567, 51.432017167113003 ], [ -0.08819782379406, 51.4293353192719 ], [ -0.085909248750157, 51.428504401298198 ], [ -0.086075035537298, 51.427817115832298 ], [ -0.085186974505404, 51.4272995739626 ], [ -0.084034939010266, 51.425691338506098 ], [ -0.083462372067102, 51.422996822499897 ], [ -0.081734404677303, 51.423378411888997 ], [ -0.080876107738524, 51.421859741322002 ], [ -0.079835362800129, 51.422139553222799 ], [ -0.078908466797088, 51.421568229303901 ], [ -0.0792173354281, 51.420868633069297 ], [ -0.078287681880069, 51.4206047143525 ], [ -0.078557367172468, 51.419874212229701 ], [ -0.083218331775642, 51.419739840572397 ], [ -0.086283457047553, 51.419283730948997 ], [ -0.088337502305502, 51.420005497344697 ], [ -0.092701970567971, 51.422553814762303 ], [ -0.094862705879843, 51.422820208902998 ], [ -0.096883073011681, 51.422670081790301 ], [ -0.105962230700077, 51.4225943322432 ], [ -0.109259088108701, 51.4231778564614 ], [ -0.112632832695885, 51.423242375622799 ], [ -0.115592254616413, 51.420631425005602 ], [ -0.119813449955782, 51.4188016665763 ], [ -0.122491042995267, 51.415026994964002 ], [ -0.124080514586188, 51.414596917257498 ], [ -0.124452089727923, 51.413365416134702 ], [ -0.12576501462844, 51.412631303340902 ], [ -0.126236483923793, 51.412929567870002 ], [ -0.126832475641387, 51.412698925462799 ], [ -0.127724902236922, 51.412316331520998 ], [ -0.12788253825179, 51.411999010928199 ], [ -0.13267970911943, 51.412345860286202 ], [ -0.133560060166767, 51.412579792031003 ], [ -0.133503224264562, 51.412939100139099 ], [ -0.134082522818334, 51.410991265838902 ], [ -0.13798690198434, 51.4117707264082 ], [ -0.142597576551947, 51.413348055041503 ], [ -0.144789248046352, 51.412389071659902 ], [ -0.148064535784428, 51.412870113391001 ], [ -0.147125644495259, 51.413756836239799 ], [ -0.144310995873562, 51.415344974412697 ], [ -0.1449843422781, 51.415791392394802 ], [ -0.14318984934952, 51.417281072040097 ], [ -0.140358848161646, 51.419263704503997 ], [ -0.137791699678717, 51.421108381087301 ], [ -0.138866326253484, 51.424337481355899 ], [ -0.138368338384437, 51.430484905128303 ], [ -0.135255998790616, 51.430322592509 ], [ -0.136464099062131, 51.433880415906998 ], [ -0.137884499247972, 51.433784410756402 ], [ -0.139765384553264, 51.4357437912861 ], [ -0.139938047971136, 51.436947097184699 ], [ -0.137659341390584, 51.4385859366581 ], [ -0.137232919854898, 51.4397249698564 ], [ -0.137475775318929, 51.440157907823497 ], [ -0.136979798665832, 51.440246038940501 ], [ -0.135931718469766, 51.442007439876498 ], [ -0.137979440726898, 51.441694025078398 ], [ -0.143610577448564, 51.4418389626398 ], [ -0.145464847497787, 51.445068419652003 ], [ -0.145576035836982, 51.446017936848598 ], [ -0.144813183140119, 51.448437449792998 ], [ -0.143116121447447, 51.4497094803137 ], [ -0.142285534925371, 51.450982324943901 ], [ -0.147704337009784, 51.452340060894301 ], [ -0.147352389580989, 51.452963990791197 ], [ -0.14814010330762, 51.456402189065798 ], [ -0.149376245139551, 51.459362759245302 ], [ -0.149694859272761, 51.461291728082003 ], [ -0.150933201647102, 51.463797375013598 ], [ -0.151211614592545, 51.465861156144598 ], [ -0.150551491834348, 51.465948747192101 ], [ -0.150658802947856, 51.466291205428298 ], [ -0.150537817483623, 51.467628076569497 ], [ -0.143116955255333, 51.470512617493 ], [ -0.142704269112585, 51.470076241578298 ], [ -0.140418758150858, 51.471530007763697 ], [ -0.139785263891007, 51.471332520469304 ], [ -0.139306241780889, 51.471530353248802 ], [ -0.139489285297356, 51.471792982733803 ], [ -0.138326464852263, 51.471962732994101 ], [ -0.136904799699104, 51.473088740640897 ], [ -0.135794146780679, 51.472711459086497 ], [ -0.134664497992621, 51.473340192269198 ], [ -0.134445897632089, 51.473962440352999 ], [ -0.13520708998533, 51.474291590373397 ], [ -0.13387647860239, 51.475694394409501 ], [ -0.130683537744401, 51.4801793294235 ], [ -0.129937287491489, 51.4811735255389 ], [ -0.127481700381845, 51.482009714564199 ], [ -0.127056218266137, 51.483580574740003 ], [ -0.12630848820243, 51.484471007442799 ], [ -0.128153514265536, 51.484731820642303 ], [ -0.128506848127153, 51.485042632707298 ], [ -0.128446300105987, 51.485064912573201 ], [ -0.126999150376349, 51.485816453589202 ], [ -0.12571611397971, 51.4870068477031 ], [ -0.124885072740546, 51.487857826605499 ], [ -0.124204750490972, 51.487854500735097 ], [ -0.122122039961002, 51.491900260038904 ], [ -0.121734610600853, 51.493147462201399 ], [ -0.121353582908502, 51.494373963047401 ], [ -0.119380608631458, 51.5038144306315 ], [ -0.119361076119007, 51.503848692751497 ], [ -0.118228889290303, 51.505834613654699 ], [ -0.116844065492178, 51.506953118796602 ], [ -0.115120220889926, 51.507660138393199 ], [ -0.111002562487437, 51.5084922760106 ] ] ] } },
{ "type": "Feature", "properties": { "borough_name": "Lewisham", "median_house_price": 445000, "median_earnings": 36000, "affordability_ratio": 12.4, "affordability_category": "Stretched", "is_se_london": true, "vs_london_avg": -6.9 }, "geometry": { "type": "Polygon", "coordinates": [ [ [ -0.03238416473143, 51.493052783349903 ], [ -0.029385373203074, 51.488937886814 ], [ -0.029446707365208, 51.488551324729201 ], [ -0.029107248892424, 51.488623403983297 ], [ -0.027553743018761, 51.487221801188099 ], [ -0.024821531936614, 51.485532641461702 ], [ -0.024713189485506, 51.485482807541203 ], [ -0.025167112582495, 51.4850232752365 ], [ -0.02576214354767, 51.482150796847897 ], [ -0.026365298265196, 51.481506826084903 ], [ -0.023281438657874, 51.480780826716099 ], [ -0.023040156598423, 51.479665193872599 ], [ -0.020308184536145, 51.4799137992933 ], [ -0.020400856411995, 51.480218969404099 ], [ -0.017801137969378, 51.480873247131903 ], [ -0.017090035373682, 51.48041209694 ], [ -0.017101525325558, 51.480394806365297 ], [ -0.019166359593153, 51.4796505736035 ], [ -0.019418268484612, 51.478014168003902 ], [ -0.019839747383165, 51.478048449232503 ], [ -0.019288129030185, 51.477617809867603 ], [ -0.019387631113788, 51.4771895412986 ], [ -0.020050898920605, 51.477130694777003 ], [ -0.020556103841502, 51.4767227431226 ], [ -0.020594628159673, 51.476708768686301 ], [ -0.020597064050108, 51.4766939283829 ], [ -0.021119381460644, 51.476267888049797 ], [ -0.022803521331492, 51.475928954744198 ], [ -0.020923102423819, 51.476134859887303 ], [ -0.02095347011274, 51.4756765010358 ], [ -0.022528201571554, 51.475592471180498 ], [ -0.022260109978327, 51.475455032017599 ], [ -0.022679340260752, 51.475366069432397 ], [ -0.022562098724953, 51.475358066840798 ], [ -0.022860801086087, 51.475312025255299 ], [ -0.022791955976765, 51.474466303067103 ], [ -0.022582174966601, 51.4741120063767 ], [ -0.021274720772263, 51.4737756677006 ], [ -0.019972964912654, 51.473001779780702 ], [ -0.020311854638684, 51.472305492612698 ], [ -0.019301366576188, 51.472036125728899 ], [ -0.01865868051687, 51.470686282072499 ], [ -0.019244583388524, 51.470506580688799 ], [ -0.019113782379194, 51.470008694071701 ], [ -0.017161299778418, 51.469327665140597 ], [ -0.016890630245839, 51.469072340464898 ], [ -0.01656170945901, 51.469260271716301 ], [ -0.015061544957288, 51.4680444328338 ], [ -0.013105950650346, 51.468939434410203 ], [ -0.015146623896796, 51.471749468872801 ], [ -0.014527606774103, 51.471903084985101 ], [ -0.014045390672563, 51.472670919994201 ], [ -0.012563312715011, 51.472343183894402 ], [ -0.00822948292332, 51.472760060596499 ], [ -0.000897906415909, 51.471803079291 ], [ 0.012113524804499, 51.473169158110302 ], [ 0.017962965802973, 51.473830034270698 ], [ 0.015001240868124, 51.473080944192901 ], [ 0.015529747155912, 51.4713161435416 ], [ 0.016703228587896, 51.469504460094797 ], [ 0.016543598888604, 51.469128996297101 ], [ 0.016357826077867, 51.468974621019498 ], [ 0.014364286694229, 51.4697465827158 ], [ 0.01261018328187, 51.469808513071001 ], [ 0.013088248700867, 51.468146676975699 ], [ 0.012700822773954, 51.467397276552703 ], [ 0.013265504975698, 51.4668390710127 ], [ 0.011536900815007, 51.466236010593001 ], [ 0.00909476022385, 51.465872998997902 ], [ 0.009903309947229, 51.459631403765002 ], [ 0.010438733529389, 51.458482152288298 ], [ 0.011510524862774, 51.456685204807201 ], [ 0.014035667057387, 51.455728150121303 ], [ 0.017548728810565, 51.455031931699203 ], [ 0.018350144785329, 51.451575241223303 ], [ 0.019559623229345, 51.4517097514371 ], [ 0.019885304897905, 51.450729717386999 ], [ 0.015131002164847, 51.450208205041399 ], [ 0.014932778810046, 51.450611242643397 ], [ 0.015100185138924, 51.450006787050299 ], [ 0.021979768529555, 51.448942642823503 ], [ 0.022418260885731, 51.448123786712003 ], [ 0.0229540613875, 51.447202582421298 ], [ 0.021242988028852, 51.446697723797101 ], [ 0.021521011968616, 51.444439243270601 ], [ 0.020622087486996, 51.4442061671297 ], [ 0.021505758619613, 51.442728262741902 ], [ 0.025580070341721, 51.441716424531599 ], [ 0.027886712143873, 51.441515391204597 ], [ 0.02937881550058, 51.441705419749198 ], [ 0.028592962035554, 51.440403842733502 ], [ 0.028815917570129, 51.438772197619798 ], [ 0.024782236207963, 51.438207764053502 ], [ 0.025435831138825, 51.435666727003301 ], [ 0.027181483267427, 51.4365271665866 ], [ 0.028687013496529, 51.436409693480201 ], [ 0.029086714993171, 51.434674399096103 ], [ 0.028592761273228, 51.434033803875501 ], [ 0.031405191625893, 51.432583462277002 ], [ 0.03115916363973, 51.432094200278499 ], [ 0.031607241042355, 51.4325553167062 ], [ 0.032494298593041, 51.431890542171097 ], [ 0.033255814321157, 51.4322311912088 ], [ 0.033736635099745, 51.431695167628902 ], [ 0.037708777408595, 51.433341039667397 ], [ 0.037539860800951, 51.431367590321898 ], [ 0.038364762484887, 51.428281142463099 ], [ 0.037844535071944, 51.427800774603199 ], [ 0.038474138216389, 51.427584008643201 ], [ 0.03905557875006, 51.424687941325502 ], [ 0.036230948428227, 51.422388515000101 ], [ 0.034604485718804, 51.423404625409901 ], [ 0.025458977328269, 51.4289732426829 ], [ 0.021218660097896, 51.426862526036999 ], [ 0.02040484143721, 51.426874834183998 ], [ 0.018747958647409, 51.427057811331501 ], [ 0.015981210553572, 51.4261895240085 ], [ 0.014120135419355, 51.4261747037555 ], [ 0.014418408662478, 51.425215431900497 ], [ 0.013538652529439, 51.425101517365199 ], [ 0.013365555279522, 51.424681883348001 ], [ 0.011882975678098, 51.424085757172598 ], [ 0.00998225862597, 51.4224818409227 ], [ 0.008106022892577, 51.423039534489398 ], [ 0.007388722446802, 51.421402455261102 ], [ 0.006863399624312, 51.421503312522603 ], [ 0.006728877220366, 51.420944814390502 ], [ 0.006308883682939, 51.421030455732797 ], [ 0.005216364631901, 51.419355777706798 ], [ 0.005671169669682, 51.418526325704804 ], [ 0.003533784491233, 51.417427400639802 ], [ 0.001743135951466, 51.4185857390327 ], [ -0.000118783814671, 51.417575244389504 ], [ -0.000728858659659, 51.415907104924997 ], [ -0.003391205274298, 51.415650788586603 ], [ -0.003280315144245, 51.415035640904499 ], [ -0.004966861307726, 51.414599738870599 ], [ -0.00558318053051, 51.415820046426703 ], [ -0.00655318395764, 51.415978623950899 ], [ -0.006591416803013, 51.414663479906302 ], [ -0.007663775341183, 51.414476802427799 ], [ -0.010312080263417, 51.413577794038602 ], [ -0.014239513349691, 51.413649584663602 ], [ -0.014537950086498, 51.413930886376299 ], [ -0.014274497579853, 51.415160612104799 ], [ -0.017966540008741, 51.415056159774402 ], [ -0.017797830639043, 51.415744161905799 ], [ -0.020999335432924, 51.416024246537901 ], [ -0.022173560797774, 51.416741524604703 ], [ -0.021697395980732, 51.417278697584599 ], [ -0.022558177388813, 51.417564351393402 ], [ -0.021396175911528, 51.418342243692798 ], [ -0.020758945125742, 51.4199461846109 ], [ -0.021649069036651, 51.420442310643899 ], [ -0.020997798625451, 51.420975845393201 ], [ -0.0222423203465, 51.421775679377198 ], [ -0.022574320029263, 51.421557061734603 ], [ -0.024339932274314, 51.423116805397598 ], [ -0.025769241367508, 51.423752822430203 ], [ -0.025963258388507, 51.423611628088899 ], [ -0.03008075136773, 51.425645457945002 ], [ -0.031971356040193, 51.425536056317 ], [ -0.031793937454094, 51.424710195879001 ], [ -0.033349109439724, 51.424634709969901 ], [ -0.034212916624629, 51.424754369604599 ], [ -0.034195221237908, 51.425110317785403 ], [ -0.037469917601842, 51.424981578855103 ], [ -0.038453221804788, 51.423956803849798 ], [ -0.03989333456578, 51.424258742600102 ], [ -0.040997418554506, 51.424262676647601 ], [ -0.04157172918749, 51.423652267882403 ], [ -0.043810370041586, 51.423153742241603 ], [ -0.043675612608226, 51.422892695313202 ], [ -0.046250965091099, 51.422374928692001 ], [ -0.04599228710929, 51.422795367615599 ], [ -0.051747765242802, 51.422516584946798 ], [ -0.051801527006994, 51.423569891576697 ], [ -0.05473735901637, 51.423725827142 ], [ -0.0551364357777, 51.422942736146098 ], [ -0.056754945213068, 51.422964976449002 ], [ -0.058099035098312, 51.423172426558203 ], [ -0.06140523705687, 51.424470897701497 ], [ -0.061426143396668, 51.424798273971703 ], [ -0.062404425023153, 51.4251548729302 ], [ -0.064408355402573, 51.425319447470102 ], [ -0.064552601502428, 51.425057582560697 ], [ -0.065808619537808, 51.425330920231197 ], [ -0.066022034512948, 51.425074902410003 ], [ -0.067885513510204, 51.425925118858501 ], [ -0.068657750218593, 51.425993413869698 ], [ -0.068901698592176, 51.425630037298099 ], [ -0.070278814295854, 51.426109449176899 ], [ -0.070930562082191, 51.426238945778799 ], [ -0.071841922858901, 51.426294898305997 ], [ -0.073907270099848, 51.4262129239712 ], [ -0.075080646733418, 51.428983168554197 ], [ -0.074864023120057, 51.4298417009662 ], [ -0.072865351728725, 51.4320968337301 ], [ -0.07222617746256, 51.432498469175997 ], [ -0.070686936420227, 51.432471617842403 ], [ -0.069113695330873, 51.432830640605999 ], [ -0.066812365549409, 51.433881511581099 ], [ -0.065851493442402, 51.434626468940202 ], [ -0.064393185510338, 51.437050603861401 ], [ -0.06340055506325, 51.437571809337904 ], [ -0.064048949510961, 51.440840940942401 ], [ -0.065030365963507, 51.4411634981426 ], [ -0.064035804744894, 51.4420716357358 ], [ -0.063702096434187, 51.4442241221575 ], [ -0.063017617328299, 51.446199088217902 ], [ -0.061801430646336, 51.447786578021102 ], [ -0.05757769253234, 51.4503257688567 ], [ -0.053855801535686, 51.448686327558903 ], [ -0.04899672876947, 51.450106484997299 ], [ -0.046080099917969, 51.449868024979899 ], [ -0.041647581474361, 51.454996815341602 ], [ -0.044574167942645, 51.4565814521481 ], [ -0.046134013217162, 51.456946085026701 ], [ -0.045211372523211, 51.459430874076503 ], [ -0.045191032271369, 51.462045046540403 ], [ -0.045973345425812, 51.4639748076846 ], [ -0.047470893882357, 51.465124207178 ], [ -0.048515225557705, 51.465626505396799 ], [ -0.048176265582198, 51.465894320536201 ], [ -0.050811836886982, 51.466653981077101 ], [ -0.05054407460699, 51.466789679492301 ], [ -0.051297018255401, 51.4673698499587 ], [ -0.050851270510991, 51.467576734187602 ], [ -0.052269468059822, 51.4692259320395 ], [ -0.051657647337011, 51.469715836207698 ], [ -0.052741526007144, 51.472969856843598 ], [ -0.052687371435789, 51.478014329044299 ], [ -0.054234570920932, 51.478595711504603 ], [ -0.053098875343929, 51.480927021280301 ], [ -0.052782136587423, 51.482725186019202 ], [ -0.053055588049007, 51.485037677957699 ], [ -0.053534152644425, 51.485680071847199 ], [ -0.052925314218015, 51.4860036126084 ], [ -0.052854497616704, 51.486684192637597 ], [ -0.05396947356612, 51.487941046785998 ], [ -0.052591555669812, 51.487551720315899 ], [ -0.052345511581923, 51.487800715571602 ], [ -0.050486984019177, 51.487920399144201 ], [ -0.050065420473504, 51.4883302766669 ], [ -0.051936755708593, 51.489114602980003 ], [ -0.051339477164936, 51.489504264835801 ], [ -0.046540836981774, 51.490669307582003 ], [ -0.04652885262799, 51.490348348686801 ], [ -0.04601573447094, 51.490291365825598 ], [ -0.042255614655801, 51.490088731034703 ], [ -0.042479101114327, 51.490251331799598 ], [ -0.040276887726692, 51.491045528389698 ], [ -0.041023742751953, 51.491830605163898 ], [ -0.0400305589638, 51.492182370139098 ], [ -0.040491810932473, 51.492797038631103 ], [ -0.039234613669346, 51.492966171051101 ], [ -0.037250900448382, 51.492224356053903 ], [ -0.032392672465701, 51.493088668478201 ], [ -0.03238416473143, 51.493052783349903 ] ] ] } },
{ "type": "Feature", "properties": { "borough_name": "Merton", "median_house_price": 580000, "median_earnings": 44000, "affordability_ratio": 13.2, "affordability_category": "Stretched", "is_se_london": false, "vs_london_avg": -0.8 }, "geometry": { "type": "Polygon", "coordinates": [ [ [ -0.189364889867244, 51.437596017462702 ], [ -0.190249214904841, 51.434801665391603 ], [ -0.191170675654779, 51.4334547670597 ], [ -0.189774535259361, 51.431351264689901 ], [ -0.188399330993625, 51.432089141268399 ], [ -0.187397630881723, 51.432103080421697 ], [ -0.187267527249529, 51.4329863355279 ], [ -0.185726011599937, 51.433166403466501 ], [ -0.184230920198413, 51.431267595542401 ], [ -0.184554694118206, 51.427819314738201 ], [ -0.184045539170172, 51.4263523944742 ], [ -0.181939169287309, 51.424731272348197 ], [ -0.178769641648691, 51.424319150188097 ], [ -0.173570188532307, 51.4231768459195 ], [ -0.167952443598719, 51.420820167364802 ], [ -0.164833602059389, 51.420358291396397 ], [ -0.165015219225782, 51.420107366003698 ], [ -0.161648654322682, 51.419856855347099 ], [ -0.160326438950233, 51.421906701118203 ], [ -0.159915122954229, 51.4219654447338 ], [ -0.159860356825961, 51.422603060986802 ], [ -0.151388394114291, 51.419874246310897 ], [ -0.15033540351685, 51.420076587556601 ], [ -0.149420808854251, 51.419888230867002 ], [ -0.144454358993661, 51.417751705990298 ], [ -0.140358848161646, 51.419263704503997 ], [ -0.14318984934952, 51.417281072040097 ], [ -0.1449843422781, 51.415791392394802 ], [ -0.144310995873562, 51.415344974412697 ], [ -0.147125644495259, 51.413756836239799 ], [ -0.148064535784428, 51.412870113391001 ], [ -0.144789248046352, 51.412389071659902 ], [ -0.142597576551947, 51.413348055041503 ], [ -0.13798690198434, 51.4117707264082 ], [ -0.134082522818334, 51.410991265838902 ], [ -0.133503224264562, 51.412939100139099 ], [ -0.133560060166767, 51.412579792031003 ], [ -0.13267970911943, 51.412345860286202 ], [ -0.12788253825179, 51.411999010928199 ], [ -0.127724902236922, 51.412316331520998 ], [ -0.128172719102879, 51.4109379450802 ], [ -0.128485181981585, 51.410991486789698 ], [ -0.129456084681713, 51.409574481406104 ], [ -0.132077065227153, 51.409202658889903 ], [ -0.132302969076169, 51.406808401769197 ], [ -0.131456540014508, 51.404934786984803 ], [ -0.130445542440792, 51.4032741423229 ], [ -0.127712992732134, 51.401468638096297 ], [ -0.125398398024585, 51.398826332631103 ], [ -0.125681408571826, 51.398324112514501 ], [ -0.12465030667513, 51.398097385459202 ], [ -0.124139637510634, 51.397609568876597 ], [ -0.129652233327207, 51.393652163209197 ], [ -0.128727428770065, 51.3935021015864 ], [ -0.134257564459517, 51.390919165112301 ], [ -0.134321993903791, 51.390847067097802 ], [ -0.134836543112323, 51.390961251465598 ], [ -0.141849967742782, 51.3893040795191 ], [ -0.14323257693588, 51.390416545336898 ], [ -0.144280534363931, 51.390665089652302 ], [ -0.152647253645332, 51.389774142133497 ], [ -0.158026699152325, 51.389251357198503 ], [ -0.158270747383943, 51.388820907876401 ], [ -0.159870506323104, 51.388509325616603 ], [ -0.160961193086177, 51.3878193194777 ], [ -0.161826346385023, 51.3881372970691 ], [ -0.165299266767606, 51.387999104656103 ], [ -0.166329573049792, 51.389609084838398 ], [ -0.16747246297784, 51.390003852510702 ], [ -0.169945924618617, 51.391725273320098 ], [ -0.171307920936, 51.392517779625202 ], [ -0.172919399332055, 51.392675268689601 ], [ -0.174812978456833, 51.393412946794697 ], [ -0.179299666601683, 51.389804502300997 ], [ -0.18267406468114, 51.388068106408397 ], [ -0.184505748431722, 51.387512879761999 ], [ -0.188399006002823, 51.385434281521199 ], [ -0.189635576938184, 51.386021817539998 ], [ -0.190491734111209, 51.386204255171897 ], [ -0.190291188379491, 51.386370828255501 ], [ -0.191100971479334, 51.386883811426998 ], [ -0.191606700460251, 51.387115367569997 ], [ -0.191845074590488, 51.3869118873057 ], [ -0.193141586701256, 51.387833723788901 ], [ -0.193479892063415, 51.387646504910201 ], [ -0.193843953585038, 51.387913571742601 ], [ -0.200282488049242, 51.384941546344201 ], [ -0.203406993201415, 51.387253276532498 ], [ -0.205073830430377, 51.386135766393402 ], [ -0.209783879622302, 51.388299756073103 ], [ -0.213360443776366, 51.385054767830397 ], [ -0.212943947841898, 51.384851218876598 ], [ -0.213739524252793, 51.384035678263302 ], [ -0.218080128415406, 51.380182375518999 ], [ -0.223186338710371, 51.382055894541701 ], [ -0.227724593485754, 51.383969332939998 ], [ -0.233712357195317, 51.387614928921899 ], [ -0.234641229449196, 51.390557788579898 ], [ -0.239691091190174, 51.389273933248099 ], [ -0.240094785343288, 51.391187836598696 ], [ -0.241707851567578, 51.3938969367683 ], [ -0.244672198866986, 51.394724218899697 ], [ -0.246893119034303, 51.397107865769598 ], [ -0.247406743509032, 51.397569572873003 ], [ -0.246726763858157, 51.398618549245498 ], [ -0.246816434841592, 51.400508236705299 ], [ -0.24522590265169, 51.4017552560978 ], [ -0.244703374362305, 51.403855322457503 ], [ -0.245336450507355, 51.407070285962099 ], [ -0.245818587038421, 51.407561039718601 ], [ -0.24702184888123, 51.407846963491899 ], [ -0.247483474170963, 51.408478805115898 ], [ -0.247157795613144, 51.409606740972698 ], [ -0.249520611777482, 51.414775850835298 ], [ -0.249651145906568, 51.418565304519802 ], [ -0.251156453118063, 51.422390396797603 ], [ -0.252927898194788, 51.423213764316401 ], [ -0.252239244105153, 51.425702095209999 ], [ -0.254238567069917, 51.429302009236103 ], [ -0.253307115028818, 51.430838480617801 ], [ -0.252441767222631, 51.431206224604502 ], [ -0.251085089413751, 51.432557792437201 ], [ -0.241417272763755, 51.435024072443603 ], [ -0.231241775790899, 51.438162713522502 ], [ -0.225663923299855, 51.438727401695402 ], [ -0.224476439324272, 51.438606916660397 ], [ -0.224313610817667, 51.438868069985801 ], [ -0.220629461672805, 51.438460631184597 ], [ -0.21782201680995, 51.438692725006298 ], [ -0.216594258474707, 51.4383706727128 ], [ -0.215697720793874, 51.437742748102004 ], [ -0.212530125599758, 51.4378293969637 ], [ -0.209104648508521, 51.438304481106698 ], [ -0.204528109815395, 51.438953253039401 ], [ -0.190026527777626, 51.441464584942501 ], [ -0.18985428904194, 51.440271090747501 ], [ -0.189804367256497, 51.4401769381804 ], [ -0.190639590037065, 51.438919374869997 ], [ -0.189218065514694, 51.438544123715502 ], [ -0.189364889867244, 51.437596017462702 ] ] ] } },
{ "type": "Feature", "properties": { "borough_name": "Newham", "median_house_price": 420000, "median_earnings": 35000, "affordability_ratio": 12.0, "affordability_category": "Stretched", "is_se_london": false, "vs_london_avg": -9.9 }, "geometry": { "type": "MultiPolygon", "coordinates": [ [ [ [ 0.075653172212307, 51.529822114280996 ], [ 0.07567991273207, 51.529703499757403 ], [ 0.074953980038331, 51.529728840488403 ], [ 0.074675121552619, 51.529674758287698 ], [ 0.074594583393058, 51.529688632088998 ], [ 0.075427244442252, 51.529874554493198 ], [ 0.075653172212307, 51.529822114280996 ] ] ], [ [ [ 0.055662330231665, 51.559353035800399 ], [ 0.056314588682491, 51.558587476600003 ], [ 0.05696050081235, 51.558670122395903 ], [ 0.057197220298006, 51.558003548213499 ], [ 0.058257188177207, 51.557877386192601 ], [ 0.058704986650362, 51.557215657210101 ], [ 0.060150741845131, 51.556407097515397 ], [ 0.063642630151228, 51.557276260761199 ], [ 0.064945013599727, 51.556395297123402 ], [ 0.066607409415652, 51.554719098466599 ], [ 0.066929705883806, 51.553281865613698 ], [ 0.06778482188534, 51.553266729668998 ], [ 0.068713400044093, 51.547464182484198 ], [ 0.068361694633867, 51.544390390102798 ], [ 0.068303699085866, 51.544253422664099 ], [ 0.066892728562933, 51.541865658729101 ], [ 0.066684410303725, 51.540648243955403 ], [ 0.06708434955537, 51.539466060333702 ], [ 0.068906113511104, 51.5371930279682 ], [ 0.068272939675622, 51.536989760341498 ], [ 0.067955091990852, 51.5361961219796 ], [ 0.068771362683377, 51.536206993153598 ], [ 0.069525361087501, 51.536262198948101 ], [ 0.071756237764852, 51.532897447405702 ], [ 0.072576977672917, 51.530751239493704 ], [ 0.07274547622173, 51.529274737793202 ], [ 0.073325685439954, 51.5294056544261 ], [ 0.073275763361914, 51.529195647725601 ], [ 0.075184576368199, 51.529511272397599 ], [ 0.077986132531863, 51.529119958998201 ], [ 0.078509066452787, 51.528809885774798 ], [ 0.077961994826036, 51.528605547040499 ], [ 0.077533252188639, 51.528846953388502 ], [ 0.077607399084942, 51.528485566630103 ], [ 0.078849716460187, 51.528438741429198 ], [ 0.08010638379697, 51.527507428328697 ], [ 0.080114860327683, 51.527504882350797 ], [ 0.083094335900575, 51.526609850605503 ], [ 0.085201261770673, 51.525582309447699 ], [ 0.0864858694039, 51.525600387190799 ], [ 0.088861767953423, 51.526232121535799 ], [ 0.089676197517541, 51.525584071605003 ], [ 0.091312794133035, 51.525638542243001 ], [ 0.09144468317453, 51.525566924572303 ], [ 0.092088444528606, 51.525623813503898 ], [ 0.092251225116151, 51.524142926798 ], [ 0.090700653658084, 51.5239354066453 ], [ 0.091775459870277, 51.523560127474099 ], [ 0.091824118475342, 51.522545759026002 ], [ 0.094458692703587, 51.520302677146198 ], [ 0.093935688045081, 51.518972518823396 ], [ 0.094772263047195, 51.516486761767602 ], [ 0.095590648323685, 51.515757640033598 ], [ 0.09690210496223, 51.515314669548097 ], [ 0.09659958750327, 51.515082660410101 ], [ 0.095612429287365, 51.5154627269266 ], [ 0.094001451219935, 51.5149847432874 ], [ 0.090259726286287, 51.514795986547497 ], [ 0.090534660134532, 51.514298374548403 ], [ 0.088074522854472, 51.513671327036903 ], [ 0.084840686345054, 51.512370026172398 ], [ 0.083317574700798, 51.511523430472003 ], [ 0.083680873160657, 51.510973348608204 ], [ 0.08099637373363, 51.508596067293396 ], [ 0.080251772069623, 51.508400188554397 ], [ 0.079312684717222, 51.507057712045999 ], [ 0.077975524217572, 51.505146030257201 ], [ 0.07689019895575, 51.504960149079302 ], [ 0.076662367467393, 51.5049211274141 ], [ 0.07780361217693, 51.504579879793901 ], [ 0.078231372945453, 51.504377896137399 ], [ 0.078149687574295, 51.503976005644603 ], [ 0.077758979170194, 51.504540532039798 ], [ 0.076836020790222, 51.503828413868099 ], [ 0.076246462258755, 51.503839754444897 ], [ 0.076656398050542, 51.503462161346 ], [ 0.075262066780961, 51.502264966194097 ], [ 0.073958857254781, 51.502124353838802 ], [ 0.074664109956765, 51.5016024210951 ], [ 0.073851014526372, 51.500590195456901 ], [ 0.073666230079338, 51.500360156975098 ], [ 0.069694185192834, 51.499192932417998 ], [ 0.068826522258802, 51.499147796966597 ], [ 0.068746195150152, 51.499353550061301 ], [ 0.068663426675089, 51.499069037801497 ], [ 0.060124711912613, 51.498356519860998 ], [ 0.057614711187452, 51.498449156415198 ], [ 0.049305630367928, 51.499555109827398 ], [ 0.043472395957515, 51.499907828670104 ], [ 0.038917690097652, 51.4997670017082 ], [ 0.034961594478566, 51.4996445386735 ], [ 0.026801930955463, 51.4986248223166 ], [ 0.024649719762683, 51.4986152426644 ], [ 0.022455510591324, 51.499120732888301 ], [ 0.022359389716623, 51.498902518192203 ], [ 0.019676153194089, 51.499639409671197 ], [ 0.017131961229118, 51.500997502616897 ], [ 0.016542941826368, 51.501589911869502 ], [ 0.015697233987847, 51.502440454820501 ], [ 0.015495819287921, 51.502643015368498 ], [ 0.015169469939788, 51.502512832246602 ], [ 0.014642625516083, 51.5029814250111 ], [ 0.014863687189744, 51.503239769763198 ], [ 0.014467487266227, 51.503159346859398 ], [ 0.013084939959679, 51.504449299873897 ], [ 0.013341747962224, 51.504835674852202 ], [ 0.013406386239751, 51.504932922190598 ], [ 0.012030833124046, 51.505281257533902 ], [ 0.009691501178077, 51.5068371491368 ], [ 0.010472847587042, 51.508581287480901 ], [ 0.009833895980989, 51.5091697351506 ], [ 0.006574398115316, 51.5100281345387 ], [ 0.006623925558043, 51.510105967640499 ], [ 0.008176013234267, 51.512544952500697 ], [ 0.0081209887566, 51.513341338770999 ], [ 0.007207047686815, 51.514368724814801 ], [ 0.006321934966126, 51.514610509143601 ], [ 0.005144078104404, 51.5141765149287 ], [ 0.004281585728526, 51.5134111313291 ], [ 0.003712071156631, 51.511039913657498 ], [ 0.002569842191103, 51.510971753564803 ], [ 0.004387556456629, 51.5146979460309 ], [ 0.004388817308359, 51.514700531579898 ], [ 0.003151449027451, 51.515832059063499 ], [ -0.002536717116274, 51.518481810529003 ], [ -0.00248347222222, 51.518199876415402 ], [ -0.004035249311434, 51.517889239725299 ], [ -0.005124336050802, 51.516920865113597 ], [ -0.006555370559688, 51.518960248581301 ], [ -0.008554261763721, 51.520045714534803 ], [ -0.008657732964083, 51.520759451137302 ], [ -0.00722424592842, 51.522820997648701 ], [ -0.006510417239788, 51.525684364806999 ], [ -0.006506526466122, 51.525685548696401 ], [ -0.002088281577661, 51.527029970045199 ], [ 0.000662319228078, 51.528310834246597 ], [ 0.000867302717087, 51.529270457006902 ], [ 0.001821418142682, 51.530315307598002 ], [ 0.001109501560405, 51.531094994855103 ], [ -0.000776211816237, 51.528141058350997 ], [ -0.00230100560479, 51.527159939619999 ], [ -0.00380271434285, 51.526957530245603 ], [ -0.003889877669766, 51.528257472871402 ], [ -0.004309596439372, 51.527880802346303 ], [ -0.0041856785536, 51.526870520143802 ], [ -0.004932972052294, 51.526446631192798 ], [ -0.006447916697773, 51.526319952038101 ], [ -0.006968579365124, 51.527090480346999 ], [ -0.00797559922721, 51.527233217298999 ], [ -0.006941387730803, 51.526062599663298 ], [ -0.007140911736877, 51.525538032681098 ], [ -0.007861377621013, 51.523027645584399 ], [ -0.007862988808133, 51.523025146855801 ], [ -0.008090340113275, 51.523835311947899 ], [ -0.007819415616583, 51.525322656460901 ], [ -0.007762741957225, 51.525394085600702 ], [ -0.007562454849609, 51.526275885174698 ], [ -0.008640835277911, 51.527556210661501 ], [ -0.010267401705797, 51.528482074780399 ], [ -0.010687929501827, 51.529281325508698 ], [ -0.013682263791693, 51.5298465476112 ], [ -0.017147264030107, 51.531315224241503 ], [ -0.018011217811193, 51.5322223582045 ], [ -0.018071227467736, 51.533438880517899 ], [ -0.01894794563592, 51.534139044038099 ], [ -0.019663001775841, 51.535585117768399 ], [ -0.020953384868906, 51.536283924201904 ], [ -0.021267833703349, 51.537007402303402 ], [ -0.019445991984592, 51.5382541532936 ], [ -0.018885820643558, 51.539341036091002 ], [ -0.017858506703941, 51.540174830572603 ], [ -0.017699053550178, 51.540956855771398 ], [ -0.016595008818855, 51.541390266249699 ], [ -0.016091422267586, 51.542476821491 ], [ -0.016549676137034, 51.543329867701402 ], [ -0.017463145883719, 51.547598273603001 ], [ -0.018935593886592, 51.550534913267299 ], [ -0.018983206844693, 51.5515962333332 ], [ -0.017174335251558, 51.551577284638199 ], [ -0.016918682041395, 51.5514029186754 ], [ -0.013788931775043, 51.551920098272497 ], [ -0.010842382025656, 51.552623690923703 ], [ -0.009443059965719, 51.552196912960198 ], [ -0.008686252297432, 51.5499228911724 ], [ -0.004161040163023, 51.551033905764903 ], [ -0.003760482657641, 51.551166055023799 ], [ -0.003580555789053, 51.5509119814906 ], [ -0.000155843808585, 51.551731471398099 ], [ 0.003320360166942, 51.552095143070602 ], [ 0.003876080747987, 51.551799178168601 ], [ 0.005247386004184, 51.551985091515398 ], [ 0.005748049773169, 51.551862203324099 ], [ 0.005773160071566, 51.550659701656002 ], [ 0.009568766876411, 51.551246984155 ], [ 0.010825459420903, 51.552244649836197 ], [ 0.009637923444795, 51.553413216698999 ], [ 0.011138918896229, 51.554385820470003 ], [ 0.01163241127802, 51.553914514966301 ], [ 0.014641293454769, 51.554964373631698 ], [ 0.016280796697931, 51.553192711304902 ], [ 0.016755569874395, 51.553378947274801 ], [ 0.016993580512891, 51.553151047639602 ], [ 0.021523156694709, 51.554894520649199 ], [ 0.020474204165771, 51.556128125992799 ], [ 0.022581466894598, 51.556094247878001 ], [ 0.022712751830834, 51.556700514140502 ], [ 0.023385350661203, 51.556787659586902 ], [ 0.023793999305182, 51.555523924368998 ], [ 0.025374533585223, 51.555545013112202 ], [ 0.025518326187618, 51.554044009791497 ], [ 0.032269022193695, 51.554589707583801 ], [ 0.035430363145461, 51.555258473236201 ], [ 0.046272611011731, 51.554829940686602 ], [ 0.04433960933968, 51.557591146410097 ], [ 0.042936891131819, 51.5583607340998 ], [ 0.042029277947446, 51.561492080789101 ], [ 0.050344992489226, 51.564021771228497 ], [ 0.051559556466444, 51.562172398329601 ], [ 0.054097824073952, 51.560840696445503 ], [ 0.054441976420733, 51.559627086903497 ], [ 0.055662330231665, 51.559353035800399 ] ] ] ] } },
{ "type": "Feature", "properties": { "borough_name": "Redbridge", "median_house_price": 470000, "median_earnings": 37000, "affordability_ratio": 12.7, "affordability_category": "Stretched", "is_se_london": false, "vs_london_avg": -4.6 }, "geometry": { "type": "Polygon", "coordinates": [ [ [ 0.032781726206816, 51.622243491477398 ], [ 0.037477764578158, 51.618325835984102 ], [ 0.037545414378219, 51.617900237629101 ], [ 0.040214577970348, 51.616410524231 ], [ 0.04001414572321, 51.616097464585998 ], [ 0.040787843297423, 51.615728819693899 ], [ 0.043705238396149, 51.616941550003403 ], [ 0.047860649686672, 51.6174105356952 ], [ 0.053098115652603, 51.618423336253201 ], [ 0.053672773791309, 51.618279098697897 ], [ 0.054451422299301, 51.617610301538903 ], [ 0.054165084189171, 51.616680939348001 ], [ 0.053268054304035, 51.6163425229526 ], [ 0.051905079226826, 51.616897962825597 ], [ 0.050154563543251, 51.616416585541501 ], [ 0.048495743199827, 51.615032476909498 ], [ 0.048565738621745, 51.613849837972801 ], [ 0.047956183543044, 51.613302635500602 ], [ 0.048242974898449, 51.6131175177741 ], [ 0.048908388311324, 51.613558565261002 ], [ 0.060339061536676, 51.608454893558303 ], [ 0.062565554617772, 51.607080467303298 ], [ 0.063960277037774, 51.607241575923503 ], [ 0.065967272830215, 51.606320980154599 ], [ 0.072811862575804, 51.6046818998514 ], [ 0.076698474710054, 51.606309131674898 ], [ 0.079369067593195, 51.607038473817397 ], [ 0.084443865362895, 51.606340119833597 ], [ 0.087142016724408, 51.6044152926275 ], [ 0.08883661041525, 51.604859698593302 ], [ 0.089188794190133, 51.605415392201202 ], [ 0.092544709804261, 51.606192850751697 ], [ 0.09173485703422, 51.607409628046 ], [ 0.091940550003848, 51.608230067790899 ], [ 0.092638316288266, 51.609421052337801 ], [ 0.093912786022191, 51.609838797337098 ], [ 0.09420448175843, 51.610669204529898 ], [ 0.094692625571188, 51.610747157765601 ], [ 0.093641501388475, 51.612479978921101 ], [ 0.092284867930696, 51.613574264630799 ], [ 0.098068391136137, 51.615421581425203 ], [ 0.100168453577322, 51.612724921575399 ], [ 0.103414553809219, 51.6134536551426 ], [ 0.103837892902431, 51.612551365559803 ], [ 0.109631880082643, 51.613961750708597 ], [ 0.116710192938793, 51.616921649936103 ], [ 0.118606674569968, 51.615366757896901 ], [ 0.119307301579151, 51.615368503546897 ], [ 0.124198641273924, 51.617505954948399 ], [ 0.12609846056529, 51.619643273635099 ], [ 0.128839209569546, 51.620668317716898 ], [ 0.129187436342478, 51.621401038319199 ], [ 0.135810576180092, 51.623547135714603 ], [ 0.138184235471144, 51.623545396974102 ], [ 0.144374330471667, 51.616804968154199 ], [ 0.145513450183006, 51.614534542532397 ], [ 0.147540561512271, 51.612223352963497 ], [ 0.148702061675442, 51.608697751827499 ], [ 0.148618257531294, 51.604440420130203 ], [ 0.149510112602879, 51.602904247441401 ], [ 0.14820590165784, 51.598968465163601 ], [ 0.146599887190742, 51.599435940869903 ], [ 0.14193543321104, 51.596559174862399 ], [ 0.137595192673804, 51.593894060483102 ], [ 0.129573872052847, 51.590045579478499 ], [ 0.13102192079694, 51.587524239795002 ], [ 0.126386612488677, 51.586725221056398 ], [ 0.127258715353732, 51.583925851541402 ], [ 0.127662365447979, 51.583878519244699 ], [ 0.128092527625584, 51.582833360666598 ], [ 0.127759038931832, 51.581636384029402 ], [ 0.132555277913465, 51.581306613898299 ], [ 0.133567347777831, 51.579953650951502 ], [ 0.130823841436869, 51.579365456233802 ], [ 0.131643362720049, 51.577085304974801 ], [ 0.129191022343564, 51.576312338804598 ], [ 0.129443523032527, 51.5739444429828 ], [ 0.13009987732425, 51.573064433248703 ], [ 0.130909699401323, 51.573342169267299 ], [ 0.131578541181193, 51.5718243720301 ], [ 0.129906952553102, 51.571538393601799 ], [ 0.130026134177711, 51.5707301505592 ], [ 0.130423208865367, 51.570670055979697 ], [ 0.130459106946623, 51.570281751539298 ], [ 0.129659209964429, 51.568111201912501 ], [ 0.129324285273829, 51.566525444705697 ], [ 0.127680076814031, 51.566161182473103 ], [ 0.12502855734482, 51.564340979324697 ], [ 0.119051087716779, 51.5630518219428 ], [ 0.118877678684053, 51.562732733721703 ], [ 0.119745551654053, 51.562507345070699 ], [ 0.117486903589319, 51.5591803095652 ], [ 0.120491599554835, 51.5585734675048 ], [ 0.118901016628217, 51.557370991021202 ], [ 0.117085043058467, 51.557417650858397 ], [ 0.117084962182422, 51.556911879132798 ], [ 0.11327287260786, 51.557266754953098 ], [ 0.112737337980796, 51.556525034047098 ], [ 0.114742939156256, 51.555318017368997 ], [ 0.112354343080321, 51.5535016446564 ], [ 0.111946500144236, 51.552668957102803 ], [ 0.111139441785709, 51.552484572314597 ], [ 0.108418923121705, 51.5526962585527 ], [ 0.108318691080143, 51.552156849568902 ], [ 0.107456041875476, 51.5520023136201 ], [ 0.106131546667101, 51.5509449133598 ], [ 0.104316248210586, 51.549841877324297 ], [ 0.099768592382731, 51.548426663199201 ], [ 0.093519764473527, 51.545857894368403 ], [ 0.092267712378569, 51.548637051373397 ], [ 0.092608263784322, 51.549649700486597 ], [ 0.091704325393476, 51.549109624298403 ], [ 0.091536762628964, 51.5483027906754 ], [ 0.088500174852258, 51.547741650280301 ], [ 0.085892009998172, 51.547344394081101 ], [ 0.081660029763233, 51.545584630955403 ], [ 0.081512527647245, 51.545169708333098 ], [ 0.080063896122735, 51.544772355844401 ], [ 0.077960041034707, 51.544052001668902 ], [ 0.077493984221171, 51.544573514488398 ], [ 0.077033061451772, 51.544379502885299 ], [ 0.076809971289619, 51.5445849142884 ], [ 0.075548908011019, 51.544011219226 ], [ 0.071957090273782, 51.543810876367701 ], [ 0.071809841347655, 51.543561841432499 ], [ 0.069711435332933, 51.5440660785749 ], [ 0.069665275729358, 51.546446705768702 ], [ 0.06898066772517, 51.548976038987199 ], [ 0.069458504279925, 51.550383973965801 ], [ 0.068605669827013, 51.551377873625 ], [ 0.067983720560586, 51.554299337174101 ], [ 0.066010557445104, 51.556794185500301 ], [ 0.065946142875194, 51.556832621783698 ], [ 0.064281450422847, 51.557825908648901 ], [ 0.06422197336771, 51.557861395563798 ], [ 0.063262982462812, 51.558252931609999 ], [ 0.062577654651289, 51.558199142031903 ], [ 0.062397685743607, 51.558177337576403 ], [ 0.061934099469253, 51.558121170145803 ], [ 0.060954681542361, 51.558475608151099 ], [ 0.05806099892273, 51.560752105970202 ], [ 0.057395967209165, 51.5608496512355 ], [ 0.060725163749929, 51.558424784148002 ], [ 0.061880120645314, 51.557996220333401 ], [ 0.062566525182182, 51.558065513019997 ], [ 0.062716550125087, 51.558080657604201 ], [ 0.064065131465104, 51.557818157206903 ], [ 0.064115668657736, 51.557787455323997 ], [ 0.065795567097668, 51.556766846798197 ], [ 0.065870598644971, 51.556721260554099 ], [ 0.067575878191708, 51.554658141586202 ], [ 0.06832663310175, 51.551427307202701 ], [ 0.069245960916118, 51.550293298597701 ], [ 0.068716493677441, 51.549018916529 ], [ 0.069422343215137, 51.546327969553801 ], [ 0.069343822787697, 51.544154409544397 ], [ 0.068361694633867, 51.544390390102798 ], [ 0.068713400044093, 51.547464182484198 ], [ 0.06778482188534, 51.553266729668998 ], [ 0.066929705883806, 51.553281865613698 ], [ 0.066607409415652, 51.554719098466599 ], [ 0.064945013599727, 51.556395297123402 ], [ 0.063642630151228, 51.557276260761199 ], [ 0.060150741845131, 51.556407097515397 ], [ 0.058704986650362, 51.557215657210101 ], [ 0.058257188177207, 51.557877386192601 ], [ 0.057197220298006, 51.558003548213499 ], [ 0.05696050081235, 51.558670122395903 ], [ 0.056314588682491, 51.558587476600003 ], [ 0.055662330231665, 51.559353035800399 ], [ 0.054441976420733, 51.559627086903497 ], [ 0.054097824073952, 51.560840696445503 ], [ 0.051559556466444, 51.562172398329601 ], [ 0.050344992489226, 51.564021771228497 ], [ 0.042029277947446, 51.561492080789101 ], [ 0.042936891131819, 51.5583607340998 ], [ 0.04433960933968, 51.557591146410097 ], [ 0.046272611011731, 51.554829940686602 ], [ 0.035430363145461, 51.555258473236201 ], [ 0.032269022193695, 51.554589707583801 ], [ 0.025518326187618, 51.554044009791497 ], [ 0.025374533585223, 51.555545013112202 ], [ 0.023793999305182, 51.555523924368998 ], [ 0.023385350661203, 51.556787659586902 ], [ 0.022712751830834, 51.556700514140502 ], [ 0.022581466894598, 51.556094247878001 ], [ 0.020474204165771, 51.556128125992799 ], [ 0.017140699535492, 51.558840658782103 ], [ 0.014819972211581, 51.5594262606295 ], [ 0.014308954583771, 51.563507879120998 ], [ 0.01446477450541, 51.565615795539898 ], [ 0.017577675120316, 51.565663563454201 ], [ 0.018858943909972, 51.566326030389298 ], [ 0.018998174561027, 51.566976235864203 ], [ 0.017683436098059, 51.5700142326072 ], [ 0.018281654656394, 51.570138607135902 ], [ 0.019131076233343, 51.569854895863102 ], [ 0.018921120683096, 51.572322095805603 ], [ 0.018054755978928, 51.572037466410201 ], [ 0.016486728826275, 51.572887234737102 ], [ 0.017412692744331, 51.574486273536401 ], [ 0.017505595813187, 51.577387717305299 ], [ 0.015351112953979, 51.581642907491002 ], [ 0.015703684812444, 51.581837108074097 ], [ 0.01533244862944, 51.582474757991598 ], [ 0.0155406198265, 51.583346611334399 ], [ 0.014935484514515, 51.583357746242903 ], [ 0.013413525149581, 51.583783622367498 ], [ 0.012967146359643, 51.586962033687399 ], [ 0.012095900506266, 51.592690501660599 ], [ 0.012545690270173, 51.595357144401802 ], [ 0.012546935838726, 51.595363506796701 ], [ 0.012966478194586, 51.599123111793901 ], [ 0.016418982749316, 51.603930563658103 ], [ 0.019145068610421, 51.607790206512099 ], [ 0.019579013468185, 51.607610942620802 ], [ 0.019280772375472, 51.608245641921101 ], [ 0.021424605946604, 51.6110918364718 ], [ 0.021250445433346, 51.612307459305597 ], [ 0.016274436042784, 51.6168571932795 ], [ 0.00869444540429, 51.619069902370498 ], [ 0.014538092445483, 51.6188930903526 ], [ 0.014727864674831, 51.6197611896594 ], [ 0.014270718517204, 51.620276599042903 ], [ 0.015906299354702, 51.620949374987198 ], [ 0.016229306123901, 51.621774603545902 ], [ 0.017053094690418, 51.621986995984301 ], [ 0.017057799864386, 51.622355752053302 ], [ 0.01771086577983, 51.622342616534098 ], [ 0.018468225343173, 51.622786096597402 ], [ 0.018845105450582, 51.623256479115398 ], [ 0.018492220156206, 51.6235053484045 ], [ 0.019066124036121, 51.623668573837499 ], [ 0.018781592797772, 51.624091800636201 ], [ 0.019120230514192, 51.625045191684499 ], [ 0.020087735028436, 51.626428775879397 ], [ 0.019938734141976, 51.627005899327401 ], [ 0.020580017171243, 51.6273351933391 ], [ 0.020995982746382, 51.628917776765299 ], [ 0.021819035344359, 51.628832787028102 ], [ 0.024588109735276, 51.6275180535579 ], [ 0.026833859523459, 51.625907433229202 ], [ 0.029082652196156, 51.625113177533798 ], [ 0.028963342035029, 51.624673735553102 ], [ 0.030727318068551, 51.623636090364698 ], [ 0.030524246548568, 51.6232924937365 ], [ 0.031470658332281, 51.623100731471602 ], [ 0.032781726206816, 51.622243491477398 ] ] ] } },
{ "type": "Feature", "properties": { "borough_name": "Richmond upon Thames", "median_house_price": 750000, "median_earnings": 48000, "affordability_ratio": 15.6, "affordability_category": "Unaffordable", "is_se_london": false, "vs_london_avg": 17.2 }, "geometry": { "type": "MultiPolygon", "coordinates": [ [ [ [ -0.3311857080572, 51.439565150028599 ], [ -0.330667635536419, 51.4388943896857 ], [ -0.331481865809256, 51.4393498794594 ], [ -0.3311857080572, 51.439565150028599 ] ] ], [ [ [ -0.321760309968809, 51.4458280310714 ], [ -0.325056137774888, 51.444778574889497 ], [ -0.325487800654684, 51.445035630438603 ], [ -0.325137686918841, 51.444752313969097 ], [ -0.328068298054922, 51.443965973987602 ], [ -0.327171950006568, 51.444945034051997 ], [ -0.325787157187955, 51.445722875251697 ], [ -0.324521209128429, 51.445749742006797 ], [ -0.323821527152493, 51.446055878486298 ], [ -0.323329795268306, 51.445823972131002 ], [ -0.323367047927864, 51.446044367615499 ], [ -0.321753265417953, 51.446235732391202 ], [ -0.320907968517047, 51.446132800031599 ], [ -0.321760309968809, 51.4458280310714 ] ] ], [ [ [ -0.308738338665654, 51.458164217865402 ], [ -0.308449961785582, 51.457787767168 ], [ -0.309919196973506, 51.458521161683201 ], [ -0.308738338665654, 51.458164217865402 ] ] ], [ [ [ -0.326876811513731, 51.4612479610348 ], [ -0.326877324873667, 51.461245101545202 ], [ -0.326886287042126, 51.4612516545915 ], [ -0.326861258371947, 51.461291717006198 ], [ -0.326876811513731, 51.4612479610348 ] ] ], [ [ [ -0.325205783547585, 51.463836797574302 ], [ -0.325716053946399, 51.463124753288 ], [ -0.325343873296781, 51.463720438177198 ], [ -0.325205783547585, 51.463836797574302 ] ] ], [ [ [ -0.294793582150298, 51.4859828615404 ], [ -0.297418798873058, 51.484567735678198 ], [ -0.296409058180967, 51.485612473631299 ], [ -0.294793582150298, 51.4859828615404 ] ] ], [ [ [ -0.293949976718146, 51.486204430639802 ], [ -0.2945303527175, 51.486089613996597 ], [ -0.294332309916349, 51.486301688966201 ], [ -0.291880995927489, 51.487030454415901 ], [ -0.289887911380429, 51.487174929396303 ], [ -0.293949976718146, 51.486204430639802 ] ] ], [ [ [ -0.224871310099639, 51.473684219854803 ], [ -0.222919139768397, 51.4718385859303 ], [ -0.223712792431086, 51.471590716878801 ], [ -0.223430114466522, 51.471485458828802 ], [ -0.223442448413863, 51.471478974828102 ], [ -0.223617472767174, 51.470742052213403 ], [ -0.226953611355139, 51.471401495068399 ], [ -0.231193690359327, 51.472823981944202 ], [ -0.232733298874365, 51.472510759636698 ], [ -0.232958389018286, 51.471681435370897 ], [ -0.233483177036173, 51.467998552142397 ], [ -0.232873971995118, 51.466634359801297 ], [ -0.233626914383744, 51.466089240094902 ], [ -0.233568164755019, 51.4653489383318 ], [ -0.233290023158623, 51.4639717465339 ], [ -0.239534478428114, 51.464855424948098 ], [ -0.244245925605333, 51.4652613283452 ], [ -0.248747588002848, 51.465054659280199 ], [ -0.252950677329956, 51.465224044374303 ], [ -0.255947145177923, 51.463073368073502 ], [ -0.257958102690143, 51.460378662404501 ], [ -0.256800012380191, 51.459822309446601 ], [ -0.258466733609521, 51.457043413544099 ], [ -0.259111198831886, 51.454953489870903 ], [ -0.247289858979786, 51.4491959104937 ], [ -0.24159865877434, 51.443117986003898 ], [ -0.242721716909592, 51.441911281780399 ], [ -0.254066366518792, 51.4372878651698 ], [ -0.256186003261627, 51.436652151839503 ], [ -0.256318925603588, 51.436345214560397 ], [ -0.264549483902374, 51.432909753661797 ], [ -0.270905100636418, 51.429558920464402 ], [ -0.278579610178557, 51.423351373575997 ], [ -0.280399432687045, 51.421891286885597 ], [ -0.286559992341689, 51.420185493690099 ], [ -0.287790171458222, 51.4227340192109 ], [ -0.290616410459767, 51.428990165249303 ], [ -0.293009168924247, 51.428940938160103 ], [ -0.293394214716677, 51.4265036136144 ], [ -0.294792456201313, 51.426443893213701 ], [ -0.294720818622335, 51.426998039460301 ], [ -0.295430789425014, 51.427037113996199 ], [ -0.295483633547867, 51.427661523274601 ], [ -0.297677226510859, 51.428676671112797 ], [ -0.301593960146175, 51.431434682022797 ], [ -0.302079636232512, 51.431160121530098 ], [ -0.301754172083702, 51.430390834081201 ], [ -0.305917554801736, 51.4313612032092 ], [ -0.306411012209388, 51.430157405537599 ], [ -0.306881882251474, 51.430150012032101 ], [ -0.308542761575097, 51.4307805268786 ], [ -0.308067540697836, 51.431072902572403 ], [ -0.309758432683688, 51.4321387939641 ], [ -0.310650913997973, 51.4322095278795 ], [ -0.312903931530096, 51.430256154646301 ], [ -0.314430429140883, 51.428248913847 ], [ -0.311054040219989, 51.426762574613299 ], [ -0.308361931519298, 51.425009427189799 ], [ -0.306706626551084, 51.423046133323602 ], [ -0.30593062819211, 51.421261705693603 ], [ -0.308252540115846, 51.415313621943199 ], [ -0.308469296712002, 51.413524972190203 ], [ -0.309048761744961, 51.409166198648201 ], [ -0.308733514756071, 51.402258574149499 ], [ -0.309498774898725, 51.400144279713402 ], [ -0.310289452731053, 51.399609843928197 ], [ -0.312108371837945, 51.398138667283298 ], [ -0.312929585463551, 51.397059052615298 ], [ -0.317697879461912, 51.393667080251902 ], [ -0.319832885343762, 51.392593440118702 ], [ -0.325860279723407, 51.391439604358901 ], [ -0.327586908786079, 51.391744843863698 ], [ -0.32867176277269, 51.392308812996603 ], [ -0.330786134543645, 51.394090793017703 ], [ -0.332263636927729, 51.395917612151202 ], [ -0.335807120253771, 51.3984563115933 ], [ -0.338335612577083, 51.400843775352399 ], [ -0.340636413492871, 51.403094026939101 ], [ -0.343787586227725, 51.403980374808903 ], [ -0.347080469956743, 51.4058812157406 ], [ -0.349890683473659, 51.406980153246899 ], [ -0.355109148235357, 51.409807148084397 ], [ -0.355357024954818, 51.410752165843903 ], [ -0.359139332144209, 51.411903161336703 ], [ -0.361238189559091, 51.412040507627701 ], [ -0.364739828180263, 51.4115920912012 ], [ -0.373860205320599, 51.408493306759297 ], [ -0.379427940842277, 51.407833948319201 ], [ -0.383350026681253, 51.408538296008601 ], [ -0.3837773443953, 51.410118836247698 ], [ -0.386635766084178, 51.410411748162701 ], [ -0.389176859552194, 51.4103199386253 ], [ -0.389649814820215, 51.410693331030501 ], [ -0.390292426772994, 51.414338003867996 ], [ -0.386122609992955, 51.414280659071103 ], [ -0.386594002397961, 51.415021833959401 ], [ -0.386761620321015, 51.417654492169603 ], [ -0.387693548658496, 51.419328281556801 ], [ -0.386641675154269, 51.420080819557 ], [ -0.39131707100993, 51.422315412796003 ], [ -0.392912348231466, 51.423276918465099 ], [ -0.392754332190993, 51.423443609605698 ], [ -0.391019331671074, 51.423145833076802 ], [ -0.385430928192615, 51.420629016503497 ], [ -0.384951484237788, 51.421258867122198 ], [ -0.384081926037091, 51.422692393233099 ], [ -0.388387260380427, 51.427997271381599 ], [ -0.388057123788859, 51.427849696292498 ], [ -0.387103166507676, 51.428176016923501 ], [ -0.387934644192034, 51.428623637467197 ], [ -0.387726274714751, 51.428887728316099 ], [ -0.383150312332945, 51.4322384454304 ], [ -0.376157260562842, 51.435467147243102 ], [ -0.37609256289144, 51.4355062687481 ], [ -0.377871941022836, 51.436279785065601 ], [ -0.377761461379696, 51.436819417208 ], [ -0.366823470215651, 51.441623327220803 ], [ -0.367098818227581, 51.441700680718299 ], [ -0.37307817455589, 51.4436692785413 ], [ -0.373881385979297, 51.443033979882102 ], [ -0.375926680168315, 51.4430871196178 ], [ -0.377126285412797, 51.442459627948601 ], [ -0.378205143117411, 51.442484293911498 ], [ -0.379546064371273, 51.443103673166597 ], [ -0.379747633102291, 51.444321743062197 ], [ -0.382905141601064, 51.445095134567097 ], [ -0.386223447876443, 51.446712101023202 ], [ -0.386257004588281, 51.448124083136598 ], [ -0.387786648191089, 51.449371318139498 ], [ -0.384490171047228, 51.449894897272301 ], [ -0.383751479151189, 51.449506183909797 ], [ -0.375258068480552, 51.456271137551902 ], [ -0.373024056271843, 51.4574730212235 ], [ -0.372687650270116, 51.456997648841103 ], [ -0.372439929994924, 51.457235416502797 ], [ -0.369570162557889, 51.456968185376198 ], [ -0.369564447011299, 51.456967651780701 ], [ -0.368435236749007, 51.456862614075199 ], [ -0.367837401588697, 51.457424922541101 ], [ -0.36503235055546, 51.457805584897798 ], [ -0.364419302861009, 51.457587232509503 ], [ -0.362636099233493, 51.457683270123503 ], [ -0.359854797465852, 51.458201856900899 ], [ -0.355812842546929, 51.458380705503203 ], [ -0.353487090513193, 51.458180237963703 ], [ -0.352810773187725, 51.456863821792801 ], [ -0.348569300602764, 51.456764668030601 ], [ -0.346024097188038, 51.457259874853797 ], [ -0.345289190489759, 51.457859382419898 ], [ -0.342735402175869, 51.458071780333903 ], [ -0.341706616118169, 51.459017288869902 ], [ -0.340111328286192, 51.459241256541297 ], [ -0.340644811569025, 51.457268908059199 ], [ -0.338953300500773, 51.455881018113097 ], [ -0.338548700277405, 51.456099256681902 ], [ -0.337736793521604, 51.455475260630998 ], [ -0.337512639549886, 51.4547671989246 ], [ -0.336982324195838, 51.454648189460499 ], [ -0.33627331434432, 51.455678909252697 ], [ -0.333692637193721, 51.455490924619802 ], [ -0.333616069775311, 51.455240073576597 ], [ -0.333027908582819, 51.455378348473701 ], [ -0.331400259935538, 51.457356879844397 ], [ -0.330373639818618, 51.457933567453999 ], [ -0.328455258887979, 51.457999095950001 ], [ -0.326934014640788, 51.457010899903999 ], [ -0.325588217827617, 51.458080863027803 ], [ -0.326513406711705, 51.459302466158398 ], [ -0.326410054676839, 51.460667044167799 ], [ -0.32633106114135, 51.460814520690498 ], [ -0.326393507395222, 51.460885510600797 ], [ -0.326393087573391, 51.4608910475987 ], [ -0.326431629146651, 51.460919228173402 ], [ -0.326820592675959, 51.461324189595501 ], [ -0.326378296453869, 51.462064775043501 ], [ -0.326223575875224, 51.462312687124303 ], [ -0.326221911760917, 51.462315086853003 ], [ -0.32433963413763, 51.464566634419299 ], [ -0.323685889149201, 51.465117473453702 ], [ -0.323219211569662, 51.465321177598497 ], [ -0.322575004039864, 51.465341268726597 ], [ -0.321736451262047, 51.465363300530399 ], [ -0.318963285511076, 51.462660946597097 ], [ -0.313996762030511, 51.459713790118897 ], [ -0.311417080300468, 51.458830412415701 ], [ -0.31156690288556, 51.458550204631997 ], [ -0.311258904396406, 51.458767345050198 ], [ -0.30890971103466, 51.457550431272203 ], [ -0.307533425316902, 51.4572125078206 ], [ -0.308035760040722, 51.456668065410099 ], [ -0.307263356068664, 51.457003129734503 ], [ -0.305947399346856, 51.4561559109614 ], [ -0.30389157024571, 51.453290387696597 ], [ -0.304350652559263, 51.451620815778 ], [ -0.30563423765782, 51.450441117223697 ], [ -0.308854983197502, 51.448676551412298 ], [ -0.315744775642828, 51.446905787375599 ], [ -0.315804268850942, 51.4466580036473 ], [ -0.318897388956792, 51.446430393492697 ], [ -0.321500073168154, 51.446860669695603 ], [ -0.325150179799941, 51.446533422794403 ], [ -0.32718670091478, 51.445643498587501 ], [ -0.33036933255672, 51.442960171619497 ], [ -0.331376398595921, 51.441561986295604 ], [ -0.331383875463254, 51.441553265008203 ], [ -0.331632041948247, 51.441263771376697 ], [ -0.331207698824646, 51.4397407228196 ], [ -0.331844998613703, 51.439172040891798 ], [ -0.330576398270608, 51.438468307359301 ], [ -0.329067498408194, 51.436662719561703 ], [ -0.328454639033592, 51.433907405140303 ], [ -0.328420370507501, 51.433866198921599 ], [ -0.327222425221962, 51.432425729791703 ], [ -0.324793955597652, 51.430851848189398 ], [ -0.322331871969191, 51.429889200401902 ], [ -0.319986381290736, 51.429397863158798 ], [ -0.319968092550334, 51.429394031827101 ], [ -0.318485584241237, 51.429093537394102 ], [ -0.31834719716531, 51.429467285132198 ], [ -0.318319020455922, 51.429543384080901 ], [ -0.319069694695237, 51.430012396032502 ], [ -0.323354118279673, 51.430867364686101 ], [ -0.325852980578646, 51.4323229901497 ], [ -0.325659724826943, 51.432572014026398 ], [ -0.326952854179445, 51.433385409594699 ], [ -0.327595458803367, 51.434383291562703 ], [ -0.328020294819308, 51.436695439767199 ], [ -0.329074514998701, 51.438046739751798 ], [ -0.328506374863958, 51.438001767502499 ], [ -0.329146317315752, 51.4381884937115 ], [ -0.330083970492546, 51.439660417325399 ], [ -0.330078215535752, 51.441592336972299 ], [ -0.329138944100891, 51.442685452269401 ], [ -0.327790935050194, 51.443444058047803 ], [ -0.321711014698335, 51.445367367259202 ], [ -0.317058398166893, 51.445760147626402 ], [ -0.312986151833002, 51.446491132031198 ], [ -0.309564626628891, 51.447270933383997 ], [ -0.305756440513044, 51.448598535589703 ], [ -0.302820113828637, 51.451306859954002 ], [ -0.302611657860745, 51.452232324168101 ], [ -0.302801605722219, 51.453398261933501 ], [ -0.305036692808653, 51.456455707122402 ], [ -0.307992662054818, 51.4588076670966 ], [ -0.313839225362222, 51.460712155745298 ], [ -0.31388009182422, 51.460725466050903 ], [ -0.316931088836458, 51.462470378895702 ], [ -0.319771227063503, 51.464672019269898 ], [ -0.319212463715137, 51.468440430485003 ], [ -0.318580322470445, 51.470206048060099 ], [ -0.317715853985402, 51.471004778053597 ], [ -0.314596130978665, 51.471793592986401 ], [ -0.310047382748542, 51.473473333881302 ], [ -0.310042128827845, 51.473475700546899 ], [ -0.30680386245554, 51.474934401733101 ], [ -0.302583060852792, 51.479247882465998 ], [ -0.295262384137631, 51.484826030407497 ], [ -0.290002663266956, 51.4863398445247 ], [ -0.287291685571959, 51.486499938148299 ], [ -0.284432694553367, 51.485901969543796 ], [ -0.280386812103438, 51.483776215541504 ], [ -0.27794116544933, 51.482056448449796 ], [ -0.273985431356271, 51.475648528651199 ], [ -0.273511635274441, 51.475133251006397 ], [ -0.272441066746787, 51.473968906822101 ], [ -0.270488167875147, 51.4726953989272 ], [ -0.27047859704818, 51.472690132052797 ], [ -0.267825403169542, 51.471230048625898 ], [ -0.264027180261776, 51.470215850622601 ], [ -0.260328915090003, 51.470311169653101 ], [ -0.258553377337441, 51.470430064805001 ], [ -0.255677875640439, 51.471169713551802 ], [ -0.253377523039181, 51.472229896721998 ], [ -0.25147820296922, 51.473628259074403 ], [ -0.249655497568772, 51.476084425227903 ], [ -0.249218115666759, 51.479216355210397 ], [ -0.249378406310455, 51.482064937662898 ], [ -0.248399719241134, 51.483834033378898 ], [ -0.24107902822029, 51.488281544560699 ], [ -0.238996215396385, 51.488860002462403 ], [ -0.235636070467878, 51.488998814688898 ], [ -0.233148810691863, 51.488560306706198 ], [ -0.231314813462387, 51.487880251241997 ], [ -0.228018232350901, 51.485117866766601 ], [ -0.226836799259448, 51.480967437539398 ], [ -0.226622558451729, 51.476185045546003 ], [ -0.224871310099639, 51.473684219854803 ] ] ] ] } },
{ "type": "Feature", "properties": { "borough_name": "Southwark", "median_house_price": 520000, "median_earnings": 45000, "affordability_ratio": 11.6, "affordability_category": "Moderate", "is_se_london": true, "vs_london_avg": -12.9 }, "geometry": { "type": "Polygon", "coordinates": [ [ [ -0.104675765428944, 51.508614608397899 ], [ -0.104684269537331, 51.508405268160203 ], [ -0.104150925679572, 51.508544018330099 ], [ -0.096113016408567, 51.508378331693699 ], [ -0.092076988110946, 51.507230013853203 ], [ -0.08814588196124, 51.506914716864202 ], [ -0.088075341086082, 51.506909057961202 ], [ -0.086128899004081, 51.5065467727106 ], [ -0.08468757409585, 51.506622610234999 ], [ -0.081135297393689, 51.5059399527537 ], [ -0.076119047488963, 51.504410548556699 ], [ -0.072718299146242, 51.503602660990403 ], [ -0.071777125397308, 51.503076242860899 ], [ -0.070872138493889, 51.502570047731901 ], [ -0.07348741749566, 51.500486289982902 ], [ -0.070777837943318, 51.502210135780999 ], [ -0.06735834144395, 51.501228901207597 ], [ -0.067190030883373, 51.501443750180002 ], [ -0.063788806509063, 51.500629544284998 ], [ -0.057254938697664, 51.500853612467303 ], [ -0.051242631234441, 51.502736705691298 ], [ -0.050721379622418, 51.502899943124298 ], [ -0.048783211418119, 51.5040256947307 ], [ -0.049169828348677, 51.504359282864101 ], [ -0.048762336086841, 51.504438016614998 ], [ -0.048671817244165, 51.504492058186997 ], [ -0.048553573945793, 51.504515999186999 ], [ -0.048279422188182, 51.5043993634442 ], [ -0.048038828014307, 51.5042970031704 ], [ -0.047705178002895, 51.504155050141698 ], [ -0.048008945862971, 51.504768015440199 ], [ -0.046981392527029, 51.505360611049397 ], [ -0.046050385180954, 51.505148069634501 ], [ -0.046542345603403, 51.505656352247797 ], [ -0.04572793262032, 51.5061299177639 ], [ -0.04531801401462, 51.505923446542504 ], [ -0.044367033635846, 51.506950567749598 ], [ -0.041301506738224, 51.5074909464415 ], [ -0.037264318624237, 51.507230637797797 ], [ -0.037314212884493, 51.506422212123702 ], [ -0.036790074165064, 51.507133310706102 ], [ -0.034194428141164, 51.506304032228499 ], [ -0.03305846039713, 51.505093699373099 ], [ -0.03301728415633, 51.504360542504898 ], [ -0.032321782805258, 51.504349319212501 ], [ -0.0323340834353, 51.502420395094802 ], [ -0.032348824782948, 51.500108297550398 ], [ -0.032729494690259, 51.500088160116398 ], [ -0.032489556923744, 51.498283755739202 ], [ -0.032944316934157, 51.496941558243002 ], [ -0.032548696991167, 51.496008648485201 ], [ -0.033957337833127, 51.495682468901698 ], [ -0.03384894540583, 51.495472914396998 ], [ -0.03253430864898, 51.495673871346298 ], [ -0.032663996776734, 51.494402655373399 ], [ -0.033249253228688, 51.494143592946799 ], [ -0.032639699541403, 51.494130662049102 ], [ -0.032392672465701, 51.493088668478201 ], [ -0.037250900448382, 51.492224356053903 ], [ -0.039234613669346, 51.492966171051101 ], [ -0.040491810932473, 51.492797038631103 ], [ -0.0400305589638, 51.492182370139098 ], [ -0.041023742751953, 51.491830605163898 ], [ -0.040276887726692, 51.491045528389698 ], [ -0.042479101114327, 51.490251331799598 ], [ -0.042255614655801, 51.490088731034703 ], [ -0.04601573447094, 51.490291365825598 ], [ -0.04652885262799, 51.490348348686801 ], [ -0.046540836981774, 51.490669307582003 ], [ -0.051339477164936, 51.489504264835801 ], [ -0.051936755708593, 51.489114602980003 ], [ -0.050065420473504, 51.4883302766669 ], [ -0.050486984019177, 51.487920399144201 ], [ -0.052345511581923, 51.487800715571602 ], [ -0.052591555669812, 51.487551720315899 ], [ -0.05396947356612, 51.487941046785998 ], [ -0.052854497616704, 51.486684192637597 ], [ -0.052925314218015, 51.4860036126084 ], [ -0.053534152644425, 51.485680071847199 ], [ -0.053055588049007, 51.485037677957699 ], [ -0.052782136587423, 51.482725186019202 ], [ -0.053098875343929, 51.480927021280301 ], [ -0.054234570920932, 51.478595711504603 ], [ -0.052687371435789, 51.478014329044299 ], [ -0.052741526007144, 51.472969856843598 ], [ -0.051657647337011, 51.469715836207698 ], [ -0.052269468059822, 51.4692259320395 ], [ -0.050851270510991, 51.467576734187602 ], [ -0.051297018255401, 51.4673698499587 ], [ -0.05054407460699, 51.466789679492301 ], [ -0.050811836886982, 51.466653981077101 ], [ -0.048176265582198, 51.465894320536201 ], [ -0.048515225557705, 51.465626505396799 ], [ -0.047470893882357, 51.465124207178 ], [ -0.045973345425812, 51.4639748076846 ], [ -0.045191032271369, 51.462045046540403 ], [ -0.045211372523211, 51.459430874076503 ], [ -0.046134013217162, 51.456946085026701 ], [ -0.044574167942645, 51.4565814521481 ], [ -0.041647581474361, 51.454996815341602 ], [ -0.046080099917969, 51.449868024979899 ], [ -0.04899672876947, 51.450106484997299 ], [ -0.053855801535686, 51.448686327558903 ], [ -0.05757769253234, 51.4503257688567 ], [ -0.061801430646336, 51.447786578021102 ], [ -0.063017617328299, 51.446199088217902 ], [ -0.063702096434187, 51.4442241221575 ], [ -0.064035804744894, 51.4420716357358 ], [ -0.065030365963507, 51.4411634981426 ], [ -0.064048949510961, 51.440840940942401 ], [ -0.06340055506325, 51.437571809337904 ], [ -0.064393185510338, 51.437050603861401 ], [ -0.065851493442402, 51.434626468940202 ], [ -0.066812365549409, 51.433881511581099 ], [ -0.069113695330873, 51.432830640605999 ], [ -0.070686936420227, 51.432471617842403 ], [ -0.07222617746256, 51.432498469175997 ], [ -0.072865351728725, 51.4320968337301 ], [ -0.074864023120057, 51.4298417009662 ], [ -0.075080646733418, 51.428983168554197 ], [ -0.073907270099848, 51.4262129239712 ], [ -0.075041494918316, 51.425626956189497 ], [ -0.078287681880069, 51.4206047143525 ], [ -0.0792173354281, 51.420868633069297 ], [ -0.078908466797088, 51.421568229303901 ], [ -0.079835362800129, 51.422139553222799 ], [ -0.080876107738524, 51.421859741322002 ], [ -0.081734404677303, 51.423378411888997 ], [ -0.083462372067102, 51.422996822499897 ], [ -0.084034939010266, 51.425691338506098 ], [ -0.085186974505404, 51.4272995739626 ], [ -0.086075035537298, 51.427817115832298 ], [ -0.085909248750157, 51.428504401298198 ], [ -0.08819782379406, 51.4293353192719 ], [ -0.089345231767567, 51.432017167113003 ], [ -0.091019219233248, 51.437553202727301 ], [ -0.092895539504095, 51.441081582760098 ], [ -0.094426579975035, 51.443235359893698 ], [ -0.095065256528057, 51.445412061750503 ], [ -0.096037693358199, 51.446725927676098 ], [ -0.099134206640954, 51.448974964038698 ], [ -0.099962146045565, 51.450272825430403 ], [ -0.100762530181985, 51.450336115573101 ], [ -0.101454142519827, 51.452216317525398 ], [ -0.101080293087612, 51.4539272713602 ], [ -0.095812467077683, 51.457415002355901 ], [ -0.094947321683048, 51.458787200601101 ], [ -0.092244056346028, 51.461058412667199 ], [ -0.090657729643476, 51.463317504495102 ], [ -0.090062931917093, 51.465830649454297 ], [ -0.091150775035548, 51.467596038520703 ], [ -0.092756365628963, 51.4698694197482 ], [ -0.093015133239932, 51.472028569430599 ], [ -0.093625985061065, 51.4717351595502 ], [ -0.094143309396168, 51.470673101437001 ], [ -0.095975147411214, 51.469867431033698 ], [ -0.098829060782442, 51.471871688735298 ], [ -0.099364729769354, 51.472643161273801 ], [ -0.10065393018864, 51.474447422504902 ], [ -0.099972184559721, 51.476864061066898 ], [ -0.103573325567939, 51.478357766018803 ], [ -0.108209178745986, 51.4802861685274 ], [ -0.104033587799528, 51.480901406814397 ], [ -0.106018261091277, 51.482698049578197 ], [ -0.105612023384638, 51.482940204952399 ], [ -0.107189477364099, 51.483649072138903 ], [ -0.106359457173477, 51.4848986130662 ], [ -0.108460594138318, 51.485848837033899 ], [ -0.103272415150889, 51.491252773090999 ], [ -0.104852358393814, 51.493527934379003 ], [ -0.110934052373937, 51.495467992167796 ], [ -0.111466570957293, 51.496458868799998 ], [ -0.110257746605117, 51.496763292124697 ], [ -0.108266979418785, 51.500442603163101 ], [ -0.10647423896944, 51.501570787730898 ], [ -0.105916627617627, 51.502033387014301 ], [ -0.106077481114859, 51.5025242797808 ], [ -0.106757424261746, 51.502209623388403 ], [ -0.107392358397182, 51.503035632186098 ], [ -0.106403248457154, 51.5033666736038 ], [ -0.106485998777198, 51.505062973926897 ], [ -0.107338698342433, 51.507072167115503 ], [ -0.108165120586132, 51.506922230810702 ], [ -0.10871351564232, 51.507765367294603 ], [ -0.108857764450704, 51.508426042435097 ], [ -0.104720650732497, 51.508557965148199 ], [ -0.104683527016222, 51.508615651970501 ], [ -0.104675765428944, 51.508614608397899 ] ] ] } },
{ "type": "Feature", "properties": { "borough_name": "Sutton", "median_house_price": 430000, "median_earnings": 38000, "affordability_ratio": 11.3, "affordability_category": "Moderate", "is_se_london": false, "vs_london_avg": -15.1 }, "geometry": { "type": "Polygon", "coordinates": [ [ [ -0.166329573049792, 51.389609084838398 ], [ -0.165299266767606, 51.387999104656103 ], [ -0.161826346385023, 51.3881372970691 ], [ -0.160961193086177, 51.3878193194777 ], [ -0.159870506323104, 51.388509325616603 ], [ -0.158270747383943, 51.388820907876401 ], [ -0.158026699152325, 51.389251357198503 ], [ -0.152647253645332, 51.389774142133497 ], [ -0.144280534363931, 51.390665089652302 ], [ -0.14323257693588, 51.390416545336898 ], [ -0.141849967742782, 51.3893040795191 ], [ -0.134836543112323, 51.390961251465598 ], [ -0.134321993903791, 51.390847067097802 ], [ -0.13261288844745, 51.390124934831903 ], [ -0.133234752312872, 51.389552115018603 ], [ -0.129566505009285, 51.387230982810301 ], [ -0.130632294439637, 51.386268199237797 ], [ -0.128760011133675, 51.385643118881198 ], [ -0.129514898946542, 51.385300681229403 ], [ -0.128648796741574, 51.382493455276602 ], [ -0.130261888492008, 51.3822140386334 ], [ -0.128049150500356, 51.380475150353 ], [ -0.126732898500071, 51.377068145773201 ], [ -0.125840985080286, 51.375599282022101 ], [ -0.126834723541615, 51.375466420419798 ], [ -0.126674514578055, 51.374915273126099 ], [ -0.127842352848183, 51.374741027870797 ], [ -0.124762057193566, 51.373686342245897 ], [ -0.124745912217793, 51.372936504301101 ], [ -0.123326780930294, 51.371198441553297 ], [ -0.122078281656429, 51.3657541785593 ], [ -0.124116081766397, 51.365350152366403 ], [ -0.122336988661194, 51.364521311723301 ], [ -0.12130137633784, 51.3647268946971 ], [ -0.120903500493868, 51.363307775360497 ], [ -0.12140265279712, 51.362343764026797 ], [ -0.121366806670331, 51.361039998948101 ], [ -0.122014136100827, 51.360963977253199 ], [ -0.121816937190466, 51.359977081552898 ], [ -0.12288486825092, 51.359924027347198 ], [ -0.121894540634818, 51.3590717234243 ], [ -0.123318616959913, 51.358903957416999 ], [ -0.123470691200314, 51.359154132226301 ], [ -0.124591346813467, 51.358872954386797 ], [ -0.124554967689601, 51.3583633060558 ], [ -0.124188829561267, 51.357414293375399 ], [ -0.121373975745096, 51.357740189806897 ], [ -0.12014903106093, 51.353027614434502 ], [ -0.11909473537565, 51.353137983466603 ], [ -0.118624594642974, 51.351842451153402 ], [ -0.117378055521415, 51.3466490361726 ], [ -0.116934258986665, 51.346680478742201 ], [ -0.116842029977448, 51.345762860010197 ], [ -0.117284836311771, 51.345666615086998 ], [ -0.118678553663495, 51.345847704505999 ], [ -0.118898161446538, 51.345577150951797 ], [ -0.125875453491107, 51.3452327712711 ], [ -0.126854880054177, 51.344864425550597 ], [ -0.127279014929812, 51.347091139907803 ], [ -0.127513725712915, 51.3474467194089 ], [ -0.128347393422096, 51.347450570044501 ], [ -0.128851811718693, 51.347270621607201 ], [ -0.128964281487169, 51.346582333818603 ], [ -0.131418656486028, 51.346024647990902 ], [ -0.131092308834141, 51.345470849385002 ], [ -0.132864027644778, 51.345434246332097 ], [ -0.132484895636453, 51.344272486220603 ], [ -0.136253021585845, 51.3444076893119 ], [ -0.136340896567951, 51.344791260503698 ], [ -0.136869320555868, 51.3447201194165 ], [ -0.141531530744641, 51.343413188362398 ], [ -0.14418241887013, 51.3422910549303 ], [ -0.144576133845834, 51.342087666098003 ], [ -0.143458983799658, 51.340539018991898 ], [ -0.144280389204621, 51.340218945354202 ], [ -0.144463895734416, 51.339511393420501 ], [ -0.147483922501982, 51.338798017282102 ], [ -0.145594430642885, 51.332454960522902 ], [ -0.144071412377831, 51.330690769794899 ], [ -0.149188030596626, 51.328845911375502 ], [ -0.144411359169946, 51.326464768138898 ], [ -0.144232252932735, 51.325929033156598 ], [ -0.14557670392873, 51.323492954998301 ], [ -0.147930696732596, 51.322683042738298 ], [ -0.149003761414741, 51.322801560053598 ], [ -0.150677617675547, 51.3221683825127 ], [ -0.152070678446811, 51.322271336367301 ], [ -0.152720892895178, 51.323000343299903 ], [ -0.156523624561657, 51.321485287172102 ], [ -0.158634513022564, 51.323975871900601 ], [ -0.160600116025925, 51.323241490803703 ], [ -0.164187029319929, 51.326040519317303 ], [ -0.163567228253123, 51.326213399809802 ], [ -0.164362156000791, 51.328126055830602 ], [ -0.163982170696406, 51.328187529736603 ], [ -0.163970646115068, 51.328583013980499 ], [ -0.162290500691429, 51.328889405048898 ], [ -0.163076717058335, 51.330264220114501 ], [ -0.170065836767003, 51.329474319004198 ], [ -0.16989442115201, 51.330245885244899 ], [ -0.172854635136869, 51.3300134485021 ], [ -0.174139125445574, 51.333211561453098 ], [ -0.174666244468829, 51.3331684494119 ], [ -0.175019793495567, 51.333809756934301 ], [ -0.187459116165297, 51.340812282358499 ], [ -0.193229272402731, 51.3426256167254 ], [ -0.196047487352986, 51.343330044040002 ], [ -0.196267143164344, 51.3430393583618 ], [ -0.196690325340346, 51.343158256956599 ], [ -0.196541212119756, 51.343446433158299 ], [ -0.197319340394251, 51.343595160786599 ], [ -0.198557576483129, 51.342299403627102 ], [ -0.199557392330879, 51.341884064717199 ], [ -0.201199296412049, 51.339884170514701 ], [ -0.202046363154046, 51.340142617782902 ], [ -0.20205494756804, 51.340140195683901 ], [ -0.213053983018457, 51.335553569163899 ], [ -0.211968448705917, 51.333326113007701 ], [ -0.214229603051396, 51.330252716666003 ], [ -0.216085272317037, 51.329799448862801 ], [ -0.220841625332819, 51.329801971607203 ], [ -0.229822682346971, 51.336522805485401 ], [ -0.226826853442208, 51.3378884712969 ], [ -0.224090565020614, 51.340041224413099 ], [ -0.223261121111112, 51.339881108521503 ], [ -0.222276761871338, 51.340460594960099 ], [ -0.222700381564937, 51.340829421764099 ], [ -0.221785936519717, 51.341345236676098 ], [ -0.217264425534208, 51.343387091722001 ], [ -0.21777747301199, 51.345631394413701 ], [ -0.22018551426333, 51.350079863303499 ], [ -0.220420862146078, 51.351419728795001 ], [ -0.221261964912739, 51.351170804699301 ], [ -0.222091853689523, 51.3513246386605 ], [ -0.221974866292256, 51.353530551304303 ], [ -0.222736428311044, 51.3570860732802 ], [ -0.224057875439187, 51.359274226808502 ], [ -0.226944751876078, 51.362625643224 ], [ -0.233191345765746, 51.366010024636601 ], [ -0.233949400956512, 51.3653847836258 ], [ -0.236779812334742, 51.366796912175303 ], [ -0.237824768755512, 51.367006899907899 ], [ -0.238917446309639, 51.3668344457747 ], [ -0.24089087845287, 51.367036777328401 ], [ -0.241150340069487, 51.366261966551797 ], [ -0.245404841047607, 51.366845440699699 ], [ -0.244679372720784, 51.369061154564299 ], [ -0.245041240280716, 51.379960270394001 ], [ -0.245030254723365, 51.380033965547803 ], [ -0.244940588211468, 51.380646281484097 ], [ -0.24427892294775, 51.383066035293602 ], [ -0.243232236749675, 51.382596968637202 ], [ -0.241638610666307, 51.384494802931897 ], [ -0.238730295207436, 51.386088183463201 ], [ -0.239691091190174, 51.389273933248099 ], [ -0.234641229449196, 51.390557788579898 ], [ -0.233712357195317, 51.387614928921899 ], [ -0.227724593485754, 51.383969332939998 ], [ -0.223186338710371, 51.382055894541701 ], [ -0.218080128415406, 51.380182375518999 ], [ -0.213739524252793, 51.384035678263302 ], [ -0.212943947841898, 51.384851218876598 ], [ -0.213360443776366, 51.385054767830397 ], [ -0.209783879622302, 51.388299756073103 ], [ -0.205073830430377, 51.386135766393402 ], [ -0.203406993201415, 51.387253276532498 ], [ -0.200282488049242, 51.384941546344201 ], [ -0.193843953585038, 51.387913571742601 ], [ -0.193479892063415, 51.387646504910201 ], [ -0.193141586701256, 51.387833723788901 ], [ -0.191845074590488, 51.3869118873057 ], [ -0.191606700460251, 51.387115367569997 ], [ -0.191100971479334, 51.386883811426998 ], [ -0.190291188379491, 51.386370828255501 ], [ -0.190491734111209, 51.386204255171897 ], [ -0.189635576938184, 51.386021817539998 ], [ -0.188399006002823, 51.385434281521199 ], [ -0.184505748431722, 51.387512879761999 ], [ -0.18267406468114, 51.388068106408397 ], [ -0.179299666601683, 51.389804502300997 ], [ -0.174812978456833, 51.393412946794697 ], [ -0.172919399332055, 51.392675268689601 ], [ -0.171307920936, 51.392517779625202 ], [ -0.169945924618617, 51.391725273320098 ], [ -0.16747246297784, 51.390003852510702 ], [ -0.166329573049792, 51.389609084838398 ] ] ] } },
{ "type": "Feature", "properties": { "borough_name": "Tower Hamlets", "median_house_price": 520000, "median_earnings": 58000, "affordability_ratio": 9.0, "affordability_category": "Affordable", "is_se_london": false, "vs_london_avg": -32.4 }, "geometry": { "type": "Polygon", "coordinates": [ [ [ -0.02955352757103, 51.543090997683898 ], [ -0.028991068823779, 51.542272976503902 ], [ -0.025584556064175, 51.543338961495202 ], [ -0.019852897161567, 51.543582852075403 ], [ -0.016549676137034, 51.543329867701402 ], [ -0.016091422267586, 51.542476821491 ], [ -0.016595008818855, 51.541390266249699 ], [ -0.017699053550178, 51.540956855771398 ], [ -0.017858506703941, 51.540174830572603 ], [ -0.018885820643558, 51.539341036091002 ], [ -0.019445991984592, 51.5382541532936 ], [ -0.021267833703349, 51.537007402303402 ], [ -0.020953384868906, 51.536283924201904 ], [ -0.019663001775841, 51.535585117768399 ], [ -0.01894794563592, 51.534139044038099 ], [ -0.018071227467736, 51.533438880517899 ], [ -0.018011217811193, 51.5322223582045 ], [ -0.017147264030107, 51.531315224241503 ], [ -0.013682263791693, 51.5298465476112 ], [ -0.010687929501827, 51.529281325508698 ], [ -0.010267401705797, 51.528482074780399 ], [ -0.008640835277911, 51.527556210661501 ], [ -0.007562454849609, 51.526275885174698 ], [ -0.007762741957225, 51.525394085600702 ], [ -0.007819415616583, 51.525322656460901 ], [ -0.008090340113275, 51.523835311947899 ], [ -0.007862988808133, 51.523025146855801 ], [ -0.008636103434752, 51.521825857963897 ], [ -0.009350478143683, 51.521822109237299 ], [ -0.009165356055358, 51.519895313286597 ], [ -0.006723350464849, 51.5182989816063 ], [ -0.005970917408717, 51.516421708884003 ], [ -0.005132190017044, 51.516235020379497 ], [ -0.004374318236829, 51.516410973923797 ], [ -0.003453749552647, 51.517614413150199 ], [ -0.00259251148183, 51.517790875722902 ], [ 0.002672812707962, 51.515517385639001 ], [ 0.003589024577819, 51.514545248938397 ], [ 0.003561886362954, 51.514491382577198 ], [ 0.001775436042256, 51.510945193159898 ], [ 0.001758834975269, 51.510912237969599 ], [ 0.002807854520658, 51.510385828646797 ], [ 0.004327378768036, 51.5105954721896 ], [ 0.005537606676863, 51.513522274008999 ], [ 0.005940302677704, 51.513929066553501 ], [ 0.006694565482521, 51.513923797416297 ], [ 0.007393413841638, 51.512727530370597 ], [ 0.005582820685979, 51.510026311578798 ], [ 0.006351032568758, 51.5093728504553 ], [ 0.008957514366193, 51.508838075052097 ], [ 0.008789732837763, 51.507367903491797 ], [ 0.005801074298312, 51.5082652080701 ], [ 0.003675959826869, 51.508379912509703 ], [ 0.003469778478621, 51.508016522478499 ], [ 0.002989934827831, 51.5082371383997 ], [ -0.00173309285475, 51.507475827590703 ], [ -0.003433370581919, 51.5066234816994 ], [ -0.005390697610209, 51.505031761231102 ], [ -0.005773790655895, 51.505135404231901 ], [ -0.00558967458972, 51.504798180235397 ], [ -0.007219267523728, 51.5031185668633 ], [ -0.007506115740364, 51.502001154694099 ], [ -0.00763334663063, 51.5015055092776 ], [ -0.008657427140483, 51.501348896394603 ], [ -0.00774251086436, 51.500803659091702 ], [ -0.007277328549278, 51.498307426577803 ], [ -0.00695595254179, 51.4983424308395 ], [ -0.005605966639493, 51.4958365500353 ], [ -0.006212285357497, 51.495610351305601 ], [ -0.005423981976089, 51.494643702187901 ], [ -0.00475993339177, 51.494542924607302 ], [ -0.003299125915406, 51.492270749043698 ], [ -0.003058353832017, 51.490875859270702 ], [ -0.003091637995907, 51.490775705188597 ], [ -0.003687002957374, 51.488984168140497 ], [ -0.004435211567905, 51.488277924799696 ], [ -0.005125938181976, 51.488606676700698 ], [ -0.004620713875388, 51.488136746226402 ], [ -0.006669302726842, 51.487083632850997 ], [ -0.011499955393768, 51.486140286265403 ], [ -0.016377221354174, 51.486141870178102 ], [ -0.020980059071988, 51.487329038345599 ], [ -0.023823336338098, 51.4889462827187 ], [ -0.025699308339558, 51.490695277390202 ], [ -0.027331729729098, 51.493512186922402 ], [ -0.027235403352109, 51.493807780525501 ], [ -0.026615655709908, 51.493935157102598 ], [ -0.026232458492479, 51.494013914085002 ], [ -0.027628998731374, 51.494251011924703 ], [ -0.027873173171281, 51.494684982447097 ], [ -0.0274125302329, 51.501812642967799 ], [ -0.027185727540108, 51.502333703517401 ], [ -0.026747833770636, 51.503339690807202 ], [ -0.028456984319724, 51.505666644279103 ], [ -0.028629249666877, 51.504991419177003 ], [ -0.028934826433081, 51.505393143810402 ], [ -0.02857884696748, 51.505284279228299 ], [ -0.028520673806981, 51.505663610114297 ], [ -0.028452009648312, 51.505718660913203 ], [ -0.030102435912084, 51.507423197057904 ], [ -0.030414665241058, 51.5072417623132 ], [ -0.030481682725779, 51.507277900890003 ], [ -0.031524953407748, 51.507840453084903 ], [ -0.02985621142275, 51.508908206711901 ], [ -0.031598379368516, 51.508206255630398 ], [ -0.032599536962679, 51.508242212521203 ], [ -0.033163878961866, 51.508683335396299 ], [ -0.035585484514223, 51.509072218029402 ], [ -0.035916591879742, 51.509381720448502 ], [ -0.037333834875644, 51.509360663278798 ], [ -0.036923055777971, 51.509978517064503 ], [ -0.037800838766043, 51.509499592706803 ], [ -0.041882867913534, 51.5097845108196 ], [ -0.0421051650428, 51.509800022439101 ], [ -0.046058162460672, 51.509355985746502 ], [ -0.049129816144918, 51.508009656385703 ], [ -0.04968740574928, 51.508079631750398 ], [ -0.049399673417847, 51.507849129264997 ], [ -0.050420817758218, 51.507592732163403 ], [ -0.056163210195956, 51.503876524309597 ], [ -0.059472818352072, 51.502873292828298 ], [ -0.05963013137109, 51.502825603922197 ], [ -0.060843355401943, 51.502809256358603 ], [ -0.061033474911621, 51.502899103901598 ], [ -0.061625213168176, 51.503178746256701 ], [ -0.062578217137202, 51.503097827080701 ], [ -0.065177475008468, 51.503727345424302 ], [ -0.06534689224521, 51.503490215836898 ], [ -0.065220106330764, 51.5037380308625 ], [ -0.068080687964712, 51.504479799661503 ], [ -0.068067717328466, 51.504878232539902 ], [ -0.068665056955977, 51.504536372364797 ], [ -0.070574284870472, 51.505356032298401 ], [ -0.071186072053372, 51.5051664650601 ], [ -0.071271853434781, 51.505779381207503 ], [ -0.073767419817166, 51.5061954235698 ], [ -0.074758590271218, 51.506713954551898 ], [ -0.07938770656499, 51.507802694308097 ], [ -0.079465009142246, 51.507825595932502 ], [ -0.078704849747439, 51.5088349379199 ], [ -0.079071694945698, 51.5090640962812 ], [ -0.078814775941371, 51.509460732842101 ], [ -0.077855677524786, 51.510085432517201 ], [ -0.076212251560164, 51.510560386929598 ], [ -0.075517402091197, 51.509736391738699 ], [ -0.074544629308776, 51.509954199188101 ], [ -0.072812674479547, 51.510237052559503 ], [ -0.073052076952636, 51.511808326192998 ], [ -0.074003284602797, 51.514478466161002 ], [ -0.076872042152347, 51.5166250772225 ], [ -0.078173494433389, 51.518471204986902 ], [ -0.078099054011485, 51.518978622576597 ], [ -0.07941295295195, 51.518885330985498 ], [ -0.078529105704302, 51.521511918880101 ], [ -0.078252104074425, 51.521902582809901 ], [ -0.076458320543827, 51.522046472123201 ], [ -0.076119965722006, 51.522368979119598 ], [ -0.0757417110885, 51.523681359336599 ], [ -0.075927390451861, 51.524339073098503 ], [ -0.076459965151695, 51.524318295002203 ], [ -0.076641044443924, 51.5263467530268 ], [ -0.076297109586629, 51.527142209317198 ], [ -0.077273487135776, 51.5273053544582 ], [ -0.075715309555896, 51.528358195198201 ], [ -0.074575388460412, 51.529852106780801 ], [ -0.072828447246596, 51.530657009658498 ], [ -0.066253448951339, 51.531220072942503 ], [ -0.065162284380672, 51.5331551668408 ], [ -0.065008609485811, 51.5329044581541 ], [ -0.06219016861956, 51.533259177661698 ], [ -0.062860231027885, 51.5349187225139 ], [ -0.062434445954616, 51.535532498455702 ], [ -0.060073346419153, 51.534196023794898 ], [ -0.058757935746739, 51.5341047644065 ], [ -0.05730190797449, 51.534414441303397 ], [ -0.054674106710224, 51.535155470121303 ], [ -0.052856451084132, 51.534938716785398 ], [ -0.052376904539379, 51.535931032748202 ], [ -0.05091293600747, 51.536461705782003 ], [ -0.04970075760856, 51.536346610145301 ], [ -0.047159776852271, 51.535448776170099 ], [ -0.044963262877795, 51.535781477170701 ], [ -0.041493593393847, 51.537442562388001 ], [ -0.040737913715216, 51.538118657144203 ], [ -0.037421318580063, 51.5412814857388 ], [ -0.037143713678451, 51.541416611795903 ], [ -0.037733618928663, 51.541798508730899 ], [ -0.033191114631596, 51.544685717286697 ], [ -0.02955352757103, 51.543090997683898 ] ] ] } },
{ "type": "Feature", "properties": { "borough_name": "Waltham Forest", "median_house_price": 510000, "median_earnings": 36500, "affordability_ratio": 14.0, "affordability_category": "Stretched", "is_se_london": false, "vs_london_avg": 5.2 }, "geometry": { "type": "Polygon", "coordinates": [ [ [ -0.008191370623742, 51.643608548092601 ], [ -0.006656948682194, 51.643333404811003 ], [ -0.004559376868553, 51.643537930214201 ], [ -0.003984085633119, 51.642717053516201 ], [ -0.000494698122584, 51.643710753025204 ], [ 0.001067278487392, 51.641762396769302 ], [ 0.009898702508012, 51.641449720472998 ], [ 0.017420684342586, 51.640257894419001 ], [ 0.020079627001789, 51.640446932582798 ], [ 0.022719541696959, 51.641115493802602 ], [ 0.023082838445718, 51.6377181171069 ], [ 0.025159214133519, 51.6372893897381 ], [ 0.024712405281317, 51.636051614815997 ], [ 0.025224406564969, 51.635249602138998 ], [ 0.025738664606171, 51.634565407055803 ], [ 0.024329684696659, 51.632389216969599 ], [ 0.023890286727129, 51.630797025796497 ], [ 0.021819035344359, 51.628832787028102 ], [ 0.020995982746382, 51.628917776765299 ], [ 0.020580017171243, 51.6273351933391 ], [ 0.019938734141976, 51.627005899327401 ], [ 0.020087735028436, 51.626428775879397 ], [ 0.019120230514192, 51.625045191684499 ], [ 0.018781592797772, 51.624091800636201 ], [ 0.019066124036121, 51.623668573837499 ], [ 0.018492220156206, 51.6235053484045 ], [ 0.018845105450582, 51.623256479115398 ], [ 0.018468225343173, 51.622786096597402 ], [ 0.01771086577983, 51.622342616534098 ], [ 0.017057799864386, 51.622355752053302 ], [ 0.017053094690418, 51.621986995984301 ], [ 0.016229306123901, 51.621774603545902 ], [ 0.015906299354702, 51.620949374987198 ], [ 0.014270718517204, 51.620276599042903 ], [ 0.014727864674831, 51.6197611896594 ], [ 0.014538092445483, 51.6188930903526 ], [ 0.00869444540429, 51.619069902370498 ], [ 0.016274436042784, 51.6168571932795 ], [ 0.021250445433346, 51.612307459305597 ], [ 0.021424605946604, 51.6110918364718 ], [ 0.019280772375472, 51.608245641921101 ], [ 0.019579013468185, 51.607610942620802 ], [ 0.019145068610421, 51.607790206512099 ], [ 0.016418982749316, 51.603930563658103 ], [ 0.012966478194586, 51.599123111793901 ], [ 0.012546935838726, 51.595363506796701 ], [ 0.012545690270173, 51.595357144401802 ], [ 0.012095900506266, 51.592690501660599 ], [ 0.012967146359643, 51.586962033687399 ], [ 0.013413525149581, 51.583783622367498 ], [ 0.014935484514515, 51.583357746242903 ], [ 0.0155406198265, 51.583346611334399 ], [ 0.01533244862944, 51.582474757991598 ], [ 0.015703684812444, 51.581837108074097 ], [ 0.015351112953979, 51.581642907491002 ], [ 0.017505595813187, 51.577387717305299 ], [ 0.017412692744331, 51.574486273536401 ], [ 0.016486728826275, 51.572887234737102 ], [ 0.018054755978928, 51.572037466410201 ], [ 0.018921120683096, 51.572322095805603 ], [ 0.019131076233343, 51.569854895863102 ], [ 0.018281654656394, 51.570138607135902 ], [ 0.017683436098059, 51.5700142326072 ], [ 0.018998174561027, 51.566976235864203 ], [ 0.018858943909972, 51.566326030389298 ], [ 0.017577675120316, 51.565663563454201 ], [ 0.01446477450541, 51.565615795539898 ], [ 0.014308954583771, 51.563507879120998 ], [ 0.014819972211581, 51.5594262606295 ], [ 0.017140699535492, 51.558840658782103 ], [ 0.020474204165771, 51.556128125992799 ], [ 0.021523156694709, 51.554894520649199 ], [ 0.016993580512891, 51.553151047639602 ], [ 0.016755569874395, 51.553378947274801 ], [ 0.016280796697931, 51.553192711304902 ], [ 0.014641293454769, 51.554964373631698 ], [ 0.01163241127802, 51.553914514966301 ], [ 0.011138918896229, 51.554385820470003 ], [ 0.009637923444795, 51.553413216698999 ], [ 0.010825459420903, 51.552244649836197 ], [ 0.009568766876411, 51.551246984155 ], [ 0.005773160071566, 51.550659701656002 ], [ 0.005748049773169, 51.551862203324099 ], [ 0.005247386004184, 51.551985091515398 ], [ 0.003876080747987, 51.551799178168601 ], [ 0.003320360166942, 51.552095143070602 ], [ -0.000155843808585, 51.551731471398099 ], [ -0.003580555789053, 51.5509119814906 ], [ -0.003760482657641, 51.551166055023799 ], [ -0.004161040163023, 51.551033905764903 ], [ -0.008686252297432, 51.5499228911724 ], [ -0.009443059965719, 51.552196912960198 ], [ -0.010842382025656, 51.552623690923703 ], [ -0.013788931775043, 51.551920098272497 ], [ -0.016918682041395, 51.5514029186754 ], [ -0.017174335251558, 51.551577284638199 ], [ -0.017174051218912, 51.551675895357597 ], [ -0.017481172276085, 51.5533409051991 ], [ -0.018464154139737, 51.555184625300697 ], [ -0.02300628180468, 51.557272392298401 ], [ -0.023940773714459, 51.557369778511102 ], [ -0.024338691573958, 51.558638980645497 ], [ -0.025778224931497, 51.559875735711898 ], [ -0.028390534944039, 51.561020250955401 ], [ -0.03003958890447, 51.561358911617603 ], [ -0.033285271928068, 51.560619993408302 ], [ -0.036286593314691, 51.561475294602502 ], [ -0.038819721111305, 51.561158694228197 ], [ -0.040175862242425, 51.561782986186302 ], [ -0.042362666008864, 51.561368175906402 ], [ -0.045129708597706, 51.561789946219598 ], [ -0.047248094983294, 51.562706112965003 ], [ -0.046656294641543, 51.564376750201397 ], [ -0.051146013469929, 51.567729801250699 ], [ -0.053287507628187, 51.568659013124503 ], [ -0.054355280667889, 51.570285160688996 ], [ -0.056316166816922, 51.5707112743492 ], [ -0.058432109016743, 51.572564913711403 ], [ -0.061158572066501, 51.577786037115601 ], [ -0.062184586349229, 51.579192064946199 ], [ -0.061943503550975, 51.580029610639798 ], [ -0.061000701093672, 51.580850220878403 ], [ -0.057832346395549, 51.582514606720999 ], [ -0.055736336724138, 51.584255158123 ], [ -0.054839837210415, 51.585780600697902 ], [ -0.053200592303935, 51.586932725997499 ], [ -0.052157397688485, 51.587661651223897 ], [ -0.053532686308443, 51.590005931048303 ], [ -0.052288932083511, 51.5935410377867 ], [ -0.050402861891792, 51.596664071055599 ], [ -0.046032406471264, 51.6001218410128 ], [ -0.04351863482237, 51.602710154817601 ], [ -0.041390716789704, 51.605646785333803 ], [ -0.0352240727947, 51.608268208466903 ], [ -0.033946652048461, 51.609503860790802 ], [ -0.034056097371644, 51.610215410449598 ], [ -0.035493760635627, 51.611963931509301 ], [ -0.035322450190773, 51.612984250686203 ], [ -0.032099060686343, 51.616864749898902 ], [ -0.025937770522075, 51.621742822756502 ], [ -0.024024617370562, 51.624643965458198 ], [ -0.023392602891501, 51.625278438976103 ], [ -0.016809081916336, 51.633528898308001 ], [ -0.014780074497915, 51.636738787193501 ], [ -0.013308672804058, 51.639694939183002 ], [ -0.012259687054712, 51.6462286971895 ], [ -0.009214078217822, 51.646527847835699 ], [ -0.007343764107065, 51.646161618851004 ], [ -0.008445798529285, 51.644497772901197 ], [ -0.008191370623742, 51.643608548092601 ] ] ] } },
{ "type": "Feature", "properties": { "borough_name": "Wandsworth", "median_house_price": 680000, "median_earnings": 50000, "affordability_ratio": 13.6, "affordability_category": "Stretched", "is_se_london": false, "vs_london_avg": 2.2 }, "geometry": { "type": "Polygon", "coordinates": [ [ [ -0.127056218266137, 51.483580574740003 ], [ -0.127481700381845, 51.482009714564199 ], [ -0.129937287491489, 51.4811735255389 ], [ -0.130683537744401, 51.4801793294235 ], [ -0.13387647860239, 51.475694394409501 ], [ -0.13520708998533, 51.474291590373397 ], [ -0.134445897632089, 51.473962440352999 ], [ -0.134664497992621, 51.473340192269198 ], [ -0.135794146780679, 51.472711459086497 ], [ -0.136904799699104, 51.473088740640897 ], [ -0.138326464852263, 51.471962732994101 ], [ -0.139489285297356, 51.471792982733803 ], [ -0.139306241780889, 51.471530353248802 ], [ -0.139785263891007, 51.471332520469304 ], [ -0.140418758150858, 51.471530007763697 ], [ -0.142704269112585, 51.470076241578298 ], [ -0.143116955255333, 51.470512617493 ], [ -0.150537817483623, 51.467628076569497 ], [ -0.150658802947856, 51.466291205428298 ], [ -0.150551491834348, 51.465948747192101 ], [ -0.151211614592545, 51.465861156144598 ], [ -0.150933201647102, 51.463797375013598 ], [ -0.149694859272761, 51.461291728082003 ], [ -0.149376245139551, 51.459362759245302 ], [ -0.14814010330762, 51.456402189065798 ], [ -0.147352389580989, 51.452963990791197 ], [ -0.147704337009784, 51.452340060894301 ], [ -0.142285534925371, 51.450982324943901 ], [ -0.143116121447447, 51.4497094803137 ], [ -0.144813183140119, 51.448437449792998 ], [ -0.145576035836982, 51.446017936848598 ], [ -0.145464847497787, 51.445068419652003 ], [ -0.143610577448564, 51.4418389626398 ], [ -0.137979440726898, 51.441694025078398 ], [ -0.135931718469766, 51.442007439876498 ], [ -0.136979798665832, 51.440246038940501 ], [ -0.137475775318929, 51.440157907823497 ], [ -0.137232919854898, 51.4397249698564 ], [ -0.137659341390584, 51.4385859366581 ], [ -0.139938047971136, 51.436947097184699 ], [ -0.139765384553264, 51.4357437912861 ], [ -0.137884499247972, 51.433784410756402 ], [ -0.136464099062131, 51.433880415906998 ], [ -0.135255998790616, 51.430322592509 ], [ -0.138368338384437, 51.430484905128303 ], [ -0.138866326253484, 51.424337481355899 ], [ -0.137791699678717, 51.421108381087301 ], [ -0.140358848161646, 51.419263704503997 ], [ -0.144454358993661, 51.417751705990298 ], [ -0.149420808854251, 51.419888230867002 ], [ -0.15033540351685, 51.420076587556601 ], [ -0.151388394114291, 51.419874246310897 ], [ -0.159860356825961, 51.422603060986802 ], [ -0.159915122954229, 51.4219654447338 ], [ -0.160326438950233, 51.421906701118203 ], [ -0.161648654322682, 51.419856855347099 ], [ -0.165015219225782, 51.420107366003698 ], [ -0.164833602059389, 51.420358291396397 ], [ -0.167952443598719, 51.420820167364802 ], [ -0.173570188532307, 51.4231768459195 ], [ -0.178769641648691, 51.424319150188097 ], [ -0.181939169287309, 51.424731272348197 ], [ -0.184045539170172, 51.4263523944742 ], [ -0.184554694118206, 51.427819314738201 ], [ -0.184230920198413, 51.431267595542401 ], [ -0.185726011599937, 51.433166403466501 ], [ -0.187267527249529, 51.4329863355279 ], [ -0.187397630881723, 51.432103080421697 ], [ -0.188399330993625, 51.432089141268399 ], [ -0.189774535259361, 51.431351264689901 ], [ -0.191170675654779, 51.4334547670597 ], [ -0.190249214904841, 51.434801665391603 ], [ -0.189364889867244, 51.437596017462702 ], [ -0.189218065514694, 51.438544123715502 ], [ -0.190639590037065, 51.438919374869997 ], [ -0.189804367256497, 51.4401769381804 ], [ -0.18985428904194, 51.440271090747501 ], [ -0.190026527777626, 51.441464584942501 ], [ -0.204528109815395, 51.438953253039401 ], [ -0.209104648508521, 51.438304481106698 ], [ -0.212530125599758, 51.4378293969637 ], [ -0.215697720793874, 51.437742748102004 ], [ -0.216594258474707, 51.4383706727128 ], [ -0.21782201680995, 51.438692725006298 ], [ -0.220629461672805, 51.438460631184597 ], [ -0.224313610817667, 51.438868069985801 ], [ -0.224476439324272, 51.438606916660397 ], [ -0.225663923299855, 51.438727401695402 ], [ -0.231241775790899, 51.438162713522502 ], [ -0.241417272763755, 51.435024072443603 ], [ -0.251085089413751, 51.432557792437201 ], [ -0.251280847100016, 51.434227202778899 ], [ -0.253088501444922, 51.435284203737503 ], [ -0.254066366518792, 51.4372878651698 ], [ -0.242721716909592, 51.441911281780399 ], [ -0.24159865877434, 51.443117986003898 ], [ -0.247289858979786, 51.4491959104937 ], [ -0.259111198831886, 51.454953489870903 ], [ -0.258466733609521, 51.457043413544099 ], [ -0.256800012380191, 51.459822309446601 ], [ -0.257958102690143, 51.460378662404501 ], [ -0.255947145177923, 51.463073368073502 ], [ -0.252950677329956, 51.465224044374303 ], [ -0.248747588002848, 51.465054659280199 ], [ -0.244245925605333, 51.4652613283452 ], [ -0.239534478428114, 51.464855424948098 ], [ -0.233290023158623, 51.4639717465339 ], [ -0.233568164755019, 51.4653489383318 ], [ -0.233626914383744, 51.466089240094902 ], [ -0.232873971995118, 51.466634359801297 ], [ -0.233483177036173, 51.467998552142397 ], [ -0.232958389018286, 51.471681435370897 ], [ -0.232733298874365, 51.472510759636698 ], [ -0.231193690359327, 51.472823981944202 ], [ -0.226953611355139, 51.471401495068399 ], [ -0.223617472767174, 51.470742052213403 ], [ -0.223442448413863, 51.471478974828102 ], [ -0.223430114466522, 51.471485458828802 ], [ -0.223365452403816, 51.471517512454497 ], [ -0.222885578359532, 51.471720272985799 ], [ -0.222487042459771, 51.471508301686697 ], [ -0.218042385723571, 51.468192247654599 ], [ -0.212757971639032, 51.465545354957001 ], [ -0.207268028639518, 51.463900430395 ], [ -0.203674938295673, 51.463195290200296 ], [ -0.199104019435762, 51.462709472772801 ], [ -0.195500450356724, 51.462888627270601 ], [ -0.195107466832498, 51.462597254144796 ], [ -0.195062897780062, 51.462564208888999 ], [ -0.195047917893631, 51.462348050758003 ], [ -0.195050508311375, 51.461618715491802 ], [ -0.19505405090622, 51.460621461097404 ], [ -0.195054603623854, 51.460617740306603 ], [ -0.195143631222148, 51.460018046956201 ], [ -0.193301062837148, 51.459797688791099 ], [ -0.194754871876378, 51.460184276388297 ], [ -0.194783982712452, 51.460625908859903 ], [ -0.194858893020611, 51.461762306692698 ], [ -0.194359361544695, 51.461378901733497 ], [ -0.193884978675195, 51.461489224217402 ], [ -0.194916419745511, 51.462614086032502 ], [ -0.194793421429803, 51.462911022435399 ], [ -0.190362803152816, 51.463405254182703 ], [ -0.187166173727513, 51.464216720237502 ], [ -0.187122241885869, 51.464227871268299 ], [ -0.183598728488574, 51.465461122901203 ], [ -0.180957087181626, 51.467581212271703 ], [ -0.179141376002964, 51.470006221150797 ], [ -0.178472261863543, 51.4701801782887 ], [ -0.178574341524063, 51.470654326402403 ], [ -0.177900908470095, 51.470625429492998 ], [ -0.178511377064627, 51.470771151791297 ], [ -0.176854463062393, 51.4748820103555 ], [ -0.175662657212577, 51.4761836818574 ], [ -0.175988081001179, 51.476440896895298 ], [ -0.175262499190293, 51.4777537714183 ], [ -0.173954521103011, 51.479080055882399 ], [ -0.171696778868982, 51.4802313337646 ], [ -0.171633232175267, 51.480263736217601 ], [ -0.166295479382685, 51.481319252692202 ], [ -0.166242588848957, 51.481329709606797 ], [ -0.14893167431511, 51.483608069453297 ], [ -0.147392798557178, 51.483580413662402 ], [ -0.146251083713656, 51.483559883095097 ], [ -0.14003878462456, 51.482735365270301 ], [ -0.137415607705942, 51.482728803479802 ], [ -0.136912574040293, 51.482437544603499 ], [ -0.136724531175863, 51.482793363689602 ], [ -0.132057012326054, 51.483736179803302 ], [ -0.128506848127153, 51.485042632707298 ], [ -0.128153514265536, 51.484731820642303 ], [ -0.12630848820243, 51.484471007442799 ], [ -0.127056218266137, 51.483580574740003 ] ] ] } },
{ "type": "Feature", "properties": { "borough_name": "Westminster", "median_house_price": 1050000, "median_earnings": 60000, "affordability_ratio": 17.5, "affordability_category": "Unaffordable", "is_se_london": false, "vs_london_avg": 31.5 }, "geometry": { "type": "Polygon", "coordinates": [ [ [ -0.174128478544183, 51.538261689512602 ], [ -0.173476990559195, 51.537646391236201 ], [ -0.171934140702352, 51.538403852139098 ], [ -0.170876388503664, 51.537778248976103 ], [ -0.169447390913976, 51.5385935584316 ], [ -0.164898867211156, 51.535784640449201 ], [ -0.160396596135671, 51.5372985110561 ], [ -0.159351924771759, 51.536339643292301 ], [ -0.152701824938766, 51.537509541292003 ], [ -0.147123640879697, 51.5250347430907 ], [ -0.145764043772245, 51.525266814136899 ], [ -0.145205616696418, 51.5239889711711 ], [ -0.14408751434632, 51.523997530376597 ], [ -0.143986909810925, 51.524678222571403 ], [ -0.143384543178008, 51.524548393953303 ], [ -0.143544818600121, 51.523965966324901 ], [ -0.142844961598762, 51.523867680625202 ], [ -0.136961309094795, 51.518886619897799 ], [ -0.136278097237986, 51.5191571743051 ], [ -0.135797668689083, 51.518685355918997 ], [ -0.13520781378243, 51.518929716241601 ], [ -0.134006210429943, 51.517547252126001 ], [ -0.133531598252919, 51.517697286746198 ], [ -0.132406111775616, 51.517117164416497 ], [ -0.132516418534426, 51.516673089502099 ], [ -0.130782502682123, 51.517081981490698 ], [ -0.130326509997426, 51.516419591541002 ], [ -0.129610815866559, 51.513998809654503 ], [ -0.128949099459364, 51.513414776252397 ], [ -0.127646380675082, 51.512678930201801 ], [ -0.127169746226546, 51.512705103373598 ], [ -0.122853761042668, 51.515140199763998 ], [ -0.12206608989202, 51.514615207873597 ], [ -0.121796317287431, 51.514868899544403 ], [ -0.119451253170614, 51.5145022562048 ], [ -0.114694811598885, 51.516026475604299 ], [ -0.113825664039223, 51.514823673677199 ], [ -0.111567824442113, 51.515335030001701 ], [ -0.111057012329661, 51.513829223614501 ], [ -0.111935793019154, 51.513688104118899 ], [ -0.111704400673957, 51.513190131849598 ], [ -0.112508903162863, 51.512727517206798 ], [ -0.111555901893517, 51.511799998942301 ], [ -0.111502690035089, 51.510833709058097 ], [ -0.111564258446105, 51.510832920565903 ], [ -0.116892774210445, 51.510104061447997 ], [ -0.11954268577267, 51.509062495925299 ], [ -0.121128605059339, 51.507749790845303 ], [ -0.122392686253247, 51.50606141275 ], [ -0.123055272262188, 51.504228056534899 ], [ -0.12311070372754, 51.503908755267503 ], [ -0.124707103980221, 51.494710951629301 ], [ -0.124730488968965, 51.494606588032099 ], [ -0.125395133896375, 51.491640217548102 ], [ -0.128375395394043, 51.488225442401998 ], [ -0.128393747809419, 51.488204411802101 ], [ -0.128406612451762, 51.488189670343402 ], [ -0.13249809444204, 51.4857302311827 ], [ -0.138099883632503, 51.484807192846603 ], [ -0.140037506220274, 51.484820744500603 ], [ -0.146453295156885, 51.485677259205197 ], [ -0.147353632595893, 51.485629728389497 ], [ -0.148996641409196, 51.4855429713243 ], [ -0.149069825202255, 51.486207786817403 ], [ -0.149694758889763, 51.486105689361302 ], [ -0.149215697877333, 51.485522148319703 ], [ -0.149982777183601, 51.485467876476299 ], [ -0.150023717166176, 51.4854624441395 ], [ -0.150160100799982, 51.486036743566402 ], [ -0.155834442321332, 51.489613984292703 ], [ -0.155169196968643, 51.490039038734203 ], [ -0.155800936370808, 51.4914645595263 ], [ -0.154742871175929, 51.491971172674802 ], [ -0.155962988061772, 51.493200531493002 ], [ -0.154973307336501, 51.493826290155901 ], [ -0.155978849547772, 51.494462996409901 ], [ -0.155778957935669, 51.4947199133955 ], [ -0.155248805698977, 51.4950540502903 ], [ -0.156056937706088, 51.497775623842102 ], [ -0.157872281859908, 51.499003535832401 ], [ -0.158457848304668, 51.502226197814799 ], [ -0.160900957801054, 51.5016769318066 ], [ -0.162645857685283, 51.500229753352798 ], [ -0.165419106384145, 51.498685488568597 ], [ -0.165718041043788, 51.499219071002997 ], [ -0.167578430986111, 51.498280422453298 ], [ -0.168149601678426, 51.4990332271814 ], [ -0.173418772260889, 51.498231182899197 ], [ -0.179523790495782, 51.497781200854497 ], [ -0.180311745243243, 51.501462235137303 ], [ -0.184204941023171, 51.501788853333998 ], [ -0.187859378088, 51.510194717662202 ], [ -0.189079662133421, 51.510123845533101 ], [ -0.192123026589169, 51.5098777395906 ], [ -0.192915313999014, 51.511842864604297 ], [ -0.194004101884694, 51.511700687973502 ], [ -0.195052992094996, 51.515040107633098 ], [ -0.199171143961617, 51.514540978297298 ], [ -0.199907498009142, 51.516840195447799 ], [ -0.200765178561406, 51.517983862357298 ], [ -0.201449310818032, 51.517804233999499 ], [ -0.203742321009568, 51.520624325592003 ], [ -0.202649698006663, 51.520894747705199 ], [ -0.200620363638551, 51.520711780826403 ], [ -0.201625846701851, 51.522742149852 ], [ -0.203953081013443, 51.523532728905799 ], [ -0.206017430034413, 51.525854211724699 ], [ -0.207297353929911, 51.5262345166594 ], [ -0.212960661863203, 51.5268839436985 ], [ -0.21549666909487, 51.5267185879961 ], [ -0.216020723983129, 51.527920361167503 ], [ -0.215855751894516, 51.529752390429799 ], [ -0.21510696879434, 51.530170176938 ], [ -0.215266647764194, 51.531360560510201 ], [ -0.211186423402787, 51.531925442450401 ], [ -0.207814035554874, 51.532792007856898 ], [ -0.203061890380871, 51.5328950508312 ], [ -0.203013026994402, 51.532895555050402 ], [ -0.20167541569191, 51.532559996243698 ], [ -0.201079967472329, 51.531905856146601 ], [ -0.198174940299363, 51.530417967136202 ], [ -0.197801829405802, 51.527899610135599 ], [ -0.197339740607098, 51.527892622133599 ], [ -0.196479321959949, 51.527638636562301 ], [ -0.192997934912252, 51.531983561566904 ], [ -0.192347014575535, 51.533260857199302 ], [ -0.193016132577393, 51.533949843268601 ], [ -0.191467608561554, 51.536292359070003 ], [ -0.188722649361543, 51.534530509288103 ], [ -0.187821656046345, 51.534963944419196 ], [ -0.184160670423868, 51.538228574294003 ], [ -0.180114010393227, 51.539564996711903 ], [ -0.178343045457858, 51.5398080696569 ], [ -0.175765524440825, 51.5396167241406 ], [ -0.173911770601983, 51.539473220199199 ], [ -0.174128478544183, 51.538261689512602 ] ] ] } }
]
}
