{"type":"FeatureCollection","crs":{"type":"name","properties":{"name":"EPSG:4326"}},"features":[{"type":"Feature","id":63,"geometry":{"type":"Polygon","coordinates":[[[0.134969762504979,51.5110377809532],[0.137262637530488,51.5100074485949],[0.137398090115434,51.5101448711723],[0.137458566540524,51.510206226288],[0.143871472108433,51.5077948935899],[0.146860333965117,51.506670829698],[0.147923719651649,51.5068213431843],[0.14799544257594,51.5064468211771],[0.148538190350211,51.5064508272091],[0.149453089675089,51.5058657211729],[0.149786613957745,51.5058641104625],[0.149913934523662,51.5063950645198],[0.151316313155611,51.5063141647348],[0.151366651207864,51.5063160741595],[0.1513944094145,51.5063171275508],[0.149046064626471,51.5026740618683],[0.149303095915645,51.5021480307783],[0.151483238438236,51.5016101024967],[0.149752068884607,51.4999592855369],[0.148860884537135,51.4984878780535],[0.153198290539212,51.4975715659386],[0.153155015444415,51.4958908027554],[0.152380473514316,51.4947840656288],[0.15125692976211,51.4943438486224],[0.149811397423605,51.4942202320571],[0.141388860055173,51.4939011086692],[0.138886172319097,51.4939139092394],[0.138209386204705,51.4939307375433],[0.135364319686289,51.494693721943],[0.134704184723916,51.4950661448067],[0.132608493990943,51.4958599941321],[0.131862585843408,51.4949436206565],[0.131452126158463,51.4948451018451],[0.131422791893835,51.494216743957],[0.130415815034866,51.49431373844],[0.129119954220592,51.4939215116148],[0.129099184675033,51.494817873767],[0.129025286928108,51.4960780043727],[0.129065838753831,51.4963871496886],[0.128376918415964,51.496379493925],[0.127662181409268,51.496371556133],[0.127603125100577,51.497522540773],[0.126966750204696,51.4975254520019],[0.126944494049698,51.4979754935716],[0.126201946669748,51.4984438129768],[0.12554469692981,51.4983765017836],[0.125684850631874,51.4987457757871],[0.125241764572543,51.4985847609194],[0.125193073797033,51.4991256492818],[0.125300745726173,51.49932213205],[0.128619232462326,51.4991980935881],[0.129157021664915,51.4997271764625],[0.129608488272985,51.4995678732512],[0.130576255802913,51.4997393130548],[0.128109831556238,51.5028152824905],[0.130987007203694,51.504017194331],[0.129606556140516,51.5040406013477],[0.126363069650643,51.5031298317303],[0.124124091827223,51.5023957694322],[0.120944208179009,51.5018443634632],[0.120958186337994,51.5022100617023],[0.120867320971803,51.5057070956137],[0.120869545840138,51.5057940124984],[0.120872044122492,51.5059145468513],[0.12079000922662,51.5068325714999],[0.120661440994235,51.5093668717381],[0.120660773920501,51.5093745172269],[0.120563375844368,51.5110433363083],[0.120208688945246,51.5114459333409],[0.120222238402063,51.5114485508149],[0.122972118991337,51.5123275212373],[0.124661362004068,51.5128674193277],[0.125051166702628,51.5129919989413],[0.127304655778527,51.5131225703357],[0.128940175238202,51.5132173069551],[0.132038093584147,51.5123251581156],[0.132223291811855,51.5122718240935],[0.134969762504979,51.5110377809532]]]},"properties":{"FID":63,"MSOA21CD":"E02000065","MSOA21NM":"Bexley 001","MSOA21NMW":" ","BNG_E":548397,"BNG_N":180313,"LAT":51.50228,"LONG":0.136684,"Shape__Area":3208016.4649963379,"Shape__Length":9805.5210565662364,"GlobalID":"ea790045-9f44-450f-9070-367ee5d9cb4c"}},{"type":"Feature","id":64,"geometry":{"type":"Polygon","coordinates":[[[0.130576255802913,51.4997393130548],[0.129608488272985,51.4995678732512],[0.129157021664915,51.4997271764625],[0.128619232462326,51.4991980935881],[0.125300745726173,51.49932213205],[0.125193073797033,51.4991256492818],[0.125241764572543,51.4985847609194],[0.125684850631874,51.4987457757871],[0.12554469692981,51.4983765017836],[0.126201946669748,51.4984438129768],[0.126944494049698,51.4979754935716],[0.126966750204696,51.4975254520019],[0.127603125100577,51.497522540773],[0.127662181409268,51.496371556133],[0.128376918415964,51.496379493925],[0.129065838753831,51.4963871496886],[0.129025286928108,51.4960780043727],[0.129099184675033,51.494817873767],[0.129119954220592,51.4939215116148],[0.130415815034866,51.49431373844],[0.131422791893835,51.494216743957],[0.131452126158463,51.4948451018451],[0.131862585843408,51.4949436206565],[0.132608493990943,51.4958599941321],[0.134704184723916,51.4950661448067],[0.135364319686289,51.494693721943],[0.138209386204705,51.4939307375433],[0.138886172319097,51.4939139092394],[0.141388860055173,51.4939011086692],[0.149811397423605,51.4942202320571],[0.149730434595913,51.4939399856732],[0.149243185261088,51.4920933522854],[0.149127220235096,51.4920870619058],[0.14712231195337,51.4920183204231],[0.144409160630241,51.4919079713071],[0.140812357026622,51.4917839931175],[0.140203248198964,51.4917659654076],[0.139871256382982,51.491755998694],[0.138803859532305,51.4917238110203],[0.13896426974255,51.4904780427141],[0.137074077010989,51.4903115415428],[0.137086966240563,51.4893601894884],[0.137551485340159,51.4893591687278],[0.136995898667555,51.4874384722129],[0.136778419636177,51.4858634958975],[0.136406765740785,51.4850965990156],[0.13578917562987,51.4848291872522],[0.132663943622578,51.485007442959],[0.133045188030489,51.4861226149777],[0.131942528922388,51.4865325653865],[0.131325193636363,51.4871859797332],[0.12940390960342,51.4881006787011],[0.126860732437406,51.4881341731933],[0.125182056637248,51.4886454635197],[0.122753992227139,51.4900319690709],[0.122136045106312,51.4901731462033],[0.121959712185261,51.4908535909981],[0.121339533864153,51.4908378335341],[0.121305105925549,51.4910871346036],[0.121267324363726,51.4913705649346],[0.121223798407693,51.4931525498096],[0.121221959035445,51.4935827696993],[0.121149117901372,51.4957481350158],[0.121110303275146,51.4962921668031],[0.121101787230637,51.4965232979545],[0.121047155764129,51.4989278440041],[0.121009496015061,51.5007719211302],[0.120944208179009,51.5018443634632],[0.124124091827223,51.5023957694322],[0.126363069650643,51.5031298317303],[0.129606556140516,51.5040406013477],[0.130987007203694,51.504017194331],[0.128109831556238,51.5028152824905],[0.130576255802913,51.4997393130548]]]},"properties":{"FID":64,"MSOA21CD":"E02000066","MSOA21NM":"Bexley 002","MSOA21NMW":" ","BNG_E":548320,"BNG_N":178925,"LAT":51.48983,"LONG":0.134992,"Shape__Area":1564822.0573959351,"Shape__Length":8812.9931887735565,"GlobalID":"70704c08-d841-4c1d-af6a-a6214aea599e"}},{"type":"Feature","id":65,"geometry":{"type":"Polygon","coordinates":[[[0.156983664307639,51.4890904458073],[0.156017696993367,51.4887844541912],[0.15441933270398,51.4891016110669],[0.152188950518529,51.4888458031394],[0.151324938115839,51.488197473777],[0.150335749703297,51.4886459878385],[0.149684720095807,51.4885859821789],[0.149623034669342,51.4880140004178],[0.148939220673318,51.4877505329296],[0.149318256707812,51.487202802063],[0.147313104881845,51.486857827785],[0.147851826479949,51.4865166331846],[0.147661460600344,51.4860155795382],[0.146713366026714,51.4859146980953],[0.146855127116956,51.485502819799],[0.146172263856779,51.4852731950535],[0.147294850734163,51.484902725375],[0.148082412079271,51.4842267861162],[0.148197313271031,51.4842097346232],[0.148017970371809,51.4832918967558],[0.148372568956181,51.4830109874269],[0.150237469253881,51.4833228422954],[0.150560538181168,51.4824918173273],[0.151218352015972,51.4821045228522],[0.15098162093973,51.4817284276791],[0.152357983762342,51.4809192250195],[0.14984596437275,51.4805064934213],[0.148608297223346,51.4802910075232],[0.144673170284488,51.4797638813958],[0.143089735615602,51.4790146567468],[0.142717597158364,51.4792380144629],[0.143465745817842,51.4805810913537],[0.141715691590314,51.4808131953538],[0.141833025398206,51.4810812907806],[0.143454776558512,51.4808607937637],[0.143938698885161,51.4811692176715],[0.142697533055201,51.4812775033841],[0.143157349559924,51.4823745696739],[0.141642384319459,51.4823481605376],[0.141631632637847,51.4832254416544],[0.140358673902199,51.4833444220233],[0.140357461878234,51.4838194932462],[0.138564224304067,51.483889482698],[0.139076200216329,51.4841960105784],[0.141549973530688,51.4843260972945],[0.141652591151267,51.4848543023891],[0.141003051865295,51.4851476528699],[0.139567723397462,51.4855900193796],[0.139168502677799,51.4862644616483],[0.139831304985422,51.4873570492288],[0.139365537771235,51.4876750846851],[0.138651742181315,51.4878368218868],[0.136995898667555,51.4874384722129],[0.137551485340159,51.4893591687278],[0.137086966240563,51.4893601894884],[0.137074077010989,51.4903115415428],[0.13896426974255,51.4904780427141],[0.138803859532305,51.4917238110203],[0.139871256382982,51.491755998694],[0.140203248198964,51.4917659654076],[0.140812357026622,51.4917839931175],[0.144409160630241,51.4919079713071],[0.14712231195337,51.4920183204231],[0.149127220235096,51.4920870619058],[0.149243185261088,51.4920933522854],[0.149730434595913,51.4939399856732],[0.149811397423605,51.4942202320571],[0.15125692976211,51.4943438486224],[0.152380473514316,51.4947840656288],[0.153155015444415,51.4958908027554],[0.153198290539212,51.4975715659386],[0.148860884537135,51.4984878780535],[0.149752068884607,51.4999592855369],[0.151483238438236,51.5016101024967],[0.149303095915645,51.5021480307783],[0.149046064626471,51.5026740618683],[0.1513944094145,51.5063171275508],[0.152841070572804,51.5063719983368],[0.153945575817153,51.5060500220223],[0.160339028947168,51.5054770414044],[0.164485707189892,51.5045377706621],[0.164589278054141,51.5044841317818],[0.160456461572446,51.4937053154412],[0.15921928140878,51.4903678949273],[0.15741398811828,51.4901338058669],[0.15711260956012,51.4893890975202],[0.156983664307639,51.4890904458073]]]},"properties":{"FID":65,"MSOA21CD":"E02000067","MSOA21NM":"Bexley 003","MSOA21NMW":" ","BNG_E":549681,"BNG_N":179272,"LAT":51.49259,"LONG":0.154728,"Shape__Area":2312721.8339538574,"Shape__Length":11039.169933373367,"GlobalID":"7adc14d6-572c-40e9-9fa3-27abe225bb90"}},{"type":"Feature","id":66,"geometry":{"type":"Polygon","coordinates":[[[0.173525734437001,51.4873608944951],[0.173882712558448,51.4870230719378],[0.174134939402031,51.4867843765288],[0.174537109515027,51.4869266551796],[0.175171403971347,51.4862321411788],[0.175290726889736,51.48610148703],[0.174894939365419,51.4859721329665],[0.175177863895034,51.4852595672804],[0.176065315078163,51.485248493917],[0.176328411069931,51.485026818309],[0.177210904779371,51.4842832420789],[0.178087645332059,51.483544497209],[0.177631115225784,51.483182916632],[0.177871976205974,51.4830237624],[0.178343971539201,51.4833774106144],[0.178520517527082,51.4832985454307],[0.182128392591124,51.4816867640725],[0.183319585920666,51.4811545860154],[0.183433053107267,51.4811296557868],[0.186606350312434,51.4804323729135],[0.18679994424083,51.480395643966],[0.186177434784792,51.4788251886399],[0.18585111717104,51.4788962895617],[0.183896436610792,51.4793038840996],[0.18282788422596,51.4785896354095],[0.182750329242851,51.4780172669227],[0.182539618624614,51.4762875645538],[0.181365623389972,51.4762391446962],[0.18132353211121,51.4757722911102],[0.179185638161292,51.4755393055013],[0.179180930968259,51.4751763043177],[0.17741871866942,51.4746765977353],[0.176672692928747,51.4744982736347],[0.176179792276225,51.475202343859],[0.174982445869556,51.4768800503261],[0.17554881727683,51.4770547406018],[0.176193237299767,51.4772569942869],[0.175310090957337,51.4778009611048],[0.176007977895814,51.4783305386118],[0.17577683900078,51.4787248917475],[0.171861951549368,51.4790762732663],[0.171894681864863,51.47944821016],[0.171115470082469,51.4794805505225],[0.171911799530141,51.4807221575351],[0.171248670382504,51.4806960957604],[0.170965794369997,51.4808808531641],[0.171299666172288,51.4812863151691],[0.168080122710178,51.4820493819715],[0.168424321753925,51.4821603022296],[0.165321954255245,51.484454547135],[0.167163897486639,51.4853434675225],[0.167751392583437,51.4849603858922],[0.168200019960173,51.4850614758693],[0.167386480635668,51.4861287167444],[0.166133387516525,51.4854434955792],[0.165749324120358,51.4856159791821],[0.16465635982366,51.4853550648306],[0.163838041281533,51.4856517724241],[0.164068520044252,51.4862611679583],[0.164031106059612,51.4869289169085],[0.162529362972447,51.4872872319903],[0.159351152134366,51.4870207860997],[0.157437789277104,51.48806597599],[0.157632535844485,51.4887215822499],[0.156983664307639,51.4890904458073],[0.15711260956012,51.4893890975202],[0.15741398811828,51.4901338058669],[0.15921928140878,51.4903678949273],[0.160456461572446,51.4937053154412],[0.164589278054141,51.5044841317818],[0.1665770316036,51.5034546306209],[0.170022250890149,51.500059450322],[0.17087165611174,51.4988343975732],[0.171646211680811,51.4977172355583],[0.171979875202169,51.4947327450138],[0.171983720444417,51.4946887831514],[0.172045650486872,51.493980628322],[0.172496430962688,51.4888260758209],[0.173142903633032,51.4879058558069],[0.173525734437001,51.4873608944951]]]},"properties":{"FID":66,"MSOA21CD":"E02000068","MSOA21NM":"Bexley 004","MSOA21NMW":" ","BNG_E":550890,"BNG_N":178611,"LAT":51.48632,"LONG":0.171846,"Shape__Area":2267588.3318710327,"Shape__Length":9910.1298406870446,"GlobalID":"d969ad3e-1b79-4eef-8dbf-2883324b834b"}},{"type":"Feature","id":67,"geometry":{"type":"Polygon","coordinates":[[[0.156983664307639,51.4890904458073],[0.157632535844485,51.4887215822499],[0.157437789277104,51.48806597599],[0.159351152134366,51.4870207860997],[0.162529362972447,51.4872872319903],[0.164031106059612,51.4869289169085],[0.164068520044252,51.4862611679583],[0.163838041281533,51.4856517724241],[0.16465635982366,51.4853550648306],[0.165749324120358,51.4856159791821],[0.166133387516525,51.4854434955792],[0.167386480635668,51.4861287167444],[0.168200019960173,51.4850614758693],[0.167751392583437,51.4849603858922],[0.167163897486639,51.4853434675225],[0.165321954255245,51.484454547135],[0.168424321753925,51.4821603022296],[0.168080122710178,51.4820493819715],[0.171299666172288,51.4812863151691],[0.170965794369997,51.4808808531641],[0.171248670382504,51.4806960957604],[0.171911799530141,51.4807221575351],[0.171115470082469,51.4794805505225],[0.171894681864863,51.47944821016],[0.171861951549368,51.4790762732663],[0.17577683900078,51.4787248917475],[0.176007977895814,51.4783305386118],[0.175310090957337,51.4778009611048],[0.176193237299767,51.4772569942869],[0.17554881727683,51.4770547406018],[0.175320276980552,51.4777750430831],[0.172204923759746,51.476578001182],[0.172049963089068,51.4767641141245],[0.170616713225334,51.4764910873461],[0.169625065731473,51.4768374114587],[0.168451406158504,51.4783504561357],[0.168441463902572,51.4783503432817],[0.167917359051523,51.4781767777433],[0.168631231887487,51.4772499470666],[0.168230254390087,51.4769180134427],[0.166907213474692,51.476520085346],[0.166781678310607,51.4767357558671],[0.16591325173893,51.4766647795799],[0.165714526255694,51.4766896153664],[0.165838343604034,51.4771169378924],[0.164039259421397,51.4773099354405],[0.163686722559527,51.4777489070849],[0.161810296347599,51.4781057855947],[0.161128370857306,51.4783187461509],[0.161025508004359,51.4780067113911],[0.159321046005589,51.4785168423344],[0.156893490808835,51.4784928454416],[0.155995400545373,51.4782446320886],[0.155694936497099,51.4786295549515],[0.155224823280085,51.4784807324668],[0.155431753654189,51.4790605730439],[0.155037896910053,51.4794695501119],[0.154090208748942,51.4795842570448],[0.153736295907374,51.4811672947164],[0.152357983762342,51.4809192250195],[0.15098162093973,51.4817284276791],[0.151218352015972,51.4821045228522],[0.150560538181168,51.4824918173273],[0.150237469253881,51.4833228422954],[0.148372568956181,51.4830109874269],[0.148017970371809,51.4832918967558],[0.148197313271031,51.4842097346232],[0.148082412079271,51.4842267861162],[0.147294850734163,51.484902725375],[0.146172263856779,51.4852731950535],[0.146855127116956,51.485502819799],[0.146713366026714,51.4859146980953],[0.147661460600344,51.4860155795382],[0.147851826479949,51.4865166331846],[0.147313104881845,51.486857827785],[0.149318256707812,51.487202802063],[0.148939220673318,51.4877505329296],[0.149623034669342,51.4880140004178],[0.149684720095807,51.4885859821789],[0.150335749703297,51.4886459878385],[0.151324938115839,51.488197473777],[0.152188950518529,51.4888458031394],[0.15441933270398,51.4891016110669],[0.156017696993367,51.4887844541912],[0.156983664307639,51.4890904458073]]]},"properties":{"FID":67,"MSOA21CD":"E02000069","MSOA21NM":"Bexley 005","MSOA21NMW":" ","BNG_E":550013,"BNG_N":178199,"LAT":51.48286,"LONG":0.159051,"Shape__Area":1454376.7189865112,"Shape__Length":7462.2643153842637,"GlobalID":"673e99b4-62e0-4891-8714-e38e1221ff49"}},{"type":"Feature","id":68,"geometry":{"type":"Polygon","coordinates":[[[0.125182056637248,51.4886454635197],[0.126860732437406,51.4881341731933],[0.12940390960342,51.4881006787011],[0.131325193636363,51.4871859797332],[0.131942528922388,51.4865325653865],[0.133045188030489,51.4861226149777],[0.132663943622578,51.485007442959],[0.13578917562987,51.4848291872522],[0.136406765740785,51.4850965990156],[0.136778419636177,51.4858634958975],[0.136995898667555,51.4874384722129],[0.138651742181315,51.4878368218868],[0.139365537771235,51.4876750846851],[0.139831304985422,51.4873570492288],[0.139168502677799,51.4862644616483],[0.139567723397462,51.4855900193796],[0.141003051865295,51.4851476528699],[0.141652591151267,51.4848543023891],[0.141549973530688,51.4843260972945],[0.139076200216329,51.4841960105784],[0.138564224304067,51.483889482698],[0.140357461878234,51.4838194932462],[0.140358673902199,51.4833444220233],[0.141631632637847,51.4832254416544],[0.141642384319459,51.4823481605376],[0.143157349559924,51.4823745696739],[0.142697533055201,51.4812775033841],[0.143938698885161,51.4811692176715],[0.143454776558512,51.4808607937637],[0.141833025398206,51.4810812907806],[0.141715691590314,51.4808131953538],[0.143465745817842,51.4805810913537],[0.142717597158364,51.4792380144629],[0.143089735615602,51.4790146567468],[0.144673170284488,51.4797638813958],[0.148608297223346,51.4802910075232],[0.14984596437275,51.4805064934213],[0.152357983762342,51.4809192250195],[0.153736295907374,51.4811672947164],[0.154090208748942,51.4795842570448],[0.154438502939622,51.4791624413905],[0.15378057113855,51.4790482888174],[0.154053973735293,51.4786898354975],[0.150266129911904,51.4779905765943],[0.150335078516362,51.4776463367442],[0.149094579880238,51.4774298871891],[0.147861105165111,51.4772898338644],[0.146665057973082,51.4770900441822],[0.146036072200027,51.475621998591],[0.146220496897619,51.4748337896184],[0.147445435398222,51.4749584651009],[0.147530411879819,51.4746323814539],[0.14550006480959,51.4744042024239],[0.145766459001021,51.4739834001771],[0.14574809273338,51.4735669089142],[0.144611605686511,51.4734124165423],[0.143856778540097,51.4757181337754],[0.144956829927351,51.4768058215954],[0.144638151316849,51.4771448063009],[0.142391185364387,51.4762137225167],[0.141923463707785,51.4760161231483],[0.141284290651712,51.47651872677],[0.140542177787676,51.4761583965042],[0.139997334640385,51.4764045892988],[0.140063961475265,51.4766110568517],[0.139270657865104,51.4764211707326],[0.138852627719535,51.4766956919044],[0.138418784286423,51.4764689348774],[0.138023582844134,51.4767396462381],[0.136916611377632,51.4764630617029],[0.136456427943007,51.4767980827802],[0.135932869761213,51.4765341739933],[0.135403024682792,51.4768846958868],[0.138112840871915,51.4776349952989],[0.137756767767979,51.4779618274809],[0.136075396496085,51.4774869538315],[0.135950744447944,51.4779469849366],[0.134966339746063,51.4796206957902],[0.134448264877386,51.4786643978038],[0.133561818629502,51.4790496495635],[0.133241256192565,51.4795914316918],[0.131906186999205,51.4795150490476],[0.132562017994448,51.4788610566194],[0.132022032416944,51.4784509789957],[0.132855749481463,51.4785792049473],[0.132904788305465,51.4781458343312],[0.128797139324153,51.4766798533806],[0.128651579940315,51.4766271625685],[0.129425993997649,51.4758348500352],[0.126481084857892,51.4747725076174],[0.125968632788705,51.4745916701832],[0.124484194020248,51.4764411441654],[0.124186584157106,51.4768235215136],[0.123021341976417,51.4799515591206],[0.122805597356662,51.4804951044155],[0.122470122419735,51.4813807872696],[0.122091673780864,51.4829894392565],[0.122099181345034,51.4849786518584],[0.122100865154746,51.4855642291272],[0.121542040314078,51.488307701242],[0.121362144257334,51.4897852577062],[0.121339533864153,51.4908378335341],[0.121959712185261,51.4908535909981],[0.122136045106312,51.4901731462033],[0.122753992227139,51.4900319690709],[0.125182056637248,51.4886454635197]]]},"properties":{"FID":68,"MSOA21CD":"E02000070","MSOA21NM":"Bexley 006","MSOA21NMW":" ","BNG_E":548173,"BNG_N":178066,"LAT":51.48215,"LONG":0.132516,"Shape__Area":1857230.2569885254,"Shape__Length":11264.654856335463,"GlobalID":"1bc08e2e-56c3-4dd8-a082-dd0775cf5364"}},{"type":"Feature","id":69,"geometry":{"type":"Polygon","coordinates":[[[0.155431753654189,51.4790605730439],[0.155224823280085,51.4784807324668],[0.155694936497099,51.4786295549515],[0.155995400545373,51.4782446320886],[0.156893490808835,51.4784928454416],[0.159321046005589,51.4785168423344],[0.161025508004359,51.4780067113911],[0.161128370857306,51.4783187461509],[0.161810296347599,51.4781057855947],[0.163686722559527,51.4777489070849],[0.164039259421397,51.4773099354405],[0.165838343604034,51.4771169378924],[0.165714526255694,51.4766896153664],[0.16591325173893,51.4766647795799],[0.166917559679323,51.4753109244749],[0.168198832691937,51.4747088665976],[0.168062834041029,51.4745538843244],[0.167436301943166,51.4714873743082],[0.167358039941291,51.4714853201394],[0.164563534813251,51.4714105415108],[0.164549274777662,51.4718694478909],[0.163435699473655,51.4718551674859],[0.162023139133966,51.4716434375401],[0.161373108713474,51.4711231475921],[0.161341302855633,51.4711186206432],[0.160245042981229,51.470994851465],[0.158319084175286,51.4706440681906],[0.157380193982307,51.4700972030855],[0.15488567721739,51.47003661122],[0.154293249702623,51.4702264886665],[0.154204788041086,51.4709570787112],[0.15350210344469,51.4707014953382],[0.151523272407495,51.4711902811322],[0.151411985472909,51.4708638091419],[0.150144653860718,51.4709506437678],[0.150130816480927,51.4709525433127],[0.145552047413757,51.4716022723754],[0.144414223848491,51.4702693436661],[0.143843943281689,51.4704498200396],[0.144032991482881,51.4709061476374],[0.14254864845114,51.4711478516062],[0.141952321073189,51.4709872351733],[0.141775512415088,51.4713652939583],[0.143813078572253,51.471379712361],[0.144203429933527,51.4718604880733],[0.144021895287614,51.4729045414952],[0.144648736855647,51.472950369308],[0.144611605686511,51.4734124165423],[0.14574809273338,51.4735669089142],[0.145766459001021,51.4739834001771],[0.14550006480959,51.4744042024239],[0.147530411879819,51.4746323814539],[0.147445435398222,51.4749584651009],[0.146220496897619,51.4748337896184],[0.146036072200027,51.475621998591],[0.146665057973082,51.4770900441822],[0.147861105165111,51.4772898338644],[0.149094579880238,51.4774298871891],[0.150335078516362,51.4776463367442],[0.150266129911904,51.4779905765943],[0.154053973735293,51.4786898354975],[0.15378057113855,51.4790482888174],[0.154438502939622,51.4791624413905],[0.154090208748942,51.4795842570448],[0.155037896910053,51.4794695501119],[0.155431753654189,51.4790605730439]]]},"properties":{"FID":69,"MSOA21CD":"E02000071","MSOA21NM":"Bexley 007","MSOA21NMW":" ","BNG_E":549950,"BNG_N":177292,"LAT":51.47472,"LONG":0.157759,"Shape__Area":1179939.1530609131,"Shape__Length":5812.9717151449413,"GlobalID":"892e75bb-ef80-41d0-bb19-f33a9b8ffa88"}},{"type":"Feature","id":70,"geometry":{"type":"MultiPolygon","coordinates":[[[[0.202609208437745,51.4562336244411],[0.200638560415922,51.4562392347936],[0.199091945718804,51.4579489783291],[0.19958332788718,51.4583786901092],[0.203025417002899,51.4579550210713],[0.203234993239636,51.4576052011063],[0.202609208437745,51.4562336244411]]],[[[0.199285347505183,51.4584238511852],[0.199002217304782,51.4581188954868],[0.198978226872366,51.4581287812096],[0.19889854245533,51.4581616173597],[0.198742609300476,51.458330619769],[0.199285347505183,51.4584238511852]]],[[[0.201803030884304,51.4800268643411],[0.202053018022505,51.4790166325704],[0.201038183114076,51.4788337905306],[0.200102010585482,51.4784151897032],[0.198687291828232,51.4783320125226],[0.2001293579888,51.478907956272],[0.200519936973716,51.4797502185802],[0.20111593050303,51.4795203150884],[0.200628211074068,51.479809250564],[0.201301089976841,51.4801642634303],[0.201803030884304,51.4800268643411]]],[[[0.211681560041074,51.4827115181021],[0.217665422548806,51.4804113150815],[0.2167205942898,51.4801737685865],[0.215988645990343,51.4794852212916],[0.216418949825955,51.4774668919795],[0.216244927669669,51.4780890144449],[0.216274007540862,51.4774716098756],[0.215661047859748,51.4768599521085],[0.211902626923108,51.4758292388745],[0.211266671151005,51.4752764662335],[0.21135614048268,51.4732279847715],[0.208856481808598,51.4717454259697],[0.208231621863957,51.4709314624409],[0.208160312797764,51.4708385713187],[0.211014625901593,51.4684339951274],[0.210950847274005,51.4673542466661],[0.209979085597891,51.4655704894265],[0.21023964061532,51.4625018547938],[0.207503722914299,51.461597522667],[0.204436935833428,51.4599790443139],[0.20330678690608,51.4589664646917],[0.202613449259571,51.4583451777885],[0.200853029240754,51.4584329901832],[0.199071910696301,51.4585807405936],[0.198625571306655,51.4584574633915],[0.198404221645192,51.4586973528071],[0.193902544896164,51.463296198906],[0.191602138488481,51.4639938177706],[0.187347617343523,51.4640948686291],[0.187986116585863,51.4645697384798],[0.186039928989633,51.4646129100054],[0.186032950486656,51.4648485195157],[0.185328723829864,51.4649175264536],[0.185997336868386,51.4658786741034],[0.186080756347848,51.466455066222],[0.18499354449101,51.4665704243906],[0.184746858196548,51.4656152402295],[0.183742559317213,51.4657420883472],[0.182797088652858,51.4670926121077],[0.182448617473494,51.4670449585439],[0.180995042468683,51.4669157593829],[0.18105653808946,51.4662345112381],[0.180217500191911,51.466151191278],[0.179837245149818,51.4674877593357],[0.180260719402837,51.4674590632201],[0.18016306224123,51.4679312717912],[0.180252525602748,51.4688291722251],[0.180940889084166,51.4688280343846],[0.180876133143154,51.4700310318896],[0.180877255738699,51.4708707228389],[0.181069934274554,51.4721392502137],[0.181181227894945,51.4728542514045],[0.181145745079376,51.4737924610443],[0.181076505769475,51.4736921700434],[0.179887714353546,51.4736611692427],[0.179918786334959,51.4733815058042],[0.179769806141999,51.4728472342655],[0.178233436820386,51.4728415486613],[0.177936928602724,51.4728308521755],[0.175971544974833,51.4728500145938],[0.175394791933786,51.4735505873951],[0.175942901359056,51.4737836738796],[0.17576872933772,51.4746547239936],[0.175553565952914,51.4748538548228],[0.176179792276225,51.475202343859],[0.176672692928747,51.4744982736347],[0.17741871866942,51.4746765977353],[0.179180930968259,51.4751763043177],[0.179185638161292,51.4755393055013],[0.18132353211121,51.4757722911102],[0.181365623389972,51.4762391446962],[0.182539618624614,51.4762875645538],[0.182750329242851,51.4780172669227],[0.18282788422596,51.4785896354095],[0.183896436610792,51.4793038840996],[0.18585111717104,51.4788962895617],[0.186177434784792,51.4788251886399],[0.18679994424083,51.480395643966],[0.190311123730561,51.4797294352809],[0.19045351180747,51.4790347534461],[0.190847989675224,51.4797522278699],[0.192723230679277,51.4797679774715],[0.193016906895343,51.4793753281587],[0.19337309187868,51.479351640838],[0.19380723216261,51.4793227685195],[0.195511420908914,51.4796753210974],[0.195956081999442,51.4794579001429],[0.197280193517514,51.4796484752223],[0.197510035947757,51.4794714968504],[0.197078378659678,51.4792556570383],[0.198566378327607,51.4796792187374],[0.198940360928118,51.479429837428],[0.198276366506372,51.4793244780209],[0.197857583794202,51.478792737143],[0.197800488575066,51.4787981091601],[0.197441093597526,51.4784430651983],[0.198920669717167,51.4792602345115],[0.199293948668483,51.4800905937254],[0.200582093141549,51.4800656144606],[0.200115456379696,51.4789482371107],[0.199166701059073,51.4786151211354],[0.19936845371727,51.4789195349523],[0.198585836285015,51.478303787846],[0.199646688169237,51.4783212104784],[0.200090141115903,51.4783780904587],[0.200644229371537,51.4785340662549],[0.201037429761193,51.4788032275988],[0.202149696683739,51.4789905348583],[0.201858780930437,51.4801853578523],[0.203216069166807,51.4803455716358],[0.202087792680435,51.4802750364734],[0.20226465086475,51.4805972708671],[0.204786934387325,51.4808421499167],[0.202860236065569,51.4795977222056],[0.205067050150853,51.4808863453293],[0.205551305438134,51.4804455592162],[0.206309161983215,51.4807190862222],[0.20634502437491,51.4812822911097],[0.209216964815308,51.4818163774031],[0.209605961975445,51.4816399731473],[0.210346792245951,51.4824830742611],[0.211681560041074,51.4827115181021]]]]},"properties":{"FID":70,"MSOA21CD":"E02000072","MSOA21NM":"Bexley 008","MSOA21NMW":" ","BNG_E":552635,"BNG_N":176910,"LAT":51.47057,"LONG":0.196224,"Shape__Area":4373870.0228347778,"Shape__Length":14805.279501035024,"GlobalID":"7543f292-d03c-4dc5-b13f-6f8d5bd090ee"}},{"type":"Feature","id":71,"geometry":{"type":"Polygon","coordinates":[[[0.134966339746063,51.4796206957902],[0.135950744447944,51.4779469849366],[0.136075396496085,51.4774869538315],[0.137756767767979,51.4779618274809],[0.138112840871915,51.4776349952989],[0.135403024682792,51.4768846958868],[0.135932869761213,51.4765341739933],[0.136456427943007,51.4767980827802],[0.136916611377632,51.4764630617029],[0.138023582844134,51.4767396462381],[0.138418784286423,51.4764689348774],[0.138852627719535,51.4766956919044],[0.139270657865104,51.4764211707326],[0.140063961475265,51.4766110568517],[0.139997334640385,51.4764045892988],[0.139909231827956,51.4752526230029],[0.137740750003835,51.4743722856713],[0.13588383166761,51.4736242208811],[0.135324898833827,51.4733127874689],[0.13617769621057,51.4726139002666],[0.136062426265616,51.471932938624],[0.136026742725297,51.4718999460942],[0.133643912684803,51.4725679264915],[0.134639194024398,51.4733038996694],[0.13392475205935,51.4738463329441],[0.132265717483475,51.4730094367334],[0.132781726252529,51.4727597482867],[0.132406250531904,51.4724458985245],[0.134178647401254,51.4718006191218],[0.13406556159844,51.4714311418824],[0.133508175080388,51.4715130429178],[0.131316395990316,51.4724739645558],[0.1301756169442,51.472635896412],[0.129804873774331,51.4723374016893],[0.130864959394253,51.4721784463678],[0.130311744380557,51.4719015928294],[0.131154904875133,51.4711311375012],[0.130864804544084,51.4706995769352],[0.13108441445459,51.4701446393359],[0.13070231298103,51.469488901159],[0.133603134206779,51.4689690523833],[0.134389972257799,51.4703241795484],[0.134851040494895,51.4702060194992],[0.134569082210626,51.4693120580908],[0.134384160717867,51.4688022136699],[0.133872507684449,51.4676169097968],[0.133823591787402,51.4673047544108],[0.134267402306069,51.4672568534355],[0.134632534773747,51.4676316691353],[0.135913238582457,51.4673390171863],[0.13573758705775,51.4667664771929],[0.13460548419434,51.4667352006833],[0.134170345512834,51.4662889040596],[0.134138659796996,51.4659501230174],[0.135514676385058,51.4658040430264],[0.136046976932515,51.4660094115406],[0.136031347704316,51.4657243664735],[0.136918354640744,51.4654589040644],[0.135965065987414,51.4650986273338],[0.135940064476965,51.4648169545162],[0.135336318631154,51.4648369477109],[0.135870589416873,51.4644677992357],[0.135635936260422,51.4639463799591],[0.136056544650454,51.4635328435545],[0.135172718495582,51.4635098271673],[0.132578992902127,51.4635877435194],[0.130341432907929,51.4636924524559],[0.129073140646682,51.4637549778086],[0.129016417159043,51.4637578282291],[0.124096954446593,51.4638934086601],[0.123802028295074,51.4639008675503],[0.124308551036238,51.4653692092019],[0.124439805056548,51.465744418835],[0.124708994300087,51.4665089434684],[0.125225096739471,51.4679743276286],[0.124826218507907,51.4683926984261],[0.12471854498199,51.4684022580289],[0.123686485844979,51.4685018864659],[0.122754929074833,51.468905455506],[0.122817649226642,51.4691841536509],[0.122794298996818,51.4714479595478],[0.121648870200208,51.4713392046856],[0.121693136988174,51.4720227446702],[0.12120876103181,51.4720967651538],[0.122214384860512,51.4724584658824],[0.122102106598902,51.4727694420962],[0.121581348486007,51.4725997724256],[0.118726026412168,51.4717059622308],[0.118551781770102,51.4720390891282],[0.119132788564029,51.4721650744756],[0.118888666680989,51.4725038714474],[0.117687039397054,51.4723023419187],[0.115969739401546,51.472474960839],[0.115310699445256,51.4725002260819],[0.115215929845199,51.4721442869729],[0.114220156726473,51.4723445073421],[0.113820960658443,51.4718866986023],[0.112621502882679,51.4721224841899],[0.111731891333786,51.4727058564004],[0.111799075732041,51.4731942698756],[0.112266150124138,51.4732297965393],[0.113271033300857,51.4741924889947],[0.114008652974755,51.4751324602496],[0.115583500806413,51.4761373241089],[0.116182542184663,51.4767550651528],[0.118239689500323,51.4786918206618],[0.118517765180275,51.4788969612954],[0.120563219900689,51.4785560507423],[0.122402866768198,51.4778177988566],[0.12380849059745,51.4770623438939],[0.124186584157106,51.4768235215136],[0.124484194020248,51.4764411441654],[0.125968632788705,51.4745916701832],[0.126481084857892,51.4747725076174],[0.129425993997649,51.4758348500352],[0.128651579940315,51.4766271625685],[0.128797139324153,51.4766798533806],[0.132904788305465,51.4781458343312],[0.132855749481463,51.4785792049473],[0.132022032416944,51.4784509789957],[0.132562017994448,51.4788610566194],[0.131906186999205,51.4795150490476],[0.133241256192565,51.4795914316918],[0.133561818629502,51.4790496495635],[0.134448264877386,51.4786643978038],[0.134966339746063,51.4796206957902]]]},"properties":{"FID":71,"MSOA21CD":"E02000073","MSOA21NM":"Bexley 009","MSOA21NMW":" ","BNG_E":547738,"BNG_N":176621,"LAT":51.46928,"LONG":0.125652,"Shape__Area":1600471.8087158203,"Shape__Length":11052.679971963053,"GlobalID":"b3b75491-11e1-4691-abdc-b6b0fac2dae7"}},{"type":"Feature","id":72,"geometry":{"type":"Polygon","coordinates":[[[0.169625065731473,51.4768374114587],[0.170616713225334,51.4764910873461],[0.172049963089068,51.4767641141245],[0.172204923759746,51.476578001182],[0.175320276980552,51.4777750430831],[0.17554881727683,51.4770547406018],[0.174982445869556,51.4768800503261],[0.176179792276225,51.475202343859],[0.175553565952914,51.4748538548228],[0.17576872933772,51.4746547239936],[0.175942901359056,51.4737836738796],[0.175394791933786,51.4735505873951],[0.175971544974833,51.4728500145938],[0.177936928602724,51.4728308521755],[0.178233436820386,51.4728415486613],[0.179769806141999,51.4728472342655],[0.179918786334959,51.4733815058042],[0.179887714353546,51.4736611692427],[0.181076505769475,51.4736921700434],[0.181145745079376,51.4737924610443],[0.181181227894945,51.4728542514045],[0.181069934274554,51.4721392502137],[0.180877255738699,51.4708707228389],[0.180876133143154,51.4700310318896],[0.180940889084166,51.4688280343846],[0.180252525602748,51.4688291722251],[0.18016306224123,51.4679312717912],[0.180260719402837,51.4674590632201],[0.179837245149818,51.4674877593357],[0.180217500191911,51.466151191278],[0.18105653808946,51.4662345112381],[0.180995042468683,51.4669157593829],[0.182448617473494,51.4670449585439],[0.182797088652858,51.4670926121077],[0.183742559317213,51.4657420883472],[0.184746858196548,51.4656152402295],[0.18499354449101,51.4665704243906],[0.186080756347848,51.466455066222],[0.185997336868386,51.4658786741034],[0.185328723829864,51.4649175264536],[0.186032950486656,51.4648485195157],[0.186039928989633,51.4646129100054],[0.187986116585863,51.4645697384798],[0.187347617343523,51.4640948686291],[0.186738797313762,51.4634218122135],[0.187019083067685,51.4633550305598],[0.189253734746977,51.4617992699276],[0.188246003503733,51.4612436132754],[0.18821911565644,51.4609243017195],[0.189033952668459,51.4608053727832],[0.189823912550504,51.4598457648022],[0.187527495992761,51.4592029645476],[0.187529186905371,51.4586467993364],[0.18710432587534,51.4583357218296],[0.187195844108965,51.4606961452676],[0.186855090081206,51.4612659362679],[0.18556462287885,51.4620086124037],[0.183925238868182,51.4626256423475],[0.183112613600229,51.4625298832123],[0.183236753471633,51.4616016093152],[0.182763228086447,51.4611846088985],[0.183029636307713,51.4599243107673],[0.180191801812535,51.459862021117],[0.177434642479384,51.4596932638972],[0.177839038086136,51.4600655149274],[0.179503068944373,51.4613729754764],[0.178933271654518,51.4615978874109],[0.179279792202409,51.4620242427662],[0.179846104594003,51.4620038722357],[0.180626563273468,51.4629738191134],[0.182039422447891,51.4636155897989],[0.181996610589247,51.4641903995141],[0.181869645162304,51.4641924305584],[0.180594775219934,51.4642154940885],[0.177379222128839,51.4642775958145],[0.177411626408336,51.464882404827],[0.176905780245684,51.4648984698307],[0.176935876568976,51.4652659507602],[0.176633102442699,51.465892854731],[0.174953287543642,51.4661592639525],[0.173930242242084,51.4657847904085],[0.173673268372692,51.4653736449811],[0.172451314661549,51.4677030684961],[0.171792284585352,51.4676115246647],[0.170555295658316,51.4688295763141],[0.171325461888563,51.4689210110706],[0.171433690966066,51.4703114409491],[0.17209519956609,51.4701604804778],[0.173227818799268,51.471093401427],[0.173025225175152,51.4714193109313],[0.171672765895038,51.4718080725341],[0.171837112366781,51.4720557877497],[0.168693826127279,51.4721024097706],[0.168728481146594,51.4728499482846],[0.168752132939386,51.4730276076159],[0.168160948284584,51.4730457325191],[0.167908310470137,51.4715387339663],[0.167436301943166,51.4714873743082],[0.168062834041029,51.4745538843244],[0.168198832691937,51.4747088665976],[0.166917559679323,51.4753109244749],[0.16591325173893,51.4766647795799],[0.166781678310607,51.4767357558671],[0.166907213474692,51.476520085346],[0.168230254390087,51.4769180134427],[0.168631231887487,51.4772499470666],[0.167917359051523,51.4781767777433],[0.168441463902572,51.4783503432817],[0.168451406158504,51.4783504561357],[0.169625065731473,51.4768374114587]]]},"properties":{"FID":72,"MSOA21CD":"E02000074","MSOA21NM":"Bexley 010","MSOA21NMW":" ","BNG_E":551368,"BNG_N":176647,"LAT":51.46855,"LONG":0.177884,"Shape__Area":1123963.1387939453,"Shape__Length":10192.323959897272,"GlobalID":"462c9271-9f0b-4dde-99a0-af7616101f07"}},{"type":"Feature","id":73,"geometry":{"type":"Polygon","coordinates":[[[0.144956829927351,51.4768058215954],[0.143856778540097,51.4757181337754],[0.144611605686511,51.4734124165423],[0.144648736855647,51.472950369308],[0.144021895287614,51.4729045414952],[0.144203429933527,51.4718604880733],[0.143813078572253,51.471379712361],[0.141775512415088,51.4713652939583],[0.141952321073189,51.4709872351733],[0.14254864845114,51.4711478516062],[0.144032991482881,51.4709061476374],[0.143843943281689,51.4704498200396],[0.144414223848491,51.4702693436661],[0.145552047413757,51.4716022723754],[0.150130816480927,51.4709525433127],[0.150144653860718,51.4709506437678],[0.151411985472909,51.4708638091419],[0.151523272407495,51.4711902811322],[0.15350210344469,51.4707014953382],[0.154204788041086,51.4709570787112],[0.154293249702623,51.4702264886665],[0.15488567721739,51.47003661122],[0.157380193982307,51.4700972030855],[0.15843722820118,51.4682912015446],[0.157751763453458,51.4661512908833],[0.156680309568918,51.4652550263387],[0.156416248096608,51.4650641731934],[0.150971858669858,51.464872351799],[0.14754989334616,51.4645940002908],[0.147092115081425,51.4645448673549],[0.142899572025851,51.4641356261199],[0.142723256268539,51.4641175899203],[0.140644498266052,51.4639197126099],[0.138852216185374,51.4637542160871],[0.136056544650454,51.4635328435545],[0.135635936260422,51.4639463799591],[0.135870589416873,51.4644677992357],[0.135336318631154,51.4648369477109],[0.135940064476965,51.4648169545162],[0.135965065987414,51.4650986273338],[0.136918354640744,51.4654589040644],[0.136031347704316,51.4657243664735],[0.136046976932515,51.4660094115406],[0.135514676385058,51.4658040430264],[0.134138659796996,51.4659501230174],[0.134170345512834,51.4662889040596],[0.13460548419434,51.4667352006833],[0.13573758705775,51.4667664771929],[0.135913238582457,51.4673390171863],[0.134632534773747,51.4676316691353],[0.134267402306069,51.4672568534355],[0.133823591787402,51.4673047544108],[0.133872507684449,51.4676169097968],[0.134384160717867,51.4688022136699],[0.134569082210626,51.4693120580908],[0.134851040494895,51.4702060194992],[0.134389972257799,51.4703241795484],[0.133603134206779,51.4689690523833],[0.13070231298103,51.469488901159],[0.13108441445459,51.4701446393359],[0.130864804544084,51.4706995769352],[0.131154904875133,51.4711311375012],[0.130311744380557,51.4719015928294],[0.130864959394253,51.4721784463678],[0.129804873774331,51.4723374016893],[0.1301756169442,51.472635896412],[0.131316395990316,51.4724739645558],[0.133508175080388,51.4715130429178],[0.13406556159844,51.4714311418824],[0.134178647401254,51.4718006191218],[0.132406250531904,51.4724458985245],[0.132781726252529,51.4727597482867],[0.132265717483475,51.4730094367334],[0.13392475205935,51.4738463329441],[0.134639194024398,51.4733038996694],[0.133643912684803,51.4725679264915],[0.136026742725297,51.4718999460942],[0.136062426265616,51.471932938624],[0.13617769621057,51.4726139002666],[0.135324898833827,51.4733127874689],[0.13588383166761,51.4736242208811],[0.137740750003835,51.4743722856713],[0.139909231827956,51.4752526230029],[0.139997334640385,51.4764045892988],[0.140542177787676,51.4761583965042],[0.141284290651712,51.47651872677],[0.141923463707785,51.4760161231483],[0.142391185364387,51.4762137225167],[0.144638151316849,51.4771448063009],[0.144956829927351,51.4768058215954]]]},"properties":{"FID":73,"MSOA21CD":"E02000075","MSOA21NM":"Bexley 011","MSOA21NMW":" ","BNG_E":548925,"BNG_N":176769,"LAT":51.47029,"LONG":0.142791,"Shape__Area":1532550.2100372314,"Shape__Length":8689.3377045873112,"GlobalID":"6c544028-52e9-4673-a9e9-5a4fe92b96f2"}},{"type":"Feature","id":74,"geometry":{"type":"Polygon","coordinates":[[[0.121693136988174,51.4720227446702],[0.121648870200208,51.4713392046856],[0.122794298996818,51.4714479595478],[0.122817649226642,51.4691841536509],[0.122754929074833,51.468905455506],[0.123686485844979,51.4685018864659],[0.12471854498199,51.4684022580289],[0.124826218507907,51.4683926984261],[0.125225096739471,51.4679743276286],[0.124708994300087,51.4665089434684],[0.124439805056548,51.465744418835],[0.124308551036238,51.4653692092019],[0.123802028295074,51.4639008675503],[0.119695515061381,51.4639986495324],[0.116498979114825,51.4640656971162],[0.115617403211651,51.4640830695059],[0.11185507876139,51.4642113176708],[0.110907215368864,51.4642941629094],[0.108871647069317,51.4644934704289],[0.107044398234638,51.4647129107368],[0.103168549998401,51.464924571427],[0.103060144648319,51.4656297588872],[0.101123413578625,51.4657040039788],[0.101619048563502,51.4675378652321],[0.101152379030752,51.4683585780316],[0.10334585586757,51.4688735979214],[0.105085183249205,51.4694758608469],[0.104721297710968,51.4686862592919],[0.104982385386764,51.4683978452312],[0.106447740871193,51.4684427148785],[0.106423007450225,51.4690324836801],[0.107791618349918,51.4688973277046],[0.107837128515106,51.4692710469579],[0.110059490123978,51.4689592978563],[0.110313758291681,51.4697443438901],[0.110377952193841,51.4698666775355],[0.111348271836447,51.4721321367808],[0.111731891333786,51.4727058564004],[0.112621502882679,51.4721224841899],[0.113820960658443,51.4718866986023],[0.114220156726473,51.4723445073421],[0.115215929845199,51.4721442869729],[0.115310699445256,51.4725002260819],[0.115969739401546,51.472474960839],[0.117687039397054,51.4723023419187],[0.118888666680989,51.4725038714474],[0.119132788564029,51.4721650744756],[0.118551781770102,51.4720390891282],[0.118726026412168,51.4717059622308],[0.121581348486007,51.4725997724256],[0.122102106598902,51.4727694420962],[0.122214384860512,51.4724584658824],[0.12120876103181,51.4720967651538],[0.121693136988174,51.4720227446702]]]},"properties":{"FID":74,"MSOA21CD":"E02000077","MSOA21NM":"Bexley 013","MSOA21NMW":" ","BNG_E":547045,"BNG_N":176511,"LAT":51.46847,"LONG":0.115636,"Shape__Area":1113080.2447814941,"Shape__Length":5538.1941014896547,"GlobalID":"c5c2174b-fd0c-46c0-b9fe-b84dc7bdee08"}},{"type":"Feature","id":75,"geometry":{"type":"Polygon","coordinates":[[[0.168728481146594,51.4728499482846],[0.168693826127279,51.4721024097706],[0.171837112366781,51.4720557877497],[0.171672765895038,51.4718080725341],[0.173025225175152,51.4714193109313],[0.173227818799268,51.471093401427],[0.17209519956609,51.4701604804778],[0.171433690966066,51.4703114409491],[0.171325461888563,51.4689210110706],[0.170555295658316,51.4688295763141],[0.171792284585352,51.4676115246647],[0.172451314661549,51.4677030684961],[0.173673268372692,51.4653736449811],[0.173930242242084,51.4657847904085],[0.174953287543642,51.4661592639525],[0.176633102442699,51.465892854731],[0.176935876568976,51.4652659507602],[0.176905780245684,51.4648984698307],[0.177411626408336,51.464882404827],[0.177379222128839,51.4642775958145],[0.180594775219934,51.4642154940885],[0.181869645162304,51.4641924305584],[0.181996610589247,51.4641903995141],[0.182039422447891,51.4636155897989],[0.180626563273468,51.4629738191134],[0.179846104594003,51.4620038722357],[0.179279792202409,51.4620242427662],[0.178933271654518,51.4615978874109],[0.179503068944373,51.4613729754764],[0.177839038086136,51.4600655149274],[0.172471014011293,51.4621184360099],[0.171176136061785,51.4604043469251],[0.170308820484879,51.4605637974577],[0.169198181752816,51.4601703196653],[0.168382867971959,51.4603902791743],[0.167544269252884,51.4600100914354],[0.167035016510528,51.4589853158183],[0.165714761714784,51.4590726519928],[0.164735386498829,51.4593168587854],[0.164087752713132,51.4588463329356],[0.161851756452604,51.4597798444514],[0.161257002223415,51.4597168624977],[0.161098468366318,51.4600841285985],[0.160872352563914,51.4604104810765],[0.161249425854296,51.4607295800436],[0.160287843717862,51.4627949075707],[0.159431534599706,51.4633638508396],[0.159265564192859,51.4633373977337],[0.158359913447665,51.4650516289324],[0.157249480537518,51.4650635918168],[0.156416248096608,51.4650641731934],[0.156680309568918,51.4652550263387],[0.157751763453458,51.4661512908833],[0.15843722820118,51.4682912015446],[0.157380193982307,51.4700972030855],[0.158319084175286,51.4706440681906],[0.160245042981229,51.470994851465],[0.161341302855633,51.4711186206432],[0.161373108713474,51.4711231475921],[0.162023139133966,51.4716434375401],[0.163435699473655,51.4718551674859],[0.164549274777662,51.4718694478909],[0.164563534813251,51.4714105415108],[0.167358039941291,51.4714853201394],[0.167436301943166,51.4714873743082],[0.167908310470137,51.4715387339663],[0.168160948284584,51.4730457325191],[0.168752132939386,51.4730276076159],[0.168728481146594,51.4728499482846]]]},"properties":{"FID":75,"MSOA21CD":"E02000078","MSOA21NM":"Bexley 014","MSOA21NMW":" ","BNG_E":550790,"BNG_N":176361,"LAT":51.46614,"LONG":0.169447,"Shape__Area":1485017.2817230225,"Shape__Length":6762.1493540483325,"GlobalID":"e00415f7-2d77-43d4-9abf-40404415e9e1"}},{"type":"Feature","id":76,"geometry":{"type":"Polygon","coordinates":[[[0.14754989334616,51.4645940002908],[0.149181886441422,51.4638610778289],[0.149343465005609,51.4640631378881],[0.149803187054318,51.4639085709059],[0.149933978130705,51.4633032085296],[0.149487199093393,51.4630062063106],[0.148623872056146,51.4632651336052],[0.147668848287102,51.4620133980217],[0.14723382426671,51.461563380872],[0.147568068425443,51.4615552968088],[0.147342394559624,51.460944390092],[0.147838026893841,51.4600024938533],[0.14666141991885,51.4598174216317],[0.146662498039926,51.459514589018],[0.146918737804118,51.4591275486688],[0.148417291204968,51.4591966304254],[0.148492117398231,51.4588058614719],[0.149190841296124,51.4587517657663],[0.149383797752763,51.4583397490934],[0.148721744864698,51.4581127278724],[0.149415278779319,51.4574660173536],[0.148249053363725,51.4572247655267],[0.148434054889839,51.456983105919],[0.149399967814958,51.4565789346085],[0.152332779502996,51.4561874711823],[0.152514572077814,51.4558017611437],[0.152371847962536,51.4553241303896],[0.152862809429839,51.4551661641223],[0.152283944699094,51.4543709581629],[0.151928013439579,51.4523746085996],[0.151257511625985,51.45235712942],[0.15133366290503,51.4519600050812],[0.150518593137132,51.4516961509893],[0.145872619774698,51.4526514985337],[0.14610184292428,51.4531113128301],[0.143683908301443,51.4534597454865],[0.143705867431147,51.4529396392956],[0.142847655853868,51.452152353156],[0.142852071614117,51.4521481752262],[0.142787560860535,51.4516408460441],[0.141422772417341,51.4518569330656],[0.140992710910101,51.452335877784],[0.139768379160367,51.4519917966929],[0.13918625230147,51.4511613431741],[0.137394874409459,51.4514024791547],[0.136867627542972,51.4517331464508],[0.137726451771202,51.4525969343509],[0.138733049202706,51.4522028091101],[0.13998147598272,51.4529400753288],[0.139461347030285,51.4541742695502],[0.13912151833551,51.4545145586143],[0.136992545233398,51.4544353546387],[0.136774035964727,51.4540206900818],[0.136242412935032,51.4540378325795],[0.136174178647196,51.4544257748383],[0.136124169020538,51.4550072198774],[0.136766478148225,51.4552440699181],[0.136497114352042,51.4557043580974],[0.136032875809488,51.4557143478271],[0.135922583000243,51.456464988229],[0.135011406303045,51.4570433718443],[0.134099397059147,51.4568897520673],[0.133986069033495,51.4565789851321],[0.134587648131925,51.4565500452265],[0.134248506959451,51.456170115733],[0.131860360988665,51.4565050922686],[0.13216729732735,51.4579184330303],[0.131296162136921,51.4582036505783],[0.131332507826758,51.4577265157051],[0.130570702718374,51.4576493275111],[0.127855920946964,51.4576994083782],[0.128093654519152,51.4583749804916],[0.129084496471262,51.4582604022379],[0.130145096664908,51.4593254900659],[0.129610573597442,51.4592362347596],[0.129179584978482,51.4596970326845],[0.129040012418292,51.4594443915713],[0.128212125984448,51.4595222510325],[0.128185088917539,51.4598910320824],[0.128290638374302,51.4604263302376],[0.12637268952018,51.4604358591468],[0.127212845702819,51.4615701355021],[0.126144583757232,51.4613613916169],[0.12710676777661,51.462034120348],[0.122839916359538,51.4627662402143],[0.122816807067271,51.4627981071653],[0.123488217005458,51.4630654481885],[0.123527093433902,51.4634079610418],[0.124096954446593,51.4638934086601],[0.129016417159043,51.4637578282291],[0.129073140646682,51.4637549778086],[0.130341432907929,51.4636924524559],[0.132578992902127,51.4635877435194],[0.135172718495582,51.4635098271673],[0.136056544650454,51.4635328435545],[0.138852216185374,51.4637542160871],[0.140644498266052,51.4639197126099],[0.142723256268539,51.4641175899203],[0.142899572025851,51.4641356261199],[0.147092115081425,51.4645448673549],[0.14754989334616,51.4645940002908]]]},"properties":{"FID":76,"MSOA21CD":"E02000079","MSOA21NM":"Bexley 015","MSOA21NMW":" ","BNG_E":548807,"BNG_N":175389,"LAT":51.45793,"LONG":0.140512,"Shape__Area":1654946.6275863647,"Shape__Length":8858.1340538576551,"GlobalID":"f9f7e283-fba2-4d2f-b51b-e242b020f830"}},{"type":"Feature","id":77,"geometry":{"type":"Polygon","coordinates":[[[0.117001913060852,51.4631701787969],[0.116843927947748,51.4628979280272],[0.116369293342513,51.4629798628475],[0.115144593953997,51.4613287008247],[0.115815306605919,51.4611627356757],[0.11689908130741,51.4616490948398],[0.117655657158166,51.4615135654693],[0.118831152104001,51.461876255859],[0.118927885063724,51.4605842539431],[0.116438544956518,51.4610131276848],[0.11691182586919,51.4605001297872],[0.117379144796075,51.4596718360088],[0.117066117338577,51.4573811512941],[0.117476865006265,51.457151659147],[0.116824254930054,51.4568141683558],[0.116346963825657,51.4555159358393],[0.114386536956464,51.4557163905415],[0.113525024114058,51.4551960805592],[0.110237430342477,51.4542413631898],[0.109519092594218,51.4545947038968],[0.110401952468262,51.4559180632027],[0.107290700907188,51.4561704150726],[0.106560983829897,51.4565110544692],[0.10623249415968,51.4563185275933],[0.106154806115093,51.4562335290217],[0.106295670237453,51.4555927578707],[0.103728552876578,51.4539133346652],[0.103679164272299,51.4539019996211],[0.103755614902163,51.4534004232501],[0.103737431827784,51.4527590375119],[0.0986192213682237,51.4538778693469],[0.0981738382731352,51.453493048611],[0.0963813629134711,51.4539391617445],[0.0942043340396968,51.4544630718579],[0.0950546269383861,51.4547361470249],[0.0951371705356083,51.4551232653728],[0.0942280170888489,51.4553448057684],[0.094406586989115,51.4557018768054],[0.095129413543471,51.4564183680671],[0.095616644783904,51.4566812187178],[0.0965754171067009,51.4562843399666],[0.0980250092938362,51.4572704616419],[0.0975986774848585,51.4575869710746],[0.0952784933128488,51.4593996020696],[0.0950148068605179,51.459735541967],[0.094587452736056,51.4595064395103],[0.0931282559566389,51.4586950268528],[0.0912111324026637,51.4606939854914],[0.0905994014397174,51.4613573993523],[0.0935213842468939,51.4623587104448],[0.0943413551074898,51.4626422523046],[0.0967408475916166,51.4634641488584],[0.099233563001947,51.46431647714],[0.100768162276515,51.4646744704329],[0.102414456011516,51.4648775251252],[0.103168549998401,51.464924571427],[0.107044398234638,51.4647129107368],[0.108871647069317,51.4644934704289],[0.110907215368864,51.4642941629094],[0.11185507876139,51.4642113176708],[0.115617403211651,51.4640830695059],[0.116245949905583,51.4636665693927],[0.116078221017832,51.463406851679],[0.117001913060852,51.4631701787969]]]},"properties":{"FID":77,"MSOA21CD":"E02000080","MSOA21NM":"Bexley 016","MSOA21NMW":" ","BNG_E":546442,"BNG_N":175417,"LAT":51.45879,"LONG":0.106508,"Shape__Area":1686612.5632247925,"Shape__Length":7207.7905433572778,"GlobalID":"f75120db-30fa-4b58-9daf-d7b423335ecb"}},{"type":"Feature","id":78,"geometry":{"type":"Polygon","coordinates":[[[0.158359913447665,51.4650516289324],[0.159265564192859,51.4633373977337],[0.159431534599706,51.4633638508396],[0.160287843717862,51.4627949075707],[0.161249425854296,51.4607295800436],[0.160872352563914,51.4604104810765],[0.161098468366318,51.4600841285985],[0.161257002223415,51.4597168624977],[0.161851756452604,51.4597798444514],[0.164087752713132,51.4588463329356],[0.164735386498829,51.4593168587854],[0.165714761714784,51.4590726519928],[0.167035016510528,51.4589853158183],[0.167544269252884,51.4600100914354],[0.168382867971959,51.4603902791743],[0.169198181752816,51.4601703196653],[0.170308820484879,51.4605637974577],[0.171176136061785,51.4604043469251],[0.172471014011293,51.4621184360099],[0.177839038086136,51.4600655149274],[0.177434642479384,51.4596932638972],[0.177217916963495,51.4594956861057],[0.176837881239666,51.4591472691129],[0.175767277028378,51.4597701107612],[0.17376135499141,51.4592743483302],[0.173406190493538,51.4587631185954],[0.172215352937897,51.4592070125408],[0.170810469713967,51.458194062211],[0.172729436224451,51.4576802003473],[0.172212138523071,51.4573591496274],[0.171293036080921,51.4575585061186],[0.170918415830458,51.4567722994563],[0.171904004729977,51.4565352655087],[0.172253149244929,51.4557034134997],[0.171463733435821,51.4542916888962],[0.167973450356193,51.4542959930126],[0.166406324897362,51.453882463007],[0.167233125225079,51.4536366028039],[0.166952657758451,51.4527141044946],[0.168281587863958,51.4524877549451],[0.168821868738027,51.451128202496],[0.16817780287254,51.4510301528473],[0.161860683871042,51.4491280389581],[0.164362805415676,51.4450145289886],[0.162581770444616,51.4442696537548],[0.162543906778571,51.4442790915818],[0.159420355122084,51.4451474130254],[0.156177492690046,51.4466851727159],[0.156935157598458,51.4482180179929],[0.156335525873024,51.4495160087461],[0.155014281560192,51.4506137091518],[0.153502935906714,51.4511676791238],[0.152557488825056,51.4515665791785],[0.151928013439579,51.4523746085996],[0.152283944699094,51.4543709581629],[0.152862809429839,51.4551661641223],[0.152371847962536,51.4553241303896],[0.152514572077814,51.4558017611437],[0.152332779502996,51.4561874711823],[0.149399967814958,51.4565789346085],[0.148434054889839,51.456983105919],[0.148249053363725,51.4572247655267],[0.149415278779319,51.4574660173536],[0.148721744864698,51.4581127278724],[0.149383797752763,51.4583397490934],[0.149190841296124,51.4587517657663],[0.148492117398231,51.4588058614719],[0.148417291204968,51.4591966304254],[0.146918737804118,51.4591275486688],[0.146662498039926,51.459514589018],[0.14666141991885,51.4598174216317],[0.147838026893841,51.4600024938533],[0.147342394559624,51.460944390092],[0.147568068425443,51.4615552968088],[0.14723382426671,51.461563380872],[0.147668848287102,51.4620133980217],[0.148623872056146,51.4632651336052],[0.149487199093393,51.4630062063106],[0.149933978130705,51.4633032085296],[0.149803187054318,51.4639085709059],[0.149343465005609,51.4640631378881],[0.149181886441422,51.4638610778289],[0.14754989334616,51.4645940002908],[0.150971858669858,51.464872351799],[0.156416248096608,51.4650641731934],[0.157249480537518,51.4650635918168],[0.158359913447665,51.4650516289324]]]},"properties":{"FID":78,"MSOA21CD":"E02000081","MSOA21NM":"Bexley 017","MSOA21NMW":" ","BNG_E":550310,"BNG_N":174780,"LAT":51.45206,"LONG":0.16187,"Shape__Area":2208306.68434906,"Shape__Length":9774.1215920591821,"GlobalID":"0efa6a1f-7822-43bf-a995-fedac32129ad"}},{"type":"Feature","id":79,"geometry":{"type":"Polygon","coordinates":[[[0.0874841738801785,51.4669089803794],[0.0873463813469606,51.4662557925587],[0.0867202298379903,51.4662910937983],[0.0865502032772516,51.4659041066874],[0.0885348492804517,51.4655631717353],[0.0920869082197916,51.4649610483263],[0.0918953768144258,51.4645138401176],[0.0928866517133865,51.4643119556391],[0.0923505219262942,51.464016324558],[0.0926501476070139,51.4636381295831],[0.0934255903504132,51.4638931917943],[0.093740000604223,51.4634902161631],[0.094349583097425,51.4636037900211],[0.0944775022747913,51.4632689196871],[0.0939507782620991,51.4630416934643],[0.0943413551074898,51.4626422523046],[0.0935213842468939,51.4623587104448],[0.0905994014397174,51.4613573993523],[0.0912111324026637,51.4606939854914],[0.0931282559566389,51.4586950268528],[0.094587452736056,51.4595064395103],[0.0950148068605179,51.459735541967],[0.0952784933128488,51.4593996020696],[0.0975986774848585,51.4575869710746],[0.0980250092938362,51.4572704616419],[0.0965754171067009,51.4562843399666],[0.095616644783904,51.4566812187178],[0.095129413543471,51.4564183680671],[0.094406586989115,51.4557018768054],[0.0942280170888489,51.4553448057684],[0.0951371705356083,51.4551232653728],[0.0950546269383861,51.4547361470249],[0.0942043340396968,51.4544630718579],[0.0963813629134711,51.4539391617445],[0.0981738382731352,51.453493048611],[0.0986192213682237,51.4538778693469],[0.103737431827784,51.4527590375119],[0.103618390603076,51.4520510722169],[0.105175266006515,51.4516755878433],[0.104738419922643,51.4508696419802],[0.103593644355816,51.4508887899895],[0.103095043790635,51.4505825054257],[0.103291475746522,51.4510667604811],[0.0992336198656072,51.4518501607048],[0.0983861040844918,51.4518442297516],[0.0978710882421992,51.451819682984],[0.0978975932566358,51.4523975716454],[0.0966444262002921,51.4527305275565],[0.0964633870605995,51.451744542269],[0.0959337679017609,51.4518065498013],[0.0952599048391935,51.4511088739511],[0.0950989877161803,51.4514991208853],[0.0945756263412593,51.4515973059302],[0.0946447316250667,51.4513852137445],[0.0934929405733868,51.4513407706007],[0.0930670207602648,51.4509897922159],[0.0919227832727291,51.4512116054538],[0.0914750124496357,51.4499121670076],[0.0905892509936433,51.4499655851511],[0.0904349824872132,51.4495283032281],[0.0899470932101173,51.4495126591491],[0.090095586339842,51.4488894092683],[0.0896441450190979,51.4485096962463],[0.0886316390418339,51.4484906865186],[0.0884595735997797,51.4487837293231],[0.0889738942696468,51.4488665352961],[0.0883700000130522,51.4496492083566],[0.0892411100000249,51.4499229745617],[0.089048213165674,51.4507496565287],[0.0869978951953491,51.450096884049],[0.0868210762221236,51.4510603592016],[0.0868190363303552,51.4510733812949],[0.0863813184788612,51.4538603174905],[0.0860082000909856,51.4556240563292],[0.0857265956616716,51.4564556307641],[0.0836052172487629,51.4571476534998],[0.0814457535422872,51.4577736662509],[0.0797973394622847,51.4586673061997],[0.0788517086262814,51.4591238223328],[0.0786637731522923,51.4592626299111],[0.0829035147976541,51.4598345863099],[0.0822923063068431,51.461598312239],[0.0822923376949495,51.461606462849],[0.0826510541573028,51.4636444582369],[0.0822169237329392,51.4664110207642],[0.0822725946226823,51.4666067381544],[0.08330778016122,51.4664547136218],[0.0848551837983552,51.4686864977071],[0.0859093237780714,51.4694345679692],[0.0890334104252479,51.4703728935319],[0.090053329837473,51.4699929363651],[0.0886676727221071,51.4687609668337],[0.0889787319311004,51.4680391311059],[0.0885433958022416,51.4670854105283],[0.0874841738801785,51.4669089803794]]]},"properties":{"FID":79,"MSOA21CD":"E02000082","MSOA21NM":"Bexley 018","MSOA21NMW":" ","BNG_E":545439,"BNG_N":174980,"LAT":51.45513,"LONG":0.091902,"Shape__Area":1490879.56174469,"Shape__Length":9680.1086426873717,"GlobalID":"dbec1e5d-45b9-4313-ad8d-db9b9d0d4cf1"}},{"type":"Feature","id":80,"geometry":{"type":"MultiPolygon","coordinates":[[[[0.198742609300476,51.458330619769],[0.19889854245533,51.4581616173597],[0.198563202771134,51.4582998003147],[0.198742609300476,51.458330619769]]],[[[0.198376731334124,51.4583887332801],[0.197252196423701,51.4575891537319],[0.197562593227861,51.4575028529171],[0.198373142123813,51.4582390624515],[0.198894517887269,51.4579896140579],[0.198016793007495,51.4570087113668],[0.199091945718804,51.4579489783291],[0.200638560415922,51.4562392347936],[0.202609208437745,51.4562336244411],[0.203859921430218,51.4559197796734],[0.203070806778795,51.4542794798214],[0.202720312947636,51.4539323823812],[0.202032786384476,51.4541042869979],[0.201386354023344,51.4538505730408],[0.200726097341389,51.452898203617],[0.199094512375124,51.4523805564399],[0.199136767157929,51.4521383183647],[0.198140976693316,51.4519301751246],[0.195973129937805,51.4517930696404],[0.196170726741027,51.4522294551314],[0.195846361772614,51.4523690316895],[0.195509139328105,51.4520154698027],[0.195021422845247,51.4521171818674],[0.194962146454304,51.4518221061713],[0.194165403684734,51.4516697392838],[0.193846118762263,51.4519479353947],[0.193020124569246,51.4517008951038],[0.191856475377854,51.4506924097714],[0.191471348236011,51.449950969044],[0.191012195638816,51.4487874470276],[0.188836925707885,51.4491242403827],[0.18844289280485,51.4486416447305],[0.187810511188007,51.4486828415113],[0.18740154044783,51.4483104885107],[0.187345661951953,51.4471458122399],[0.187465754597135,51.4468846858275],[0.185949272073244,51.4458225427469],[0.184099059530555,51.4446907259759],[0.183671466927983,51.4448047070309],[0.182828385511451,51.444447089464],[0.181064322281506,51.4441386584049],[0.181001656192315,51.4436764148006],[0.180873368139879,51.44351730993],[0.180713959124737,51.4434893675339],[0.179560716278721,51.4431178438046],[0.178737458504667,51.4434737966455],[0.176000772239147,51.442004530428],[0.174598996317904,51.4425873766626],[0.172797145748283,51.4431973866383],[0.170903075572517,51.4412070908214],[0.169332782627843,51.4421705675213],[0.166557875251009,51.4432757291403],[0.162581770444616,51.4442696537548],[0.164362805415676,51.4450145289886],[0.161860683871042,51.4491280389581],[0.16817780287254,51.4510301528473],[0.168821868738027,51.451128202496],[0.168281587863958,51.4524877549451],[0.166952657758451,51.4527141044946],[0.167233125225079,51.4536366028039],[0.166406324897362,51.453882463007],[0.167973450356193,51.4542959930126],[0.171463733435821,51.4542916888962],[0.172253149244929,51.4557034134997],[0.171904004729977,51.4565352655087],[0.170918415830458,51.4567722994563],[0.171293036080921,51.4575585061186],[0.172212138523071,51.4573591496274],[0.172729436224451,51.4576802003473],[0.170810469713967,51.458194062211],[0.172215352937897,51.4592070125408],[0.173406190493538,51.4587631185954],[0.17376135499141,51.4592743483302],[0.175767277028378,51.4597701107612],[0.176837881239666,51.4591472691129],[0.177217916963495,51.4594956861057],[0.177434642479384,51.4596932638972],[0.180191801812535,51.459862021117],[0.183029636307713,51.4599243107673],[0.182763228086447,51.4611846088985],[0.183236753471633,51.4616016093152],[0.183112613600229,51.4625298832123],[0.183925238868182,51.4626256423475],[0.18556462287885,51.4620086124037],[0.186855090081206,51.4612659362679],[0.187195844108965,51.4606961452676],[0.18710432587534,51.4583357218296],[0.187529186905371,51.4586467993364],[0.187527495992761,51.4592029645476],[0.189823912550504,51.4598457648022],[0.189033952668459,51.4608053727832],[0.18821911565644,51.4609243017195],[0.188246003503733,51.4612436132754],[0.189253734746977,51.4617992699276],[0.187019083067685,51.4633550305598],[0.186738797313762,51.4634218122135],[0.187347617343523,51.4640948686291],[0.191602138488481,51.4639938177706],[0.193902544896164,51.463296198906],[0.198404221645192,51.4586973528071],[0.198625571306655,51.4584574633915],[0.198376731334124,51.4583887332801]]]]},"properties":{"FID":80,"MSOA21CD":"E02000083","MSOA21NM":"Bexley 019","MSOA21NMW":" ","BNG_E":551768,"BNG_N":174981,"LAT":51.45347,"LONG":0.182924,"Shape__Area":3733246.4384078979,"Shape__Length":11988.406865160889,"GlobalID":"896b654b-be6b-4489-bce7-441a824f5744"}},{"type":"Feature","id":81,"geometry":{"type":"Polygon","coordinates":[[[0.122816807067271,51.4627981071653],[0.122839916359538,51.4627662402143],[0.12710676777661,51.462034120348],[0.126144583757232,51.4613613916169],[0.127212845702819,51.4615701355021],[0.12637268952018,51.4604358591468],[0.128290638374302,51.4604263302376],[0.128185088917539,51.4598910320824],[0.128212125984448,51.4595222510325],[0.129040012418292,51.4594443915713],[0.129179584978482,51.4596970326845],[0.129610573597442,51.4592362347596],[0.130145096664908,51.4593254900659],[0.129084496471262,51.4582604022379],[0.128093654519152,51.4583749804916],[0.127855920946964,51.4576994083782],[0.130570702718374,51.4576493275111],[0.131332507826758,51.4577265157051],[0.131296162136921,51.4582036505783],[0.13216729732735,51.4579184330303],[0.131860360988665,51.4565050922686],[0.134248506959451,51.456170115733],[0.134587648131925,51.4565500452265],[0.133986069033495,51.4565789851321],[0.134099397059147,51.4568897520673],[0.135011406303045,51.4570433718443],[0.135922583000243,51.456464988229],[0.136032875809488,51.4557143478271],[0.136497114352042,51.4557043580974],[0.136766478148225,51.4552440699181],[0.136124169020538,51.4550072198774],[0.136174178647196,51.4544257748383],[0.136242412935032,51.4540378325795],[0.136774035964727,51.4540206900818],[0.136992545233398,51.4544353546387],[0.13912151833551,51.4545145586143],[0.139461347030285,51.4541742695502],[0.13998147598272,51.4529400753288],[0.138733049202706,51.4522028091101],[0.137726451771202,51.4525969343509],[0.136867627542972,51.4517331464508],[0.137394874409459,51.4514024791547],[0.13918625230147,51.4511613431741],[0.139768379160367,51.4519917966929],[0.140992710910101,51.452335877784],[0.141422772417341,51.4518569330656],[0.142787560860535,51.4516408460441],[0.142463848166967,51.4496049113116],[0.141861077339374,51.449615926774],[0.141692559621501,51.4483753106094],[0.142607991131343,51.448315658374],[0.1428339002928,51.4473778109944],[0.140048392273974,51.4465909694492],[0.137218506918204,51.4456777817612],[0.136144888309019,51.4453192876984],[0.134790001170555,51.4448528963641],[0.135224654136119,51.4445151233593],[0.132374998085193,51.4439499972192],[0.131123768340779,51.443375701051],[0.130826199394595,51.4433147735612],[0.129900014253911,51.4433749495468],[0.127209913514887,51.4436410887665],[0.12290419639134,51.4431743575431],[0.120166649970023,51.4421888168158],[0.119541834890411,51.4426558350941],[0.120536638911492,51.4434567994406],[0.119561948299465,51.4439682456385],[0.120265082781484,51.4440109883345],[0.120394662292326,51.4446595096076],[0.121516260907222,51.4450403091954],[0.124211926162864,51.4445820560952],[0.124203104415247,51.4449219338116],[0.124197102919703,51.4453906923756],[0.122427963807105,51.4459459326288],[0.121973042172222,51.4463649134688],[0.123218148698353,51.446773056242],[0.122451377176003,51.4475942496728],[0.12323170485359,51.4477301913251],[0.12338699830798,51.4481112332512],[0.123339518023888,51.448550382806],[0.123296065377589,51.448952309481],[0.120033748267706,51.4493190645568],[0.119519525922811,51.4493910632424],[0.119833460880068,51.4499758450958],[0.119209937928347,51.4507459645241],[0.12125490182297,51.4509511449413],[0.121561631047092,51.4512027929837],[0.122204090313496,51.4509663374745],[0.122480199473812,51.4513032965137],[0.116396073813831,51.452851066172],[0.113525024114058,51.4551960805592],[0.114386536956464,51.4557163905415],[0.116346963825657,51.4555159358393],[0.116824254930054,51.4568141683558],[0.117476865006265,51.457151659147],[0.117066117338577,51.4573811512941],[0.117379144796075,51.4596718360088],[0.11691182586919,51.4605001297872],[0.116438544956518,51.4610131276848],[0.118927885063724,51.4605842539431],[0.118831152104001,51.461876255859],[0.117655657158166,51.4615135654693],[0.11689908130741,51.4616490948398],[0.115815306605919,51.4611627356757],[0.115144593953997,51.4613287008247],[0.116369293342513,51.4629798628475],[0.116843927947748,51.4628979280272],[0.117001913060852,51.4631701787969],[0.116078221017832,51.463406851679],[0.116245949905583,51.4636665693927],[0.115617403211651,51.4640830695059],[0.116498979114825,51.4640656971162],[0.119695515061381,51.4639986495324],[0.123802028295074,51.4639008675503],[0.124096954446593,51.4638934086601],[0.123527093433902,51.4634079610418],[0.123488217005458,51.4630654481885],[0.122816807067271,51.4627981071653]]]},"properties":{"FID":81,"MSOA21CD":"E02000084","MSOA21NM":"Bexley 020","MSOA21NMW":" ","BNG_E":547933,"BNG_N":174811,"LAT":51.45296,"LONG":0.1277,"Shape__Area":2590946.2545928955,"Shape__Length":11800.981738485247,"GlobalID":"9c0edeee-eb6d-49b1-8f99-d998e82e5cdb"}},{"type":"Feature","id":82,"geometry":{"type":"Polygon","coordinates":[[[0.109519092594218,51.4545947038968],[0.110237430342477,51.4542413631898],[0.113525024114058,51.4551960805592],[0.116396073813831,51.452851066172],[0.122480199473812,51.4513032965137],[0.122204090313496,51.4509663374745],[0.121561631047092,51.4512027929837],[0.12125490182297,51.4509511449413],[0.119209937928347,51.4507459645241],[0.119833460880068,51.4499758450958],[0.119519525922811,51.4493910632424],[0.120033748267706,51.4493190645568],[0.123296065377589,51.448952309481],[0.123339518023888,51.448550382806],[0.12338699830798,51.4481112332512],[0.12323170485359,51.4477301913251],[0.122451377176003,51.4475942496728],[0.123218148698353,51.446773056242],[0.121973042172222,51.4463649134688],[0.122427963807105,51.4459459326288],[0.124197102919703,51.4453906923756],[0.124203104415247,51.4449219338116],[0.121273994734697,51.4456854240029],[0.120890677242043,51.445364980994],[0.120128077795918,51.4456877123405],[0.119830567109812,51.4468173836191],[0.118846469520189,51.4474458349919],[0.119327652581979,51.4446774491698],[0.118806850457685,51.4446242089141],[0.118326106816902,51.4449924114293],[0.118073771408959,51.445820960247],[0.118706616368737,51.4461854823091],[0.118409691563192,51.4469474354875],[0.116923492519936,51.4471528778116],[0.116202039306777,51.4469002895608],[0.116877465993419,51.4449120074843],[0.114648662755103,51.4443200788016],[0.114854898853043,51.4439295974732],[0.113012248757196,51.4434784967784],[0.113151432069905,51.4431729426913],[0.110560340894126,51.4427511941672],[0.108621969587618,51.4419706180322],[0.107252172849464,51.4420858481432],[0.106076206014324,51.4417532459338],[0.104342315273621,51.4413348027151],[0.103037761984179,51.4417384308828],[0.10250531207826,51.4419765945127],[0.100634641983463,51.4424987317176],[0.099990331178448,51.4431867403857],[0.0997025154253411,51.443614040605],[0.0998241662880253,51.4436449086087],[0.0993053770099986,51.4440864859608],[0.0995333750078372,51.4448604279258],[0.100079623445006,51.4449453557635],[0.0998734128241459,51.4452756835144],[0.100717192097431,51.4453508395705],[0.101748251148843,51.4465942788444],[0.101502132198251,51.4467572286713],[0.102053574185963,51.4470522555261],[0.101373088272566,51.4476826151368],[0.101703380397241,51.4481420515136],[0.102519777535541,51.4482935501495],[0.102442466977435,51.4486849478213],[0.101795813399213,51.4489789869444],[0.10225697652824,51.4493839696957],[0.101923538999484,51.449897925541],[0.102422796939556,51.4501338763944],[0.102237420706057,51.4505628197622],[0.103095043790635,51.4505825054257],[0.103593644355816,51.4508887899895],[0.104738419922643,51.4508696419802],[0.105175266006515,51.4516755878433],[0.103618390603076,51.4520510722169],[0.103737431827784,51.4527590375119],[0.103755614902163,51.4534004232501],[0.103679164272299,51.4539019996211],[0.103728552876578,51.4539133346652],[0.106295670237453,51.4555927578707],[0.106154806115093,51.4562335290217],[0.10623249415968,51.4563185275933],[0.106560983829897,51.4565110544692],[0.107290700907188,51.4561704150726],[0.110401952468262,51.4559180632027],[0.109519092594218,51.4545947038968]]]},"properties":{"FID":82,"MSOA21CD":"E02000085","MSOA21NM":"Bexley 021","MSOA21NMW":" ","BNG_E":546895,"BNG_N":174317,"LAT":51.44879,"LONG":0.112567,"Shape__Area":1626866.6205291748,"Shape__Length":7968.5558352695889,"GlobalID":"dc785a56-a2a2-49a4-af65-c3636dd4cdf8"}},{"type":"Feature","id":83,"geometry":{"type":"Polygon","coordinates":[[[0.0978975932566358,51.4523975716454],[0.0978710882421992,51.451819682984],[0.0983861040844918,51.4518442297516],[0.0992336198656072,51.4518501607048],[0.103291475746522,51.4510667604811],[0.103095043790635,51.4505825054257],[0.102237420706057,51.4505628197622],[0.102422796939556,51.4501338763944],[0.101923538999484,51.449897925541],[0.10225697652824,51.4493839696957],[0.101795813399213,51.4489789869444],[0.102442466977435,51.4486849478213],[0.102519777535541,51.4482935501495],[0.101703380397241,51.4481420515136],[0.101373088272566,51.4476826151368],[0.102053574185963,51.4470522555261],[0.101502132198251,51.4467572286713],[0.101748251148843,51.4465942788444],[0.100717192097431,51.4453508395705],[0.0998734128241459,51.4452756835144],[0.100079623445006,51.4449453557635],[0.0995333750078372,51.4448604279258],[0.0993053770099986,51.4440864859608],[0.0998241662880253,51.4436449086087],[0.0997025154253411,51.443614040605],[0.099990331178448,51.4431867403857],[0.100634641983463,51.4424987317176],[0.10250531207826,51.4419765945127],[0.103037761984179,51.4417384308828],[0.104342315273621,51.4413348027151],[0.106076206014324,51.4417532459338],[0.107252172849464,51.4420858481432],[0.108621969587618,51.4419706180322],[0.110355037551444,51.4420089425418],[0.112379704857939,51.4411322495355],[0.111288014166697,51.4395261530103],[0.110200429843369,51.4381284463877],[0.107572725812354,51.437139876877],[0.106416274514754,51.4372978435161],[0.105522286934063,51.4390477424191],[0.104751378432021,51.4387709259155],[0.102439878802229,51.4385695993815],[0.102445395832897,51.4388627974888],[0.101836583917011,51.4389542572811],[0.101599500514689,51.4385199026594],[0.101327977027431,51.4371686377651],[0.10016471781121,51.4374176019665],[0.0999871204163287,51.436745203755],[0.099405100233504,51.4369503097528],[0.0986981636561811,51.4376297184793],[0.0975901956286514,51.4379280569398],[0.0975221888312417,51.4385691160254],[0.097132186258591,51.4386343338085],[0.09724839412968,51.4376489110023],[0.0933124816058372,51.4384359151268],[0.0935461564806218,51.4387448406934],[0.0915402130519484,51.4393305578267],[0.0920757117417683,51.4401862680533],[0.0942439680531724,51.4419538374415],[0.0938180007992783,51.4420907848459],[0.0933082707703349,51.4422876043369],[0.0925557640121441,51.4420368600137],[0.0912400351862215,51.4428658685279],[0.0913831243386381,51.4424195855782],[0.0901454654956872,51.4415827188522],[0.0893475379121585,51.4420160583151],[0.0895495697248781,51.4425520739827],[0.0887745232395227,51.4429222969259],[0.088845323618013,51.4433631099698],[0.0905149853814922,51.4439709774392],[0.091356679689753,51.4444694321825],[0.090954804953355,51.4447249241122],[0.0886427491269951,51.4438274865708],[0.0880098996029959,51.4443470741894],[0.0881074706841954,51.4447929592651],[0.087512920185003,51.4452556692646],[0.0863852859577453,51.4450861991347],[0.0868850928691237,51.4454983360155],[0.0873802348344104,51.4458480764387],[0.0880657260204411,51.4474480385843],[0.0871075396063286,51.4499090697277],[0.0869978951953491,51.450096884049],[0.089048213165674,51.4507496565287],[0.0892411100000249,51.4499229745617],[0.0883700000130522,51.4496492083566],[0.0889738942696468,51.4488665352961],[0.0884595735997797,51.4487837293231],[0.0886316390418339,51.4484906865186],[0.0896441450190979,51.4485096962463],[0.090095586339842,51.4488894092683],[0.0899470932101173,51.4495126591491],[0.0904349824872132,51.4495283032281],[0.0905892509936433,51.4499655851511],[0.0914750124496357,51.4499121670076],[0.0919227832727291,51.4512116054538],[0.0930670207602648,51.4509897922159],[0.0934929405733868,51.4513407706007],[0.0946447316250667,51.4513852137445],[0.0945756263412593,51.4515973059302],[0.0950989877161803,51.4514991208853],[0.0952599048391935,51.4511088739511],[0.0959337679017609,51.4518065498013],[0.0964633870605995,51.451744542269],[0.0966444262002921,51.4527305275565],[0.0978975932566358,51.4523975716454]]]},"properties":{"FID":83,"MSOA21CD":"E02000086","MSOA21NM":"Bexley 022","MSOA21NMW":" ","BNG_E":545588,"BNG_N":173838,"LAT":51.44483,"LONG":0.093575,"Shape__Area":1487271.1566314697,"Shape__Length":9064.3874884167435,"GlobalID":"1417c7ec-e59b-4895-b7db-d45c257f7d1a"}},{"type":"Feature","id":84,"geometry":{"type":"Polygon","coordinates":[[[0.145872619774698,51.4526514985337],[0.150518593137132,51.4516961509893],[0.15133366290503,51.4519600050812],[0.151257511625985,51.45235712942],[0.151928013439579,51.4523746085996],[0.152557488825056,51.4515665791785],[0.153502935906714,51.4511676791238],[0.155014281560192,51.4506137091518],[0.156335525873024,51.4495160087461],[0.156935157598458,51.4482180179929],[0.156177492690046,51.4466851727159],[0.159420355122084,51.4451474130254],[0.162543906778571,51.4442790915818],[0.162581770444616,51.4442696537548],[0.166557875251009,51.4432757291403],[0.169332782627843,51.4421705675213],[0.170903075572517,51.4412070908214],[0.168746989073013,51.4378859877184],[0.167645395409465,51.4363782752459],[0.166555600589626,51.4347551309086],[0.166737406759975,51.4332032343736],[0.166844409805716,51.4319464511801],[0.166095224359686,51.4314301061848],[0.166663548198718,51.4312505575542],[0.166518660171378,51.4308899514976],[0.164607022828912,51.4290889638518],[0.164086537615619,51.4285401954156],[0.163922545573601,51.4289321807116],[0.16068119566997,51.4296756137177],[0.159837067282084,51.4292025895153],[0.159085095312737,51.4302248553711],[0.158632621660601,51.4301264857064],[0.155874584541941,51.4308768497222],[0.155874509705484,51.4319316509615],[0.15667322661744,51.4320708117832],[0.156665620858407,51.4324056792236],[0.155887790048175,51.4337606712943],[0.154560924290032,51.4344566012057],[0.15378770368767,51.4358353626925],[0.153126186421525,51.4361367956742],[0.150820774377029,51.4349493714162],[0.148958825376512,51.4350533554765],[0.147152611058738,51.4362150952086],[0.145557359943055,51.4351382983584],[0.143405440265673,51.4356752451823],[0.141668847030749,51.4343631670479],[0.141893721370395,51.434828500969],[0.139929898670978,51.4382473714332],[0.139769148132189,51.4388145346249],[0.135721039758417,51.437757640628],[0.135041638111354,51.4388016633373],[0.135028378971037,51.4388258800762],[0.135008283710794,51.4392093461913],[0.135737071089546,51.43913867675],[0.136217458072234,51.4394416011884],[0.135762448029204,51.4400367372144],[0.136710042344579,51.4404442329437],[0.136360384298652,51.4409211897411],[0.134368805962952,51.4417204938833],[0.134834953855153,51.4405084333186],[0.130599313499639,51.4404813136055],[0.130349481375196,51.4407609846909],[0.131229127741008,51.4417874200816],[0.131123768340779,51.443375701051],[0.132374998085193,51.4439499972192],[0.135224654136119,51.4445151233593],[0.134790001170555,51.4448528963641],[0.136144888309019,51.4453192876984],[0.137218506918204,51.4456777817612],[0.140048392273974,51.4465909694492],[0.1428339002928,51.4473778109944],[0.142607991131343,51.448315658374],[0.141692559621501,51.4483753106094],[0.141861077339374,51.449615926774],[0.142463848166967,51.4496049113116],[0.142787560860535,51.4516408460441],[0.142852071614117,51.4521481752262],[0.142847655853868,51.452152353156],[0.143705867431147,51.4529396392956],[0.143683908301443,51.4534597454865],[0.14610184292428,51.4531113128301],[0.145872619774698,51.4526514985337]]]},"properties":{"FID":84,"MSOA21CD":"E02000087","MSOA21NM":"Bexley 023","MSOA21NMW":" ","BNG_E":549718,"BNG_N":173534,"LAT":51.44102,"LONG":0.15283,"Shape__Area":3717841.3696136475,"Shape__Length":10785.741158817265,"GlobalID":"bfa0623d-5190-47e5-9b92-b7d8926488ed"}},{"type":"Feature","id":85,"geometry":{"type":"Polygon","coordinates":[[[0.120128077795918,51.4456877123405],[0.120890677242043,51.445364980994],[0.121273994734697,51.4456854240029],[0.124203104415247,51.4449219338116],[0.124211926162864,51.4445820560952],[0.121516260907222,51.4450403091954],[0.120394662292326,51.4446595096076],[0.120265082781484,51.4440109883345],[0.119561948299465,51.4439682456385],[0.120536638911492,51.4434567994406],[0.119541834890411,51.4426558350941],[0.120166649970023,51.4421888168158],[0.12290419639134,51.4431743575431],[0.127209913514887,51.4436410887665],[0.129900014253911,51.4433749495468],[0.130826199394595,51.4433147735612],[0.131123768340779,51.443375701051],[0.131229127741008,51.4417874200816],[0.130349481375196,51.4407609846909],[0.130599313499639,51.4404813136055],[0.134834953855153,51.4405084333186],[0.134368805962952,51.4417204938833],[0.136360384298652,51.4409211897411],[0.136710042344579,51.4404442329437],[0.135762448029204,51.4400367372144],[0.136217458072234,51.4394416011884],[0.135737071089546,51.43913867675],[0.135008283710794,51.4392093461913],[0.135028378971037,51.4388258800762],[0.135041638111354,51.4388016633373],[0.135721039758417,51.437757640628],[0.139769148132189,51.4388145346249],[0.139929898670978,51.4382473714332],[0.141893721370395,51.434828500969],[0.141668847030749,51.4343631670479],[0.139857648893306,51.4344012313097],[0.139030411879005,51.433440313536],[0.136746541154454,51.4326724345285],[0.136399603128243,51.4328150421608],[0.134635235402904,51.4335402514242],[0.134957687987769,51.43420717673],[0.134521477525754,51.4345331040537],[0.134220570301255,51.4343834191818],[0.132320065542892,51.4357037541442],[0.131468884838787,51.4361229357083],[0.129534121368491,51.4357918364272],[0.125616644437192,51.4353410351348],[0.125194637017865,51.4353036592906],[0.121811835224437,51.4350129123113],[0.120010430240159,51.4348599906274],[0.120357089413989,51.4342726626994],[0.119605286315342,51.4339716542811],[0.119416766313078,51.4336910801456],[0.116135262520107,51.4334129820524],[0.116027218428744,51.4338768097163],[0.114559865946463,51.4337496605559],[0.112338517758741,51.4335566020617],[0.112442615442135,51.4329166835362],[0.111321736462546,51.4320859340208],[0.110905166502372,51.4334877173534],[0.108113268188089,51.4333506906334],[0.10581807258012,51.4328861245905],[0.105702550228442,51.4328634312422],[0.105735992570334,51.4333145433806],[0.106696376529979,51.4339085721606],[0.108733107392052,51.4340696691452],[0.108465697852708,51.434746870855],[0.107572725812354,51.437139876877],[0.110200429843369,51.4381284463877],[0.111288014166697,51.4395261530103],[0.112379704857939,51.4411322495355],[0.110355037551444,51.4420089425418],[0.108621969587618,51.4419706180322],[0.110560340894126,51.4427511941672],[0.113151432069905,51.4431729426913],[0.113012248757196,51.4434784967784],[0.114854898853043,51.4439295974732],[0.114648662755103,51.4443200788016],[0.116877465993419,51.4449120074843],[0.116202039306777,51.4469002895608],[0.116923492519936,51.4471528778116],[0.118409691563192,51.4469474354875],[0.118706616368737,51.4461854823091],[0.118073771408959,51.445820960247],[0.118326106816902,51.4449924114293],[0.118806850457685,51.4446242089141],[0.119327652581979,51.4446774491698],[0.118846469520189,51.4474458349919],[0.119830567109812,51.4468173836191],[0.120128077795918,51.4456877123405]]]},"properties":{"FID":85,"MSOA21CD":"E02000088","MSOA21NM":"Bexley 024","MSOA21NMW":" ","BNG_E":547711,"BNG_N":173319,"LAT":51.43961,"LONG":0.123885,"Shape__Area":1999114.5863342285,"Shape__Length":10853.279511608931,"GlobalID":"4b13522a-1ea7-43de-adff-4b296e990843"}},{"type":"Feature","id":86,"geometry":{"type":"Polygon","coordinates":[[[0.0880098996029959,51.4443470741894],[0.0886427491269951,51.4438274865708],[0.090954804953355,51.4447249241122],[0.091356679689753,51.4444694321825],[0.0905149853814922,51.4439709774392],[0.088845323618013,51.4433631099698],[0.0887745232395227,51.4429222969259],[0.0895495697248781,51.4425520739827],[0.0893475379121585,51.4420160583151],[0.0901454654956872,51.4415827188522],[0.0913831243386381,51.4424195855782],[0.0912400351862215,51.4428658685279],[0.0925557640121441,51.4420368600137],[0.0933082707703349,51.4422876043369],[0.0938180007992783,51.4420907848459],[0.0942439680531724,51.4419538374415],[0.0920757117417683,51.4401862680533],[0.0915402130519484,51.4393305578267],[0.0935461564806218,51.4387448406934],[0.0933124816058372,51.4384359151268],[0.09724839412968,51.4376489110023],[0.0979442187340552,51.4374900568091],[0.0976422976299598,51.4371755085639],[0.0968798251153267,51.4372804678467],[0.096511395629874,51.4377427696293],[0.095655130792398,51.4368132495571],[0.0955412184862152,51.4364596813654],[0.0966831548847997,51.4361738473193],[0.0964531052522128,51.4357732334158],[0.0964353756866862,51.4357590268967],[0.0942775288724062,51.4350373244288],[0.0962660418613538,51.4347826296705],[0.0940191567912232,51.4331666212825],[0.0940960995101285,51.4328597266735],[0.091488622623229,51.4322456206703],[0.0899034636581064,51.4324156306151],[0.0890315906888432,51.4326474486636],[0.088116750979681,51.4323423438458],[0.0857110126000616,51.4324416168662],[0.0843066559071218,51.4308367709852],[0.0837508751922958,51.4308721323127],[0.0829725875681915,51.4309216263723],[0.0829354765463755,51.4305149946021],[0.0827237187698169,51.4301937526903],[0.0790105824286685,51.4311954912768],[0.0787277772567095,51.431258434203],[0.0753458652986685,51.4320303854419],[0.0747965788176377,51.4322639781443],[0.0761211234600345,51.4333063348564],[0.0757656540337559,51.4336976298958],[0.0763016487416853,51.4339951797892],[0.0759144297270626,51.434459134209],[0.0764724472015653,51.4348661510272],[0.0750487079827255,51.4358731001751],[0.0764674482608432,51.4368769999164],[0.0778723656085585,51.4364859204565],[0.07842430484575,51.4371348653041],[0.0795232116313963,51.4388868895081],[0.0800868009199828,51.4392149583218],[0.080102062054326,51.4396705309657],[0.0808413066225629,51.4404516812179],[0.0814854038622706,51.4401639065231],[0.0818581804010905,51.4399980600358],[0.0832794833297927,51.4411086014321],[0.0844410852931944,51.442010158827],[0.0828577903120911,51.4428379024045],[0.082836952854176,51.4432876400748],[0.0832424531010101,51.4435431437895],[0.084738566697319,51.4426114045838],[0.0853518196505976,51.4428778281676],[0.0853703618406177,51.4428839264114],[0.0874053770663003,51.4432465625161],[0.0863852859577453,51.4450861991347],[0.087512920185003,51.4452556692646],[0.0881074706841954,51.4447929592651],[0.0880098996029959,51.4443470741894]]]},"properties":{"FID":86,"MSOA21CD":"E02000089","MSOA21NM":"Bexley 025","MSOA21NMW":" ","BNG_E":545114,"BNG_N":173048,"LAT":51.43785,"LONG":0.086435,"Shape__Area":1366208.5226745605,"Shape__Length":7347.8061918007188,"GlobalID":"4afdc4e4-319c-42d0-b8b4-a0653692dffc"}},{"type":"Feature","id":87,"geometry":{"type":"Polygon","coordinates":[[[0.105522286934063,51.4390477424191],[0.106416274514754,51.4372978435161],[0.107572725812354,51.437139876877],[0.108465697852708,51.434746870855],[0.108733107392052,51.4340696691452],[0.106696376529979,51.4339085721606],[0.105735992570334,51.4333145433806],[0.105702550228442,51.4328634312422],[0.10581807258012,51.4328861245905],[0.106725062311165,51.4322264690728],[0.106244597707028,51.43209830115],[0.105844075386559,51.431534014925],[0.106152153578805,51.4314261652331],[0.105756166611977,51.4300192632174],[0.106290385447275,51.4295174953162],[0.106021365411443,51.428799281794],[0.107881980305441,51.4294834810332],[0.108705621301548,51.429404355396],[0.108812989448631,51.4292111495534],[0.107464889513332,51.4288663940252],[0.106986266293326,51.4280814139779],[0.105991907516085,51.42818128525],[0.105333409495384,51.4277788142886],[0.104228567966951,51.427465445263],[0.103729958287728,51.4266656679317],[0.10406227901413,51.4264812992475],[0.104168072331081,51.4260856543338],[0.105326829146516,51.425715596956],[0.105890579849705,51.4251749735444],[0.1057836013978,51.4249300798501],[0.105260264999992,51.425119090537],[0.103934197388652,51.4224532225568],[0.103436757058271,51.4225737395743],[0.103255811547975,51.4223333283171],[0.102479279097243,51.4226182945443],[0.102386673458712,51.4230227067549],[0.101249120557263,51.4233686877104],[0.101076983078703,51.4237316419355],[0.100403077820523,51.4237196935381],[0.100335505445379,51.4243949925084],[0.100257057327148,51.4251798412829],[0.0997140769521157,51.4253784774041],[0.0999426515223809,51.4257676934487],[0.100934667930046,51.4259003941087],[0.100970026997714,51.4266307968237],[0.101039548227047,51.4270144173246],[0.100565194698544,51.4270285590977],[0.099482919951434,51.4266854516106],[0.0989508603329132,51.4270986394458],[0.0975200515883455,51.4271287069441],[0.0969924288963445,51.4269168504521],[0.0967013488827002,51.4266936994757],[0.0959566683800177,51.4262221457634],[0.0954031494321385,51.4265428634028],[0.0948744727103051,51.4260225017612],[0.0945291718604894,51.4262023124951],[0.0942574589653604,51.4254569443151],[0.0949412519411305,51.4254520489716],[0.0945398720567558,51.4245052179595],[0.0959357090308953,51.4243244314364],[0.0967224020187869,51.4232442901646],[0.0961562507420368,51.4226923117876],[0.0957451149552895,51.4229101956027],[0.0952067218449803,51.4221392446325],[0.0932435169818801,51.422779669771],[0.0932783718911823,51.4223711148378],[0.0924069933524621,51.4218360064761],[0.0892549612755132,51.4239441781536],[0.0892518390298691,51.4239473427016],[0.0865227386903944,51.4264312437562],[0.0827237187698169,51.4301937526903],[0.0829354765463755,51.4305149946021],[0.0829725875681915,51.4309216263723],[0.0837508751922958,51.4308721323127],[0.0843066559071218,51.4308367709852],[0.0857110126000616,51.4324416168662],[0.088116750979681,51.4323423438458],[0.0890315906888432,51.4326474486636],[0.0899034636581064,51.4324156306151],[0.091488622623229,51.4322456206703],[0.0940960995101285,51.4328597266735],[0.0940191567912232,51.4331666212825],[0.0962660418613538,51.4347826296705],[0.0942775288724062,51.4350373244288],[0.0964353756866862,51.4357590268967],[0.0964531052522128,51.4357732334158],[0.0966831548847997,51.4361738473193],[0.0955412184862152,51.4364596813654],[0.095655130792398,51.4368132495571],[0.096511395629874,51.4377427696293],[0.0968798251153267,51.4372804678467],[0.0976422976299598,51.4371755085639],[0.0979442187340552,51.4374900568091],[0.09724839412968,51.4376489110023],[0.097132186258591,51.4386343338085],[0.0975221888312417,51.4385691160254],[0.0975901956286514,51.4379280569398],[0.0986981636561811,51.4376297184793],[0.099405100233504,51.4369503097528],[0.0999871204163287,51.436745203755],[0.10016471781121,51.4374176019665],[0.101327977027431,51.4371686377651],[0.101599500514689,51.4385199026594],[0.101836583917011,51.4389542572811],[0.102445395832897,51.4388627974888],[0.102439878802229,51.4385695993815],[0.104751378432021,51.4387709259155],[0.105522286934063,51.4390477424191]]]},"properties":{"FID":87,"MSOA21CD":"E02000090","MSOA21NM":"Bexley 026","MSOA21NMW":" ","BNG_E":545689,"BNG_N":172249,"LAT":51.43052,"LONG":0.094373,"Shape__Area":1816335.3232192993,"Shape__Length":9483.40872093102,"GlobalID":"242621cf-52fe-4d37-9ab1-484c8722d954"}},{"type":"Feature","id":88,"geometry":{"type":"Polygon","coordinates":[[[0.127270112856339,51.4341219819833],[0.127993944076422,51.4329232081013],[0.128010108516825,51.4323059201078],[0.127359856992136,51.4320704252296],[0.127373690660033,51.4320224518935],[0.127255352028827,51.4319526543424],[0.125917627389214,51.431841434259],[0.126042842538266,51.4315137544163],[0.12256776839841,51.4287207552753],[0.122478197649261,51.4285187095069],[0.122051849970154,51.4286988285884],[0.11982188080842,51.4272194094127],[0.120082523877776,51.4264610565561],[0.12407583014844,51.4244721676736],[0.124011103564,51.4238283591525],[0.122591620292072,51.4223195097807],[0.120233999664499,51.4221314876748],[0.117907006034646,51.4236234275916],[0.116421009159327,51.4238391307656],[0.114910525296155,51.4244680522932],[0.114618843095462,51.423633480596],[0.115591654283827,51.4225640631106],[0.115089814174772,51.4220735333589],[0.113817154344922,51.4209404817172],[0.11323129214836,51.421047204365],[0.112957545983094,51.4207899995835],[0.114492413360863,51.4201889694632],[0.114251943872189,51.4199055005812],[0.115054911041007,51.4197338527561],[0.114150407190001,51.4186969333698],[0.116278603117925,51.4179556861778],[0.116141633686763,51.4174019084332],[0.113494877247626,51.416931444605],[0.113495094244621,51.4179100734216],[0.111644987902767,51.4177486006307],[0.110098794765531,51.4159247162444],[0.108905543079004,51.4138092961309],[0.107041543545845,51.4143534718824],[0.104536463473116,51.4152523051803],[0.0981639865458962,51.4184622373703],[0.0924069933524621,51.4218360064761],[0.0932783718911823,51.4223711148378],[0.0932435169818801,51.422779669771],[0.0952067218449803,51.4221392446325],[0.0957451149552895,51.4229101956027],[0.0961562507420368,51.4226923117876],[0.0967224020187869,51.4232442901646],[0.0959357090308953,51.4243244314364],[0.0945398720567558,51.4245052179595],[0.0949412519411305,51.4254520489716],[0.0942574589653604,51.4254569443151],[0.0945291718604894,51.4262023124951],[0.0948744727103051,51.4260225017612],[0.0954031494321385,51.4265428634028],[0.0959566683800177,51.4262221457634],[0.0967013488827002,51.4266936994757],[0.0969924288963445,51.4269168504521],[0.0975200515883455,51.4271287069441],[0.0989508603329132,51.4270986394458],[0.099482919951434,51.4266854516106],[0.100565194698544,51.4270285590977],[0.101039548227047,51.4270144173246],[0.100970026997714,51.4266307968237],[0.100934667930046,51.4259003941087],[0.0999426515223809,51.4257676934487],[0.0997140769521157,51.4253784774041],[0.100257057327148,51.4251798412829],[0.100335505445379,51.4243949925084],[0.100403077820523,51.4237196935381],[0.101076983078703,51.4237316419355],[0.101249120557263,51.4233686877104],[0.102386673458712,51.4230227067549],[0.102479279097243,51.4226182945443],[0.103255811547975,51.4223333283171],[0.103436757058271,51.4225737395743],[0.103934197388652,51.4224532225568],[0.105260264999992,51.425119090537],[0.1057836013978,51.4249300798501],[0.105890579849705,51.4251749735444],[0.105326829146516,51.425715596956],[0.104168072331081,51.4260856543338],[0.10406227901413,51.4264812992475],[0.103729958287728,51.4266656679317],[0.104228567966951,51.427465445263],[0.105333409495384,51.4277788142886],[0.105991907516085,51.42818128525],[0.106986266293326,51.4280814139779],[0.107464889513332,51.4288663940252],[0.108812989448631,51.4292111495534],[0.108705621301548,51.429404355396],[0.107881980305441,51.4294834810332],[0.106021365411443,51.428799281794],[0.106290385447275,51.4295174953162],[0.105756166611977,51.4300192632174],[0.106152153578805,51.4314261652331],[0.105844075386559,51.431534014925],[0.106244597707028,51.43209830115],[0.106725062311165,51.4322264690728],[0.10581807258012,51.4328861245905],[0.108113268188089,51.4333506906334],[0.110905166502372,51.4334877173534],[0.111321736462546,51.4320859340208],[0.112442615442135,51.4329166835362],[0.112338517758741,51.4335566020617],[0.114559865946463,51.4337496605559],[0.116027218428744,51.4338768097163],[0.116135262520107,51.4334129820524],[0.119416766313078,51.4336910801456],[0.119605286315342,51.4339716542811],[0.120357089413989,51.4342726626994],[0.120010430240159,51.4348599906274],[0.121811835224437,51.4350129123113],[0.125194637017865,51.4353036592906],[0.125616644437192,51.4353410351348],[0.129534121368491,51.4357918364272],[0.131468884838787,51.4361229357083],[0.132320065542892,51.4357037541442],[0.131672947343511,51.4355652860762],[0.131512761350043,51.4351487857785],[0.132518444144547,51.4349866142625],[0.127270112856339,51.4341219819833]]]},"properties":{"FID":88,"MSOA21CD":"E02000091","MSOA21NM":"Bexley 027","MSOA21NMW":" ","BNG_E":546953,"BNG_N":171748,"LAT":51.42569,"LONG":0.112335,"Shape__Area":2728653.6861877441,"Shape__Length":12991.425043642494,"GlobalID":"0537f52d-2303-4cba-a3a9-45e4fb17f916"}},{"type":"Feature","id":89,"geometry":{"type":"Polygon","coordinates":[[[0.15378770368767,51.4358353626925],[0.154560924290032,51.4344566012057],[0.155887790048175,51.4337606712943],[0.156665620858407,51.4324056792236],[0.15667322661744,51.4320708117832],[0.155874509705484,51.4319316509615],[0.155874584541941,51.4308768497222],[0.155405341560051,51.4292190384192],[0.153763522001503,51.4275227431699],[0.153317286768205,51.4252874048578],[0.15349237718994,51.4234859125607],[0.152851597152099,51.421703178531],[0.151158524896716,51.4204303871357],[0.154632793922159,51.4184795387185],[0.15410593865389,51.4177698876655],[0.151055009894986,51.4176158167315],[0.151127484695007,51.4161596069184],[0.151096579869595,51.4149217793924],[0.149158880339785,51.4124354334078],[0.149751572168709,51.4116580233906],[0.153770489001981,51.4112655311586],[0.152932238327546,51.4087084660707],[0.151595156297089,51.4086772316581],[0.149311748448797,51.4091409619128],[0.148921617312069,51.4086436095393],[0.148828849317671,51.4085094173623],[0.139573351790747,51.4115336027561],[0.137959158472708,51.4122043706269],[0.132348098366221,51.4144149970009],[0.128862172335823,51.414970906711],[0.126465530090702,51.4147653675345],[0.125498636676384,51.4148148680463],[0.121855493654315,51.4137825347779],[0.118881156351115,51.4132749158412],[0.11550835889624,51.4131237718788],[0.113102633952814,51.4129274221961],[0.108905543079004,51.4138092961309],[0.110098794765531,51.4159247162444],[0.111644987902767,51.4177486006307],[0.113495094244621,51.4179100734216],[0.113494877247626,51.416931444605],[0.116141633686763,51.4174019084332],[0.116278603117925,51.4179556861778],[0.114150407190001,51.4186969333698],[0.115054911041007,51.4197338527561],[0.114251943872189,51.4199055005812],[0.114492413360863,51.4201889694632],[0.112957545983094,51.4207899995835],[0.11323129214836,51.421047204365],[0.113817154344922,51.4209404817172],[0.115089814174772,51.4220735333589],[0.115591654283827,51.4225640631106],[0.114618843095462,51.423633480596],[0.114910525296155,51.4244680522932],[0.116421009159327,51.4238391307656],[0.117907006034646,51.4236234275916],[0.120233999664499,51.4221314876748],[0.122591620292072,51.4223195097807],[0.124011103564,51.4238283591525],[0.12407583014844,51.4244721676736],[0.120082523877776,51.4264610565561],[0.11982188080842,51.4272194094127],[0.122051849970154,51.4286988285884],[0.122478197649261,51.4285187095069],[0.12256776839841,51.4287207552753],[0.126042842538266,51.4315137544163],[0.125917627389214,51.431841434259],[0.127255352028827,51.4319526543424],[0.127373690660033,51.4320224518935],[0.127359856992136,51.4320704252296],[0.128010108516825,51.4323059201078],[0.127993944076422,51.4329232081013],[0.127270112856339,51.4341219819833],[0.132518444144547,51.4349866142625],[0.131512761350043,51.4351487857785],[0.131672947343511,51.4355652860762],[0.132320065542892,51.4357037541442],[0.134220570301255,51.4343834191818],[0.134521477525754,51.4345331040537],[0.134957687987769,51.43420717673],[0.134635235402904,51.4335402514242],[0.136399603128243,51.4328150421608],[0.136746541154454,51.4326724345285],[0.139030411879005,51.433440313536],[0.139857648893306,51.4344012313097],[0.141668847030749,51.4343631670479],[0.143405440265673,51.4356752451823],[0.145557359943055,51.4351382983584],[0.147152611058738,51.4362150952086],[0.148958825376512,51.4350533554765],[0.150820774377029,51.4349493714162],[0.153126186421525,51.4361367956742],[0.15378770368767,51.4358353626925]]]},"properties":{"FID":89,"MSOA21CD":"E02000092","MSOA21NM":"Bexley 028","MSOA21NMW":" ","BNG_E":548387,"BNG_N":171677,"LAT":51.42468,"LONG":0.132916,"Shape__Area":5993900.6929397583,"Shape__Length":14189.150057467517,"GlobalID":"2d481966-0e04-455c-ab96-88316b2cd05a"}},{"type":"Feature","id":123,"geometry":{"type":"Polygon","coordinates":[[[0.0452090777684963,51.4366024824918],[0.0455143882228253,51.4359171628174],[0.0465764628588157,51.4348753779037],[0.0475606452810882,51.4340153297378],[0.050259428653396,51.4320399187182],[0.0523781321821963,51.4302668496925],[0.0525374371460278,51.4301036627188],[0.0547866697908494,51.4275855822083],[0.0528795724976751,51.4273528490179],[0.0526055772988481,51.4278863125303],[0.0518591757686269,51.4280907074948],[0.0516290503550638,51.4276609464084],[0.0524349022367916,51.4269452284771],[0.0536388428343755,51.4268447525002],[0.0529893337989482,51.4261546714663],[0.0534696190618852,51.4259091488153],[0.0533136131487132,51.4249370378033],[0.0517495836785363,51.4250337193486],[0.0508565491563837,51.4242422166745],[0.0505469885237453,51.4239761636072],[0.0526155961395134,51.4232744918987],[0.0520850420542453,51.4224128829194],[0.0503673711404055,51.4232191373955],[0.0498448528518324,51.4233939322369],[0.0494394021027939,51.4228636017989],[0.048060822609283,51.4228419775537],[0.0468028748476663,51.4233988805613],[0.0463759123681814,51.4232408293651],[0.044717501829624,51.4235963445041],[0.0432220269444736,51.4240054456802],[0.0395371025123326,51.4246208107321],[0.038847379058361,51.4246916589517],[0.0388832864014839,51.4260763291661],[0.0384450805076989,51.427255252039],[0.0384318572834185,51.4275872439906],[0.0378713114925038,51.4277263292743],[0.0382953961700005,51.427955239753],[0.0382780949622386,51.42907758929],[0.0377179875517113,51.4308989923802],[0.0375944078257061,51.4313469472739],[0.0375335035518306,51.4320120799055],[0.0377024270366413,51.4333788247285],[0.0337721200626558,51.4317697313466],[0.0333007375798573,51.4322626898799],[0.0324715403502663,51.4318980934586],[0.0316493335071656,51.4325946874148],[0.0311927265338023,51.4320727269863],[0.0313896575574406,51.4325997624562],[0.0298934315399625,51.4333365875407],[0.0286072352178423,51.4340535241225],[0.0290088725049331,51.4343915358959],[0.0289669734953442,51.4354924698107],[0.0287459651627334,51.436185712713],[0.0286663916989731,51.4364246206358],[0.0272829257465191,51.436578153804],[0.0253792453942382,51.4358419464178],[0.0250543029939395,51.4368219985634],[0.0248169303356639,51.4382378633],[0.0287173613932563,51.4388059032013],[0.0284630338365535,51.440374646233],[0.0288644101318178,51.4412148849447],[0.0289133282083536,51.4416254090528],[0.029528187624053,51.4417477979411],[0.0300471550516432,51.443416424546],[0.0303501818378228,51.4443420412795],[0.0326599390822455,51.4438317064962],[0.0354629812486357,51.4425033324908],[0.0374471780813189,51.441882466844],[0.0398284158399258,51.4410330448695],[0.0423097447316654,51.4394831553767],[0.0427566589751429,51.4383190490421],[0.0435200666511803,51.4377232307738],[0.0452090777684963,51.4366024824918]]]},"properties":{"FID":123,"MSOA21CD":"E02000127","MSOA21NM":"Bromley 001","MSOA21NMW":" ","BNG_E":541884,"BNG_N":172390,"LAT":51.43275,"LONG":0.039733,"Shape__Area":2222522.99407959,"Shape__Length":8579.9848503559042,"GlobalID":"ff47f34c-bae2-4ef2-b4ce-bd8e165c3c1b"}},{"type":"Feature","id":124,"geometry":{"type":"Polygon","coordinates":[[[0.0790105824286685,51.4311954912768],[0.0827237187698169,51.4301937526903],[0.0865227386903944,51.4264312437562],[0.0892518390298691,51.4239473427016],[0.0879953228734209,51.4210795955714],[0.0867661505832046,51.421342314955],[0.0866952522425159,51.4216646795532],[0.085355321160198,51.4216885435666],[0.0853038959360242,51.4222701851375],[0.0839037675506785,51.4227043333206],[0.0840026656157076,51.4204543511666],[0.0840938555447124,51.4202458919098],[0.085257559263151,51.4202161845392],[0.0856875521979588,51.4180995267291],[0.0832296262474614,51.4177456256887],[0.0835651743241715,51.4165447640314],[0.0827370347181981,51.4158442611994],[0.0820471973165782,51.4158849908906],[0.0801708806714816,51.4167159346337],[0.0783853910690573,51.4157015360852],[0.0764184676197811,51.4155423978276],[0.0765017959073508,51.4165620049925],[0.075195413070584,51.4168541079016],[0.0748049533063906,51.4175574654244],[0.0739068271684954,51.4176179704584],[0.0735409884928927,51.4180637195798],[0.0726800715715399,51.4179902015439],[0.0725586323444838,51.4173578044552],[0.0721661001448468,51.4173242253416],[0.0722681997679828,51.416734943632],[0.0727556449821333,51.4166674454035],[0.0718347367842885,51.4156971094101],[0.0714141943401523,51.4158133223772],[0.0715563306067902,51.41638666664],[0.070877244502918,51.4161972491005],[0.0698097004824336,51.4167131201406],[0.0684692462201733,51.4172853557775],[0.0677072249410695,51.4172126632401],[0.0666479382343078,51.4182354134728],[0.0641034086849112,51.4202193133958],[0.063249656322301,51.4203167066241],[0.0636259975879877,51.4210262111043],[0.0631253482755402,51.4213216245716],[0.06216264922567,51.4219156332128],[0.0620508572162788,51.4219848121091],[0.061672731244347,51.4217306962363],[0.0611955954337273,51.4222783793122],[0.0595193674228317,51.4213458520582],[0.0603040465493169,51.4209429981631],[0.0589802730171892,51.4203352424396],[0.05879104523536,51.4197334715918],[0.0566312983491065,51.4204941698209],[0.0560157588607572,51.4207805972936],[0.0536682430701749,51.4217405591162],[0.0527502109308467,51.4221285232044],[0.0526175127680674,51.4221872057694],[0.0520850420542453,51.4224128829194],[0.0526155961395134,51.4232744918987],[0.0505469885237453,51.4239761636072],[0.0508565491563837,51.4242422166745],[0.0517495836785363,51.4250337193486],[0.0533136131487132,51.4249370378033],[0.0534696190618852,51.4259091488153],[0.0529893337989482,51.4261546714663],[0.0536388428343755,51.4268447525002],[0.0524349022367916,51.4269452284771],[0.0516290503550638,51.4276609464084],[0.0518591757686269,51.4280907074948],[0.0526055772988481,51.4278863125303],[0.0528795724976751,51.4273528490179],[0.0547866697908494,51.4275855822083],[0.0582268959679716,51.4248817292642],[0.0583212048535846,51.4248091846071],[0.0586523305825167,51.4245559779098],[0.0592041029015703,51.4247063991177],[0.0609244745421335,51.4250789066883],[0.061340382941195,51.4241130282748],[0.0617341365429596,51.4237341509249],[0.0632269160676816,51.4242020735931],[0.0641805511171747,51.4248799466871],[0.0642355358819525,51.4253739287288],[0.0652469821601401,51.4257252453161],[0.0666034135960368,51.426015455789],[0.0664294842133752,51.4263379594378],[0.0681823500052357,51.4273949737238],[0.070043428466883,51.4285270433527],[0.0700581945653169,51.4285356090698],[0.0719694916927526,51.429652664536],[0.0729901794919572,51.4307156237917],[0.073497997371452,51.43125953797],[0.0730601019054776,51.4313784390456],[0.0733534010434565,51.4317733505647],[0.0738043854229782,51.4316425070299],[0.0748609331654115,51.4308307240756],[0.0753458652986685,51.4320303854419],[0.0787277772567095,51.431258434203],[0.0790105824286685,51.4311954912768]]]},"properties":{"FID":124,"MSOA21CD":"E02000128","MSOA21NM":"Bromley 002","MSOA21NMW":" ","BNG_E":544423,"BNG_N":171463,"LAT":51.42378,"LONG":0.075854,"Shape__Area":2541501.4003448486,"Shape__Length":10222.108127707193,"GlobalID":"1e8a1ee6-56f1-4865-ae0a-061d91af05f4"}},{"type":"Feature","id":125,"geometry":{"type":"Polygon","coordinates":[[[-0.0334836475717479,51.4240553607608],[-0.0343905669758938,51.4200016673304],[-0.0372518134738965,51.4193570376067],[-0.0386649308052073,51.4182294429183],[-0.0401240472563879,51.4165269376847],[-0.0422443365555548,51.416929213168],[-0.0425683252778934,51.4164387294772],[-0.0417139400377017,51.4162176921091],[-0.0428491144756395,51.4143322639368],[-0.0439173122940604,51.4136064468818],[-0.0451150862504581,51.4140390526838],[-0.0451877618704147,51.4144634348638],[-0.0461335782489867,51.4146464203618],[-0.0467799758718013,51.4130436652886],[-0.04808585020242,51.4130008651794],[-0.0490989606880407,51.4125679169985],[-0.0497957450546775,51.4122673513356],[-0.0489070389454284,51.4117704775317],[-0.0492088998757097,51.4115662821742],[-0.0481353800121155,51.4110580618301],[-0.0482145738710693,51.4106948980295],[-0.0501722687546973,51.4095800770152],[-0.0506996476767185,51.4093614634442],[-0.0517267028113059,51.4095981403358],[-0.0522309331444373,51.40999704521],[-0.0517746274262239,51.4104661781812],[-0.0524063854219047,51.4107294499744],[-0.0524306246529965,51.4112166751096],[-0.0530621242061932,51.4110708873938],[-0.0523196434004923,51.4116653741231],[-0.0528233117083023,51.4119383114201],[-0.053671567717327,51.4123982881049],[-0.0522735480902135,51.413427217113],[-0.0525551727601155,51.4135036184187],[-0.054414993326754,51.4155385650112],[-0.0540674783279002,51.4158851158787],[-0.0534868951526784,51.4160103630693],[-0.0526789003451023,51.4164106070876],[-0.0513152671870101,51.4171668199635],[-0.0520634289869344,51.4177924039341],[-0.0519925077973689,51.4174804655788],[-0.0537376030374934,51.417797811396],[-0.0539672372145416,51.4179822309321],[-0.0545591659813678,51.4179544812375],[-0.0551057915061051,51.4173210233898],[-0.0554854833724788,51.4174608892638],[-0.0564705681665383,51.4177675367802],[-0.0556031695835721,51.4190183820621],[-0.0561944392100642,51.4190814055294],[-0.0573531545959865,51.4175705011115],[-0.0578801655087153,51.4177570112586],[-0.0596922109458793,51.4184711199912],[-0.0593672693213432,51.4188058671843],[-0.0583481753436479,51.4200288774018],[-0.05769738806087,51.4209486838389],[-0.0564242391565913,51.422965404834],[-0.0551237078362905,51.4230029867984],[-0.0548507107871719,51.4236102125428],[-0.0544124705346933,51.4236936194922],[-0.0539195341464815,51.4236735341627],[-0.0525299860137238,51.4236168629664],[-0.0518384069271218,51.4235744734428],[-0.0517537445702199,51.4225202032912],[-0.0512317496165926,51.4225204622919],[-0.0493445138683023,51.4227558522724],[-0.0472162627339417,51.4227488841499],[-0.0460247778977194,51.4227613469166],[-0.0459603228880709,51.422443951584],[-0.0452197972163799,51.4225905470676],[-0.0436476668121471,51.4229590567816],[-0.0437767939611858,51.4232078153945],[-0.0429703445000017,51.4234191735082],[-0.0428059712159251,51.423226876325],[-0.0415365421754959,51.4236343784227],[-0.0416538532419808,51.4238908106027],[-0.0409820294757795,51.4243242337986],[-0.0398826929072194,51.4243137944081],[-0.0384437059426343,51.4239068185732],[-0.0374655597174054,51.4250197507891],[-0.0351205948979955,51.4250365913107],[-0.0342355972478888,51.4250978434535],[-0.0342171700232669,51.424772812444],[-0.0333478156058473,51.424641863669],[-0.0334836475717479,51.4240553607608]]]},"properties":{"FID":125,"MSOA21CD":"E02000130","MSOA21NM":"Bromley 004","MSOA21NMW":" ","BNG_E":535922,"BNG_N":170569,"LAT":51.41785,"LONG":-0.04668,"Shape__Area":1485339.2517166138,"Shape__Length":7783.30309524247,"GlobalID":"e89a536c-f803-41a8-85b5-93c0856eaef6"}},{"type":"Feature","id":126,"geometry":{"type":"Polygon","coordinates":[[[-0.0701983009042822,51.4260751098546],[-0.0688482996671617,51.4256054777562],[-0.0686369711015933,51.425994242143],[-0.068056379189156,51.4259231417629],[-0.0659498005981035,51.4251451611209],[-0.064905694815756,51.4252143262507],[-0.0644980366115652,51.4249874420435],[-0.0643656802190551,51.4253113915472],[-0.0627021637666338,51.4251897020074],[-0.0622128200972973,51.4250991797618],[-0.0614317311946472,51.4248019914555],[-0.0614003942646925,51.4245104627306],[-0.0603826321756978,51.4241109071311],[-0.0587124080530631,51.423522230091],[-0.0573629463894797,51.4230533408955],[-0.0564242391565913,51.422965404834],[-0.05769738806087,51.4209486838389],[-0.0583481753436479,51.4200288774018],[-0.0593672693213432,51.4188058671843],[-0.0596922109458793,51.4184711199912],[-0.0603473614068944,51.4177721504073],[-0.0609020678903103,51.4172132787298],[-0.0609433909437754,51.4171722663378],[-0.0621571007992616,51.4159387991555],[-0.0636732830253554,51.4144322313625],[-0.0644695420381051,51.4149538188503],[-0.0651602182526198,51.4147559127062],[-0.0647388261795921,51.4145987442517],[-0.0651242800345816,51.4142466538566],[-0.0655442539149797,51.4143280106323],[-0.0657672459442665,51.4135951008187],[-0.0666876462791717,51.4137223109661],[-0.0673228299962405,51.4135551137008],[-0.0671718824833791,51.4128456535049],[-0.0679571682055923,51.4128445991864],[-0.0683086994303289,51.4130296152608],[-0.0688087284140039,51.4127408097716],[-0.068802403888416,51.4122969155782],[-0.0693319953127223,51.4124783388423],[-0.0684987518574665,51.4118470235868],[-0.0684955417373501,51.4117836343513],[-0.0691874855330034,51.4114179538189],[-0.0704408617792029,51.4108049880483],[-0.0709354956294098,51.4112201117914],[-0.0717778118841741,51.4115861240402],[-0.072574534901381,51.4112510983765],[-0.0733441783559082,51.4114019052615],[-0.0729297533009545,51.4126997440108],[-0.0744349205246082,51.4132383633399],[-0.0750472653195147,51.4136447244127],[-0.0765919671410661,51.4143869918027],[-0.0766969284500134,51.4143782394169],[-0.0801520342489893,51.4154531919987],[-0.0804433413748309,51.415574165691],[-0.0810829471824471,51.4170950814587],[-0.0803895242606239,51.4179897213594],[-0.0789742100118829,51.4194091236646],[-0.0785610725125376,51.4197101805644],[-0.078648910742115,51.4198258468888],[-0.078450488278264,51.4200376842805],[-0.0782673489957576,51.4205726045005],[-0.0766446589693079,51.423087406189],[-0.0759240029546713,51.4242242333543],[-0.0745650697319489,51.4259545969814],[-0.073918506076508,51.426151164638],[-0.0721712636904362,51.4262754829317],[-0.0706388664600108,51.4262015426198],[-0.0701983009042822,51.4260751098546]]]},"properties":{"FID":126,"MSOA21CD":"E02000131","MSOA21NM":"Bromley 005","MSOA21NMW":" ","BNG_E":534379,"BNG_N":170676,"LAT":51.41918,"LONG":-0.06881,"Shape__Area":1763199.9507522583,"Shape__Length":5847.789323644678,"GlobalID":"1eb18b26-ee10-495c-a738-4431502905b7"}},{"type":"Feature","id":127,"geometry":{"type":"Polygon","coordinates":[[[-0.0238327298995798,51.4227561001265],[-0.0225255242476146,51.4215804917347],[-0.0221807975920028,51.4217774132754],[-0.0214193590592737,51.4212524409545],[-0.0209350503014717,51.4209185187775],[-0.0216057930766396,51.4204728640294],[-0.0207689604188159,51.419904043018],[-0.021936345766284,51.417861205154],[-0.0225299152477929,51.4175409078289],[-0.0217119171479454,51.4172909030923],[-0.0220375327700992,51.4166436733053],[-0.0213879354771345,51.4162674760603],[-0.024418678757315,51.412784671468],[-0.0254327605441957,51.4123106321986],[-0.0255169654191825,51.4119202741969],[-0.0249601611617249,51.4118550238097],[-0.0250185592308117,51.4110913944474],[-0.0238955603521264,51.4109095402261],[-0.0238566745314172,51.4108792352456],[-0.0236086125754719,51.4101696413455],[-0.0231784944345552,51.4101523724988],[-0.0190776359563507,51.4097402087451],[-0.0191624080740628,51.4091597901282],[-0.0187742963074837,51.4097122595584],[-0.0168996810452848,51.4095055322789],[-0.0163075461675242,51.4094409961895],[-0.0164249095636292,51.4090560975763],[-0.0182259312814159,51.4090063873221],[-0.0180120234364115,51.408529306894],[-0.0183895597943233,51.4084093841512],[-0.019725453282927,51.4086751940886],[-0.0196728171402311,51.4091852285418],[-0.0217185694602705,51.409528597031],[-0.0231148435134124,51.4089001064096],[-0.0237064990494325,51.4092483307206],[-0.0241635969945141,51.4086491748084],[-0.0230940452475127,51.4081095583745],[-0.021687076389197,51.4080588490754],[-0.0201115640942064,51.4072498725597],[-0.020107106721304,51.4072429815655],[-0.0202501013614886,51.4072409617054],[-0.0248941660623864,51.4075915353428],[-0.0255697550349033,51.4076968536265],[-0.0252128663666052,51.4070738404741],[-0.0257918509913808,51.4063589608161],[-0.0283398775559442,51.4064348581183],[-0.0283579478100523,51.4059646087787],[-0.0283111655543631,51.4056399069892],[-0.0289334969548567,51.4056654608028],[-0.0289623900319836,51.4062528227641],[-0.0294422932443365,51.4062603946924],[-0.029972726308702,51.4063307836831],[-0.0302770132505316,51.4055863924321],[-0.0315951361174095,51.4059258160985],[-0.0314263595310446,51.4064867196958],[-0.032778078401494,51.4064836960744],[-0.0316055637010423,51.4077772489145],[-0.0314982776973875,51.4079992717074],[-0.0326108863755992,51.407970876876],[-0.0332654562330225,51.4076453355244],[-0.0358865670893245,51.4079724819371],[-0.0356620670686424,51.408365062675],[-0.0367731167460186,51.4084287326581],[-0.0367178763208986,51.4081579994748],[-0.039904215897392,51.4087605191328],[-0.0402026490871376,51.408808882219],[-0.0388135540264169,51.4095383437532],[-0.0368595820416228,51.4102986526962],[-0.0355928834259922,51.4112969628378],[-0.0352030653616861,51.4138324268025],[-0.0352540383610772,51.4154767826931],[-0.0345484860985553,51.4193325007663],[-0.0343905669758938,51.4200016673304],[-0.0334836475717479,51.4240553607608],[-0.0333478156058473,51.424641863669],[-0.0318551102864538,51.4247241570849],[-0.0319669330327683,51.4255505505324],[-0.0303457386147323,51.4257188352457],[-0.0294608775052447,51.4253842141495],[-0.0278072927448761,51.4246305575767],[-0.027800350767284,51.4244489465318],[-0.0238327298995798,51.4227561001265]]]},"properties":{"FID":127,"MSOA21CD":"E02000132","MSOA21NM":"Bromley 006","MSOA21NMW":" ","BNG_E":537229,"BNG_N":170329,"LAT":51.41538,"LONG":-0.02799,"Shape__Area":1736452.9559936523,"Shape__Length":8657.7423534859572,"GlobalID":"2ecc717c-119d-4cc9-b485-86779de356fe"}},{"type":"Feature","id":128,"geometry":{"type":"Polygon","coordinates":[[[0.044717501829624,51.4235963445041],[0.0463759123681814,51.4232408293651],[0.0468028748476663,51.4233988805613],[0.048060822609283,51.4228419775537],[0.0494394021027939,51.4228636017989],[0.0498448528518324,51.4233939322369],[0.0503673711404055,51.4232191373955],[0.0520850420542453,51.4224128829194],[0.0526175127680674,51.4221872057694],[0.0527502109308467,51.4221285232044],[0.0536682430701749,51.4217405591162],[0.0560157588607572,51.4207805972936],[0.0566312983491065,51.4204941698209],[0.05879104523536,51.4197334715918],[0.0589802730171892,51.4203352424396],[0.0603040465493169,51.4209429981631],[0.0595193674228317,51.4213458520582],[0.0611955954337273,51.4222783793122],[0.061672731244347,51.4217306962363],[0.0620508572162788,51.4219848121091],[0.06216264922567,51.4219156332128],[0.0631253482755402,51.4213216245716],[0.0636259975879877,51.4210262111043],[0.063249656322301,51.4203167066241],[0.0641034086849112,51.4202193133958],[0.0666479382343078,51.4182354134728],[0.0677072249410695,51.4172126632401],[0.0684692462201733,51.4172853557775],[0.0698097004824336,51.4167131201406],[0.070877244502918,51.4161972491005],[0.0715563306067902,51.41638666664],[0.0714141943401523,51.4158133223772],[0.0718347367842885,51.4156971094101],[0.0727556449821333,51.4166674454035],[0.0722681997679828,51.416734943632],[0.0721661001448468,51.4173242253416],[0.0725586323444838,51.4173578044552],[0.0726800715715399,51.4179902015439],[0.0735409884928927,51.4180637195798],[0.0739068271684954,51.4176179704584],[0.0748049533063906,51.4175574654244],[0.075195413070584,51.4168541079016],[0.0765017959073508,51.4165620049925],[0.0764184676197811,51.4155423978276],[0.0783853910690573,51.4157015360852],[0.0801708806714816,51.4167159346337],[0.0820471973165782,51.4158849908906],[0.0822959446410886,51.4151979094779],[0.0809185576482702,51.4146278557769],[0.0796375994872672,51.4146056342514],[0.079094119406313,51.4141713921986],[0.0787807842080564,51.4145866748865],[0.0779739964020172,51.4145539532676],[0.0785894050948162,51.4138270538406],[0.0782273475439775,51.4137238533392],[0.0780224103015406,51.4141111860344],[0.0765877534795153,51.4139974747512],[0.0768409330608424,51.4134049628781],[0.0752461748631931,51.4136876089614],[0.0750384089638047,51.4124479638165],[0.074328329992633,51.4120108851928],[0.0744173562362511,51.4097392695155],[0.0743938031375918,51.4093298550095],[0.0756455965807295,51.4090160033203],[0.0755821077283763,51.4086689642624],[0.0760455615751121,51.4086531190981],[0.0760162685619879,51.4089464054862],[0.0774045317271457,51.4088182394004],[0.0779183686721402,51.4080896829013],[0.0795606270794545,51.4081827363987],[0.0799036672808848,51.4079166067446],[0.0776169593803415,51.4046435703251],[0.0795274681494445,51.404457849104],[0.0790380080711927,51.4034538507358],[0.0776211413196027,51.4033899793943],[0.0747308086612245,51.4020845513776],[0.0788210580343939,51.3989936123624],[0.0773225486911926,51.3958444484071],[0.0767452046028861,51.3959895811705],[0.0641417099974729,51.4007779932961],[0.0584884126308065,51.4045447943069],[0.0608298552394939,51.4024301270399],[0.0627581645530834,51.4004659851608],[0.0653618518208875,51.3977959867425],[0.0612609900931238,51.3982041471803],[0.0580502535907349,51.3990012888149],[0.056813367585356,51.3986673778354],[0.0561640515508701,51.3991475608403],[0.054306125918374,51.3990722231194],[0.049187724594596,51.3990628647274],[0.0492643554118512,51.3994352845991],[0.0499757886497602,51.3995260572812],[0.0492401934168318,51.3999162439343],[0.0492121672262201,51.4003699062915],[0.0474279298487316,51.4002652917506],[0.0469616762440555,51.4008874508852],[0.0460944766362648,51.4008630251501],[0.0445962840808398,51.4015429304968],[0.0439411707829968,51.4016792299269],[0.0386446533223953,51.4041206661121],[0.0368906738763897,51.4047624589316],[0.0412958526702255,51.4052166264197],[0.0405323299675628,51.4069601930454],[0.0397383001875442,51.4069596911113],[0.0396062981568148,51.4073143593437],[0.0402919278351611,51.4073244640269],[0.0400757668646301,51.4076399947355],[0.0408369742115397,51.4080466026517],[0.0410652704817205,51.4089648371671],[0.0414344617768877,51.4087341476174],[0.0423555013075036,51.4091483621028],[0.0418697022261066,51.4096448657317],[0.0424234998496969,51.4099030824906],[0.0415044227844599,51.410393263672],[0.0412824036091677,51.4098714237082],[0.0405069522819024,51.4097309896469],[0.0403561986466992,51.4099666182145],[0.0411412391206843,51.4104621137042],[0.0394549866240806,51.4106982906366],[0.0397460779611736,51.4109617094473],[0.0411120872207397,51.4110549724529],[0.0414592796488473,51.4116240043058],[0.0423440531383419,51.4119971699308],[0.0435272312090843,51.4118270045409],[0.0445478725512179,51.4122074889156],[0.0451989632046171,51.4128885853368],[0.0431447838384113,51.4127134772956],[0.0427339920318538,51.4132933990128],[0.0445457004155923,51.413487022999],[0.0448666185584606,51.4138134885534],[0.0452832836407313,51.4138169141204],[0.0458660278949635,51.4147288046925],[0.0457095645836396,51.4155116655136],[0.0448607061898993,51.4160066096913],[0.0452505427944453,51.416247864501],[0.0344190768790163,51.4231726689083],[0.0345916451489646,51.4233934910283],[0.0362122196732604,51.4223653003071],[0.038847379058361,51.4246916589517],[0.0395371025123326,51.4246208107321],[0.0432220269444736,51.4240054456802],[0.044717501829624,51.4235963445041]]]},"properties":{"FID":128,"MSOA21CD":"E02000133","MSOA21NM":"Bromley 007","MSOA21NMW":" ","BNG_E":543153,"BNG_N":169926,"LAT":51.41029,"LONG":0.05698,"Shape__Area":5961268.9828948975,"Shape__Length":17572.886536387286,"GlobalID":"f8a3a241-1a37-4a0e-b36d-4f777b079104"}},{"type":"Feature","id":129,"geometry":{"type":"Polygon","coordinates":[[[0.0295237634412738,51.4179005100539],[0.0285962336571841,51.4168420303212],[0.0306209685975779,51.4156633749176],[0.0296136247296564,51.4144037857486],[0.0277850071951168,51.4139855760318],[0.0274984619449339,51.4132794470789],[0.02845174177603,51.4133210076054],[0.0300601669815834,51.4124369768911],[0.0328444842903991,51.4119504972746],[0.0325139966565925,51.4117107480389],[0.0296865362309077,51.4108188834425],[0.0292115711735944,51.4111946879824],[0.0280441258289667,51.4102312908347],[0.0278999168725884,51.4101843242028],[0.0277387638274378,51.4101476325086],[0.0273256935375883,51.4095029354705],[0.0264307635023067,51.4092028091517],[0.0260363228117089,51.4077419719615],[0.0266860032132112,51.4076791711378],[0.0265603338416349,51.4073050310323],[0.0264786222266042,51.4068953245061],[0.0257264039964259,51.4069399252549],[0.0242879508724514,51.407029660267],[0.0226789150027131,51.4070511315134],[0.0187429474552273,51.4063420981388],[0.0193546983152578,51.406846519366],[0.0193088011414081,51.4086740121039],[0.0183460967711861,51.4084396114663],[0.0186352333856625,51.4079566760621],[0.018068063389584,51.4071646586348],[0.0162498253132171,51.4081632925072],[0.0139179364074816,51.4081174764101],[0.0138709132284096,51.4081092103183],[0.0154113463440689,51.4064377433475],[0.0172939327557164,51.4063017474115],[0.0175109983980186,51.4059140382681],[0.0174365912703224,51.4055418203577],[0.0162630192541816,51.4053556383334],[0.016652800214702,51.4037983870674],[0.0151580478442563,51.4039340026588],[0.0151208601966985,51.4051613237056],[0.0143568702657656,51.405673488983],[0.0137567486574483,51.4054320076753],[0.0140614256354136,51.4041758660933],[0.0132629014880598,51.4037603799209],[0.0120579208777774,51.4036695527554],[0.011306972641596,51.40424057523],[0.0117102059070742,51.404666769234],[0.0107456082854802,51.4060908328177],[0.00936093514103964,51.406764902544],[0.00898928755777509,51.4064641306087],[0.00803992855374677,51.4073230453525],[0.00797247850038763,51.4073492993612],[0.00733138751680081,51.4073689633018],[0.00709203709668381,51.407798815801],[0.00693268727336812,51.4075670380703],[0.00599472816822086,51.4089496451735],[0.00503347543164416,51.4094755479971],[0.00538041490430572,51.4097884066326],[0.00481201383070492,51.4097202118883],[0.00420655062177012,51.4104432210596],[0.0035129260707462,51.4119046510791],[0.00458459202516281,51.4116043886294],[0.00648061706371121,51.4123572201647],[0.00641394656310305,51.4127710753775],[0.0069885123689151,51.4129550027087],[0.00672500194108296,51.4132992588099],[0.00627494274401448,51.4144334027652],[0.00538150846897829,51.4143306846588],[0.00505334110183663,51.4147145246425],[0.00644804161418472,51.4152154537134],[0.00618765689209738,51.4155572724394],[0.0065907588917224,51.4158967454984],[0.0062658184844596,51.4160030197848],[0.0068884283824056,51.4162268708882],[0.0108333796262619,51.4148109509972],[0.0115769335681789,51.4148994000771],[0.0120033301560288,51.4149234629473],[0.0125962806091215,51.4157756717022],[0.0144104656027737,51.4158390526904],[0.0147906550964827,51.4161877021245],[0.0149175433858709,51.4158311826261],[0.0154785078872152,51.4162202672863],[0.0165843562916421,51.4163507046924],[0.0165855613782115,51.4167773519786],[0.0171300838341887,51.4167320131583],[0.0172396084906957,51.4162804839527],[0.0161720301880725,51.4155968888756],[0.0174840787267751,51.4150491427519],[0.0177408923141855,51.4153413810056],[0.0182095170325673,51.4154802680268],[0.018186177830743,51.4159034257441],[0.017587962722145,51.4172001465188],[0.0182653737329242,51.4177626329965],[0.0184254379261309,51.4173272096535],[0.0195006532772293,51.4173293772643],[0.0195370147214006,51.4170288178066],[0.019982812224169,51.4170383681994],[0.0216977449307215,51.4171012462162],[0.0218969754882574,51.4178188520009],[0.0232364102702083,51.4175617366027],[0.0253325410343178,51.4189739317572],[0.0258827459379885,51.420317234954],[0.0279997506548172,51.4206876548694],[0.0304165458308073,51.4203673257754],[0.0333454382661841,51.4189177146138],[0.0295237634412738,51.4179005100539]]]},"properties":{"FID":129,"MSOA21CD":"E02000134","MSOA21NM":"Bromley 008","MSOA21NMW":" ","BNG_E":540551,"BNG_N":170059,"LAT":51.41214,"LONG":0.019646,"Shape__Area":1923072.5882568359,"Shape__Length":10264.607978280492,"GlobalID":"b1cc76f5-1a01-455d-8747-d86d8176cdf1"}},{"type":"Feature","id":130,"geometry":{"type":"Polygon","coordinates":[[[-0.0564705681665383,51.4177675367802],[-0.0554854833724788,51.4174608892638],[-0.0551057915061051,51.4173210233898],[-0.0545591659813678,51.4179544812375],[-0.0539672372145416,51.4179822309321],[-0.0537376030374934,51.417797811396],[-0.0519925077973689,51.4174804655788],[-0.0520634289869344,51.4177924039341],[-0.0513152671870101,51.4171668199635],[-0.0526789003451023,51.4164106070876],[-0.0534868951526784,51.4160103630693],[-0.0540674783279002,51.4158851158787],[-0.054414993326754,51.4155385650112],[-0.0525551727601155,51.4135036184187],[-0.0522735480902135,51.413427217113],[-0.053671567717327,51.4123982881049],[-0.0528233117083023,51.4119383114201],[-0.0523196434004923,51.4116653741231],[-0.0530621242061932,51.4110708873938],[-0.0545601424672146,51.4109825429427],[-0.055173489839485,51.4108495093038],[-0.0550495975106716,51.410333831897],[-0.0560696761452668,51.4100460090303],[-0.0565475790663353,51.4103057416337],[-0.0567733587229698,51.4106639515702],[-0.0573041656800401,51.410428178808],[-0.0583303541468159,51.4095391972774],[-0.0597191761024203,51.4096664750987],[-0.059480031037028,51.4095525883288],[-0.0602131309503544,51.4091912552249],[-0.0595691005798845,51.4086319791586],[-0.0601718555690594,51.4083415176392],[-0.0602273551940719,51.408314784301],[-0.0626124966565909,51.4071811694746],[-0.0636590519968411,51.4066906719911],[-0.0650384385023925,51.4059742046399],[-0.065533377419419,51.4057099050268],[-0.0664198798106675,51.4052337920963],[-0.0671092848332853,51.4048557938307],[-0.0685784883450089,51.4038442143801],[-0.0694645475673687,51.4054218247863],[-0.0698771752461786,51.4059907243165],[-0.07127692886752,51.4072075588466],[-0.071544435590996,51.4073953760749],[-0.0728155585905792,51.4085524501247],[-0.0729846773407804,51.4088016053813],[-0.0731049136154977,51.4089790003427],[-0.0733441783559082,51.4114019052615],[-0.072574534901381,51.4112510983765],[-0.0717778118841741,51.4115861240402],[-0.0709354956294098,51.4112201117914],[-0.0704408617792029,51.4108049880483],[-0.0691874855330034,51.4114179538189],[-0.0684955417373501,51.4117836343513],[-0.0684987518574665,51.4118470235868],[-0.0693319953127223,51.4124783388423],[-0.068802403888416,51.4122969155782],[-0.0688087284140039,51.4127408097716],[-0.0683086994303289,51.4130296152608],[-0.0679571682055923,51.4128445991864],[-0.0671718824833791,51.4128456535049],[-0.0673228299962405,51.4135551137008],[-0.0666876462791717,51.4137223109661],[-0.0657672459442665,51.4135951008187],[-0.0655442539149797,51.4143280106323],[-0.0651242800345816,51.4142466538566],[-0.0647388261795921,51.4145987442517],[-0.0651602182526198,51.4147559127062],[-0.0644695420381051,51.4149538188503],[-0.0636732830253554,51.4144322313625],[-0.0621571007992616,51.4159387991555],[-0.0609433909437754,51.4171722663378],[-0.0609020678903103,51.4172132787298],[-0.0603473614068944,51.4177721504073],[-0.0596922109458793,51.4184711199912],[-0.0578801655087153,51.4177570112586],[-0.0573531545959865,51.4175705011115],[-0.0561944392100642,51.4190814055294],[-0.0556031695835721,51.4190183820621],[-0.0564705681665383,51.4177675367802]]]},"properties":{"FID":130,"MSOA21CD":"E02000135","MSOA21NM":"Bromley 009","MSOA21NMW":" ","BNG_E":534956,"BNG_N":169833,"LAT":51.41147,"LONG":-0.06084,"Shape__Area":1151642.0335083008,"Shape__Length":6351.5281366201207,"GlobalID":"c98ced27-00ae-4fe4-a51f-719725868cb5"}},{"type":"Feature","id":131,"geometry":{"type":"Polygon","coordinates":[[[0.0924069933524621,51.4218360064761],[0.0981639865458962,51.4184622373703],[0.104536463473116,51.4152523051803],[0.103326044710276,51.4125710893877],[0.102672442438319,51.4113308812204],[0.100479108131308,51.4111289796157],[0.0995446297152745,51.4107112868469],[0.100372401921915,51.409496119795],[0.101062913530674,51.4091488360165],[0.101640043664425,51.4091849181514],[0.101672200719387,51.4095241651642],[0.101753933360458,51.4081434014496],[0.102600044266237,51.4081454228327],[0.102555124847794,51.4086587110778],[0.10417780691095,51.4087615986907],[0.104268277669437,51.4079155438054],[0.104251199352878,51.4056418320031],[0.104791564318194,51.4056072699893],[0.104703998524654,51.4045623864809],[0.10395814436835,51.4046027708484],[0.103866600438128,51.4043413942167],[0.103583297935425,51.4037393083438],[0.102637676423904,51.4021444787344],[0.102893034062225,51.4009751523651],[0.102493370820803,51.400649481988],[0.101794733287572,51.4007245077901],[0.101279569298773,51.4003389806232],[0.0997486750297361,51.4000282103017],[0.0994693480554406,51.3987241560644],[0.0990742351900856,51.3978848701007],[0.0989150226353585,51.3975723666589],[0.0960129952743597,51.3981055481875],[0.0954781731418772,51.3980865723642],[0.0948487163437943,51.3964089726723],[0.0953657662025338,51.3957001655298],[0.0954174680394934,51.3949717909],[0.0951254030241152,51.3949841952517],[0.087566417590886,51.3947732306342],[0.0833772368384634,51.3948397730719],[0.0773225486911926,51.3958444484071],[0.0788210580343939,51.3989936123624],[0.0747308086612245,51.4020845513776],[0.0776211413196027,51.4033899793943],[0.0790380080711927,51.4034538507358],[0.0795274681494445,51.404457849104],[0.0776169593803415,51.4046435703251],[0.0799036672808848,51.4079166067446],[0.0795606270794545,51.4081827363987],[0.0779183686721402,51.4080896829013],[0.0774045317271457,51.4088182394004],[0.0760162685619879,51.4089464054862],[0.0760455615751121,51.4086531190981],[0.0755821077283763,51.4086689642624],[0.0756455965807295,51.4090160033203],[0.0743938031375918,51.4093298550095],[0.0744173562362511,51.4097392695155],[0.074328329992633,51.4120108851928],[0.0750384089638047,51.4124479638165],[0.0752461748631931,51.4136876089614],[0.0768409330608424,51.4134049628781],[0.0765877534795153,51.4139974747512],[0.0780224103015406,51.4141111860344],[0.0782273475439775,51.4137238533392],[0.0785894050948162,51.4138270538406],[0.0779739964020172,51.4145539532676],[0.0787807842080564,51.4145866748865],[0.079094119406313,51.4141713921986],[0.0796375994872672,51.4146056342514],[0.0809185576482702,51.4146278557769],[0.0822959446410886,51.4151979094779],[0.0820471973165782,51.4158849908906],[0.0827370347181981,51.4158442611994],[0.0835651743241715,51.4165447640314],[0.0832296262474614,51.4177456256887],[0.0856875521979588,51.4180995267291],[0.085257559263151,51.4202161845392],[0.0840938555447124,51.4202458919098],[0.0840026656157076,51.4204543511666],[0.0839037675506785,51.4227043333206],[0.0853038959360242,51.4222701851375],[0.085355321160198,51.4216885435666],[0.0866952522425159,51.4216646795532],[0.0867661505832046,51.421342314955],[0.0879953228734209,51.4210795955714],[0.0892518390298691,51.4239473427016],[0.0892549612755132,51.4239441781536],[0.0924069933524621,51.4218360064761]]]},"properties":{"FID":131,"MSOA21CD":"E02000136","MSOA21NM":"Bromley 010","MSOA21NMW":" ","BNG_E":545424,"BNG_N":169848,"LAT":51.40901,"LONG":0.089579,"Shape__Area":4560907.5974197388,"Shape__Length":11720.335247804216,"GlobalID":"93bae6dc-19db-42fc-aa10-aad83ea12410"}},{"type":"Feature","id":132,"geometry":{"type":"Polygon","coordinates":[[[0.00505334110183663,51.4147145246425],[0.00538150846897829,51.4143306846588],[0.00627494274401448,51.4144334027652],[0.00672500194108296,51.4132992588099],[0.0069885123689151,51.4129550027087],[0.00641394656310305,51.4127710753775],[0.00648061706371121,51.4123572201647],[0.00458459202516281,51.4116043886294],[0.0035129260707462,51.4119046510791],[0.00420655062177012,51.4104432210596],[0.00481201383070492,51.4097202118883],[0.00538041490430572,51.4097884066326],[0.00503347543164416,51.4094755479971],[0.00599472816822086,51.4089496451735],[0.00693268727336812,51.4075670380703],[0.00616576343051283,51.4071792451986],[0.00505365551204836,51.4073204077768],[0.00428030118734103,51.4069169661416],[0.00227545345426421,51.4066785120094],[0.00174970972151418,51.4062309060945],[0.00176160890218938,51.4062196777784],[0.00285472880167707,51.4053741821654],[0.00497767031138726,51.4037137493711],[0.0057767016825741,51.4030871482829],[0.00476939417578256,51.4027802511773],[0.00400798930884061,51.4032214145496],[0.00324364234750435,51.4020692777268],[0.00191843675982564,51.4028941953009],[0.00153883254268469,51.4027398664701],[0.00221596858847103,51.4018960708603],[0.00160598891803414,51.4015838098628],[0.000842737549730672,51.401305424757],[0.000103820516808894,51.4015926179],[-0.00020806304152704,51.4010666874884],[0.000387297379099303,51.4008323322093],[0.000210628180401577,51.4000651498848],[0.00114952705876508,51.400034674431],[0.00200618289813377,51.3996316387363],[0.00105898328968446,51.3987540419107],[-0.000243506949698691,51.3981882178724],[-0.000127943633994512,51.3978279008683],[-6.71447678389843E-05,51.3975443074305],[0.000355836497864183,51.3977373398183],[0.00157077964306132,51.3973142071756],[0.00170700102182423,51.3969717189539],[-0.000361020337687147,51.3964076183775],[-0.000960882449666016,51.3972133317214],[-0.00283919073799523,51.3994119175539],[-0.00352829610122146,51.4002238150004],[-0.00478888011090892,51.3997597789697],[-0.00542945675124265,51.3998875362963],[-0.00860685047171067,51.3992385720222],[-0.00864568601783909,51.3992334124414],[-0.009214577789055,51.3991514870865],[-0.00980202526780679,51.4000289197063],[-0.00954337188358935,51.4003850930768],[-0.0105082499343556,51.4006288544627],[-0.0134104271499881,51.4023537704919],[-0.0137782414890792,51.4034908131464],[-0.0140989691596752,51.4036183610221],[-0.0138288314462624,51.4041991407221],[-0.0152625872497859,51.4048081953306],[-0.0159426498001478,51.4045714402311],[-0.0161488426014396,51.4047524586821],[-0.0155461673287718,51.405260320908],[-0.0156705196829891,51.405579830293],[-0.0148181585918471,51.4061162852163],[-0.0140910393919798,51.4058260797033],[-0.0137196406333555,51.4059745096726],[-0.0141150271516985,51.4069250840521],[-0.0129587349045306,51.4068154067587],[-0.0114193388403665,51.4072604374079],[-0.0113677979235088,51.4081822040159],[-0.0127378596972103,51.4086209298384],[-0.0127015143807631,51.4090219817778],[-0.0120532569775303,51.4089558435627],[-0.0116054435120249,51.4089325905081],[-0.0110702497652222,51.4095043562762],[-0.0107274197773165,51.4094677642875],[-0.01103013245989,51.4088486280503],[-0.0082748692649284,51.4085671981767],[-0.00751759568230933,51.4092673582544],[-0.00715714228380038,51.4081950505629],[-0.00786020874816775,51.4079926758567],[-0.00759734707579169,51.4074341698588],[-0.00663785427092248,51.4073260018751],[-0.00632796567654344,51.4069915578592],[-0.00598371113547361,51.4070834487636],[-0.0064343843525491,51.4083376163102],[-0.00464689678325983,51.4079461473445],[-0.00489785731494784,51.4073415693557],[-0.00329134033130272,51.4075315701398],[-0.00245314348038154,51.4084770726009],[-0.00475073569712999,51.4100868373495],[-0.00644311131816385,51.4123543474867],[-0.00698680950450576,51.4132054818893],[-0.00768282557602359,51.4145297935412],[-0.00662321324233385,51.4146695719146],[-0.00653875912391611,51.4159904553384],[-0.0056066293315724,51.4157634018734],[-0.00500187432194508,51.4146797446381],[-0.00337756803011669,51.4150605450667],[-0.00364831756378616,51.4156844500643],[-0.000824653306334501,51.4158894937257],[-0.000835156454936487,51.4160729234247],[-0.000316668689249068,51.4164485122311],[4.95733706703386E-05,51.4176633320704],[0.000109086160898451,51.4176942955806],[0.000534433139063031,51.4180035265636],[0.0017540211168705,51.4185573385321],[0.00222850255596848,51.4182460890455],[0.00351855588525931,51.4174046838294],[0.00546236882309686,51.4161532461551],[0.00561620598142766,51.4160513766332],[0.00610653656749134,51.4156637615488],[0.00618765689209738,51.4155572724394],[0.00644804161418472,51.4152154537134],[0.00505334110183663,51.4147145246425]]]},"properties":{"FID":132,"MSOA21CD":"E02000137","MSOA21NM":"Bromley 011","MSOA21NMW":" ","BNG_E":538881,"BNG_N":169061,"LAT":51.40358,"LONG":-0.00474,"Shape__Area":1859458.4821624756,"Shape__Length":10506.247359224422,"GlobalID":"42e402c0-0fa5-4040-9571-927665518833"}},{"type":"Feature","id":133,"geometry":{"type":"Polygon","coordinates":[[[-0.0178211321995018,51.4157422203901],[-0.0179630651210593,51.415079144447],[-0.0142814640060982,51.4151181629168],[-0.0144628186098378,51.414248609514],[-0.0142360962086914,51.41365665816],[-0.0135877468205132,51.4136211860472],[-0.0105188106653289,51.4135495835593],[-0.00768282557602359,51.4145297935412],[-0.00698680950450576,51.4132054818893],[-0.00644311131816385,51.4123543474867],[-0.00475073569712999,51.4100868373495],[-0.00245314348038154,51.4084770726009],[-0.00329134033130272,51.4075315701398],[-0.00489785731494784,51.4073415693557],[-0.00464689678325983,51.4079461473445],[-0.0064343843525491,51.4083376163102],[-0.00598371113547361,51.4070834487636],[-0.00632796567654344,51.4069915578592],[-0.00663785427092248,51.4073260018751],[-0.00759734707579169,51.4074341698588],[-0.00786020874816775,51.4079926758567],[-0.00715714228380038,51.4081950505629],[-0.00751759568230933,51.4092673582544],[-0.0082748692649284,51.4085671981767],[-0.01103013245989,51.4088486280503],[-0.0107274197773165,51.4094677642875],[-0.0110702497652222,51.4095043562762],[-0.0116054435120249,51.4089325905081],[-0.0120532569775303,51.4089558435627],[-0.0127015143807631,51.4090219817778],[-0.0127378596972103,51.4086209298384],[-0.0113677979235088,51.4081822040159],[-0.0114193388403665,51.4072604374079],[-0.0129587349045306,51.4068154067587],[-0.0141150271516985,51.4069250840521],[-0.0137196406333555,51.4059745096726],[-0.0140910393919798,51.4058260797033],[-0.0148181585918471,51.4061162852163],[-0.0156705196829891,51.405579830293],[-0.0155461673287718,51.405260320908],[-0.0161488426014396,51.4047524586821],[-0.0159426498001478,51.4045714402311],[-0.0152625872497859,51.4048081953306],[-0.0138288314462624,51.4041991407221],[-0.0140989691596752,51.4036183610221],[-0.0137782414890792,51.4034908131464],[-0.0134104271499881,51.4023537704919],[-0.0105082499343556,51.4006288544627],[-0.00954337188358935,51.4003850930768],[-0.00980202526780679,51.4000289197063],[-0.009214577789055,51.3991514870865],[-0.00985019782776304,51.399063353517],[-0.0137812002222136,51.3993729609968],[-0.0178806996931593,51.3991848895347],[-0.0179444721239973,51.3990102510566],[-0.0196648945928505,51.3976199908435],[-0.0196283858810291,51.3971337702522],[-0.0207985382647935,51.3966679227263],[-0.0231072438236392,51.3946977391955],[-0.0240656059554507,51.3953479840856],[-0.0241094815942976,51.3956148622296],[-0.0255916428713931,51.3961281667812],[-0.0273280554621902,51.3965407861306],[-0.0283786249643858,51.3963161012539],[-0.0287051508398676,51.3966701758721],[-0.0279060449440364,51.396878508579],[-0.0239948054723794,51.3978816966722],[-0.0240964776918081,51.3982177223847],[-0.0255417036875016,51.3987930866675],[-0.0264114636776796,51.3987107975593],[-0.0278981666802658,51.3998066111305],[-0.0292490201090749,51.3989850073718],[-0.0301703124401564,51.4013397305702],[-0.0298161459037735,51.4024526200419],[-0.0279862291461487,51.4023625021252],[-0.027445700040953,51.4020424436508],[-0.0270076894701957,51.4024509142706],[-0.0270494775686909,51.4038070275787],[-0.0283334371388246,51.4042930916961],[-0.0283111655543631,51.4056399069892],[-0.0283579478100523,51.4059646087787],[-0.0283398775559442,51.4064348581183],[-0.0257918509913808,51.4063589608161],[-0.0252128663666052,51.4070738404741],[-0.0255697550349033,51.4076968536265],[-0.0248941660623864,51.4075915353428],[-0.0202501013614886,51.4072409617054],[-0.020107106721304,51.4072429815655],[-0.0201115640942064,51.4072498725597],[-0.021687076389197,51.4080588490754],[-0.0230940452475127,51.4081095583745],[-0.0241635969945141,51.4086491748084],[-0.0237064990494325,51.4092483307206],[-0.0231148435134124,51.4089001064096],[-0.0217185694602705,51.409528597031],[-0.0196728171402311,51.4091852285418],[-0.019725453282927,51.4086751940886],[-0.0183895597943233,51.4084093841512],[-0.0180120234364115,51.408529306894],[-0.0182259312814159,51.4090063873221],[-0.0164249095636292,51.4090560975763],[-0.0163075461675242,51.4094409961895],[-0.0168996810452848,51.4095055322789],[-0.0187742963074837,51.4097122595584],[-0.0191624080740628,51.4091597901282],[-0.0190776359563507,51.4097402087451],[-0.0231784944345552,51.4101523724988],[-0.0236086125754719,51.4101696413455],[-0.0238566745314172,51.4108792352456],[-0.0238955603521264,51.4109095402261],[-0.0250185592308117,51.4110913944474],[-0.0249601611617249,51.4118550238097],[-0.0255169654191825,51.4119202741969],[-0.0254327605441957,51.4123106321986],[-0.024418678757315,51.412784671468],[-0.0213879354771345,51.4162674760603],[-0.0209749299537837,51.4160287681274],[-0.0178211321995018,51.4157422203901]]]},"properties":{"FID":133,"MSOA21CD":"E02000138","MSOA21NM":"Bromley 012","MSOA21NMW":" ","BNG_E":538069,"BNG_N":169443,"LAT":51.40721,"LONG":-0.01626,"Shape__Area":2099017.6570281982,"Shape__Length":12359.21056985386,"GlobalID":"79fbf68a-1502-4e30-9fbc-84fab455d980"}},{"type":"Feature","id":134,"geometry":{"type":"Polygon","coordinates":[[[-0.0345484860985553,51.4193325007663],[-0.0352540383610772,51.4154767826931],[-0.0352030653616861,51.4138324268025],[-0.0355928834259922,51.4112969628378],[-0.0368595820416228,51.4102986526962],[-0.0388135540264169,51.4095383437532],[-0.0402026490871376,51.408808882219],[-0.039904215897392,51.4087605191328],[-0.0367178763208986,51.4081579994748],[-0.0367731167460186,51.4084287326581],[-0.0356620670686424,51.408365062675],[-0.0358865670893245,51.4079724819371],[-0.0332654562330225,51.4076453355244],[-0.0326108863755992,51.407970876876],[-0.0314982776973875,51.4079992717074],[-0.0316055637010423,51.4077772489145],[-0.032778078401494,51.4064836960744],[-0.0328232370176886,51.406448284356],[-0.0351516188029714,51.4039701181919],[-0.0355896734330544,51.4040974379776],[-0.0346254920077692,51.4047286640447],[-0.0387434320732726,51.405831150348],[-0.0385118575549895,51.4061687795321],[-0.0390194139504531,51.406170644997],[-0.0398172367967073,51.4052021486791],[-0.0413123471492064,51.4052593928191],[-0.0413968162607347,51.4051648954101],[-0.0423295375171731,51.4050846864734],[-0.0419220851569019,51.4048241460161],[-0.0424513283183681,51.4042225890419],[-0.0429523323305599,51.4043355520177],[-0.0440423161252793,51.4031551834591],[-0.0446794306488715,51.4035001245361],[-0.0469739224528846,51.4007759599405],[-0.0473935877925641,51.4003575736534],[-0.0484807888532971,51.3995756316765],[-0.046941397055813,51.3988064495822],[-0.047893030460929,51.3984353272483],[-0.0492840614055592,51.3989137196464],[-0.0504468238226534,51.3980381016922],[-0.0508330058626212,51.3977163392791],[-0.0521042199421907,51.3982912445131],[-0.0506296874967585,51.3995621309109],[-0.0519866501269144,51.4005604192054],[-0.0513619706869766,51.4009056645813],[-0.0517230958201381,51.4013661083476],[-0.0513474509606595,51.4017145476513],[-0.0527107619958471,51.4020332245274],[-0.0531656916767218,51.401876355036],[-0.0522965627487314,51.4023933308359],[-0.0524861147123221,51.4031651405093],[-0.0511962421357746,51.4040788753845],[-0.0518705852441883,51.4044094394386],[-0.0541655952518706,51.4031497721941],[-0.0543319757865154,51.4035012846053],[-0.0550497940067862,51.4035812134872],[-0.0547521864569343,51.4042345160032],[-0.0518713990528965,51.4055644762912],[-0.0502720874192561,51.4063431787615],[-0.0501420892373143,51.4059283785416],[-0.0486082737157452,51.4066760489842],[-0.0489532026354039,51.4069690414317],[-0.0494676372789063,51.4073822826761],[-0.0509020579054383,51.4085208915795],[-0.0505816245852849,51.4086782424255],[-0.0506996476767185,51.4093614634442],[-0.0501722687546973,51.4095800770152],[-0.0482145738710693,51.4106948980295],[-0.0481353800121155,51.4110580618301],[-0.0492088998757097,51.4115662821742],[-0.0489070389454284,51.4117704775317],[-0.0497957450546775,51.4122673513356],[-0.0490989606880407,51.4125679169985],[-0.04808585020242,51.4130008651794],[-0.0467799758718013,51.4130436652886],[-0.0461335782489867,51.4146464203618],[-0.0451877618704147,51.4144634348638],[-0.0451150862504581,51.4140390526838],[-0.0439173122940604,51.4136064468818],[-0.0428491144756395,51.4143322639368],[-0.0417139400377017,51.4162176921091],[-0.0425683252778934,51.4164387294772],[-0.0422443365555548,51.416929213168],[-0.0401240472563879,51.4165269376847],[-0.0386649308052073,51.4182294429183],[-0.0372518134738965,51.4193570376067],[-0.0343905669758938,51.4200016673304],[-0.0345484860985553,51.4193325007663]]]},"properties":{"FID":134,"MSOA21CD":"E02000139","MSOA21NM":"Bromley 013","MSOA21NMW":" ","BNG_E":536188,"BNG_N":169591,"LAT":51.409,"LONG":-0.04323,"Shape__Area":1531190.1961898804,"Shape__Length":9557.9411057409343,"GlobalID":"ca11768d-a92e-4d95-8569-518e189cd2c0"}},{"type":"Feature","id":135,"geometry":{"type":"Polygon","coordinates":[[[0.108905543079004,51.4138092961309],[0.113102633952814,51.4129274221961],[0.11550835889624,51.4131237718788],[0.118881156351115,51.4132749158412],[0.118776469364484,51.4118850104519],[0.117289647591173,51.4121719897103],[0.117030801844979,51.4114129569511],[0.115567302244495,51.4114651246634],[0.115083231920639,51.4109861174835],[0.115249442804677,51.4103971639515],[0.114934667895811,51.4095582014512],[0.11679994783366,51.4092942034433],[0.116877377622035,51.4085573481576],[0.115574977184797,51.4074234615742],[0.116320588083494,51.4072778242241],[0.117980662372041,51.4069535356988],[0.117774196241069,51.4054198034979],[0.116331345189477,51.404337899034],[0.11631755556956,51.403068004881],[0.115842699846215,51.4025231183553],[0.115535177971429,51.4020761390189],[0.114351135058126,51.4022201482231],[0.113863687209103,51.4005990850774],[0.113905043395074,51.4003003731472],[0.113155725161776,51.4003223278308],[0.113120537122685,51.3981784054075],[0.11253953231595,51.3966140128852],[0.111853158611771,51.3946523760368],[0.110482499806581,51.3947308805488],[0.109735736344843,51.3947661263312],[0.108311675514162,51.3947888852798],[0.105800143952439,51.3947331730849],[0.105590494955611,51.3947273948437],[0.102329562770983,51.3946384292611],[0.101390400606693,51.3946454846954],[0.0996916628464901,51.3949277478565],[0.0996148669356086,51.3958874352317],[0.0989370070464063,51.3961017961906],[0.0991020714054967,51.3964103394265],[0.100320218374662,51.3961471073974],[0.100951763424405,51.3964024125962],[0.102167890872176,51.3959749561053],[0.102631272554731,51.3960475661428],[0.102497057418806,51.3965275210693],[0.102894600480433,51.3965637597318],[0.102885408917816,51.397027827072],[0.102938861843314,51.3971121617143],[0.104303483663826,51.3975780314786],[0.103220985938557,51.3976683939927],[0.103256438358859,51.3984276692617],[0.102589929978192,51.3989079605289],[0.102306334947023,51.3989939876045],[0.101972518943796,51.398562968438],[0.101055119489747,51.3988607631014],[0.101179955142119,51.3999905202537],[0.100661414176312,51.3998058740449],[0.100406210105436,51.3987569884683],[0.0997784988621571,51.3985519241836],[0.0994693480554406,51.3987241560644],[0.0997486750297361,51.4000282103017],[0.101279569298773,51.4003389806232],[0.101794733287572,51.4007245077901],[0.102493370820803,51.400649481988],[0.102893034062225,51.4009751523651],[0.102637676423904,51.4021444787344],[0.103583297935425,51.4037393083438],[0.103866600438128,51.4043413942167],[0.10395814436835,51.4046027708484],[0.104703998524654,51.4045623864809],[0.104791564318194,51.4056072699893],[0.104251199352878,51.4056418320031],[0.104268277669437,51.4079155438054],[0.10417780691095,51.4087615986907],[0.102555124847794,51.4086587110778],[0.102600044266237,51.4081454228327],[0.101753933360458,51.4081434014496],[0.101672200719387,51.4095241651642],[0.101640043664425,51.4091849181514],[0.101062913530674,51.4091488360165],[0.100372401921915,51.409496119795],[0.0995446297152745,51.4107112868469],[0.100479108131308,51.4111289796157],[0.102672442438319,51.4113308812204],[0.103326044710276,51.4125710893877],[0.104536463473116,51.4152523051803],[0.107041543545845,51.4143534718824],[0.108905543079004,51.4138092961309]]]},"properties":{"FID":135,"MSOA21CD":"E02000140","MSOA21NM":"Bromley 014","MSOA21NMW":" ","BNG_E":546780,"BNG_N":169358,"LAT":51.40426,"LONG":0.10886,"Shape__Area":1886019.3890457153,"Shape__Length":8920.5201980614947,"GlobalID":"fe48a486-357a-47ef-a1f6-1e8cc88f7b9d"}},{"type":"Feature","id":136,"geometry":{"type":"Polygon","coordinates":[[[-0.0522309331444373,51.40999704521],[-0.0517267028113059,51.4095981403358],[-0.0506996476767185,51.4093614634442],[-0.0505816245852849,51.4086782424255],[-0.0509020579054383,51.4085208915795],[-0.0494676372789063,51.4073822826761],[-0.0489532026354039,51.4069690414317],[-0.0486082737157452,51.4066760489842],[-0.0501420892373143,51.4059283785416],[-0.0502720874192561,51.4063431787615],[-0.0518713990528965,51.4055644762912],[-0.0547521864569343,51.4042345160032],[-0.0550497940067862,51.4035812134872],[-0.0543319757865154,51.4035012846053],[-0.0541655952518706,51.4031497721941],[-0.0518705852441883,51.4044094394386],[-0.0511962421357746,51.4040788753845],[-0.0524861147123221,51.4031651405093],[-0.0522965627487314,51.4023933308359],[-0.0531656916767218,51.401876355036],[-0.0527107619958471,51.4020332245274],[-0.0513474509606595,51.4017145476513],[-0.0517230958201381,51.4013661083476],[-0.0513619706869766,51.4009056645813],[-0.0519866501269144,51.4005604192054],[-0.0526181308180428,51.401143863493],[-0.0529642707216125,51.4014609014526],[-0.0565175546337345,51.4005839282709],[-0.0593883184679191,51.3992512703556],[-0.0606298077768901,51.3991925553159],[-0.0601524908034907,51.3995465409022],[-0.0621617386629723,51.4015328457196],[-0.063418598367437,51.401547889324],[-0.0637295776425841,51.4015598386531],[-0.0644300074879713,51.4018280975328],[-0.0656765204172431,51.4023532924106],[-0.0681675221053943,51.4035811456239],[-0.0685727550437917,51.4038393554416],[-0.0685784883450089,51.4038442143801],[-0.0671092848332853,51.4048557938307],[-0.0664198798106675,51.4052337920963],[-0.065533377419419,51.4057099050268],[-0.0650384385023925,51.4059742046399],[-0.0636590519968411,51.4066906719911],[-0.0626124966565909,51.4071811694746],[-0.0602273551940719,51.408314784301],[-0.0601718555690594,51.4083415176392],[-0.0595691005798845,51.4086319791586],[-0.0602131309503544,51.4091912552249],[-0.059480031037028,51.4095525883288],[-0.0597191761024203,51.4096664750987],[-0.0583303541468159,51.4095391972774],[-0.0573041656800401,51.410428178808],[-0.0567733587229698,51.4106639515702],[-0.0565475790663353,51.4103057416337],[-0.0560696761452668,51.4100460090303],[-0.0550495975106716,51.410333831897],[-0.055173489839485,51.4108495093038],[-0.0545601424672146,51.4109825429427],[-0.0530621242061932,51.4110708873938],[-0.0524306246529965,51.4112166751096],[-0.0524063854219047,51.4107294499744],[-0.0517746274262239,51.4104661781812],[-0.0522309331444373,51.40999704521]]]},"properties":{"FID":136,"MSOA21CD":"E02000141","MSOA21NM":"Bromley 015","MSOA21NMW":" ","BNG_E":535131,"BNG_N":169070,"LAT":51.40457,"LONG":-0.05862,"Shape__Area":938149.8537902832,"Shape__Length":5521.119144621608,"GlobalID":"d4ae42b8-58ad-431d-a907-70ceead916e5"}},{"type":"Feature","id":137,"geometry":{"type":"Polygon","coordinates":[[[0.0427339920318538,51.4132933990128],[0.0431447838384113,51.4127134772956],[0.0451989632046171,51.4128885853368],[0.0445478725512179,51.4122074889156],[0.0435272312090843,51.4118270045409],[0.0423440531383419,51.4119971699308],[0.0414592796488473,51.4116240043058],[0.0411120872207397,51.4110549724529],[0.0397460779611736,51.4109617094473],[0.0394549866240806,51.4106982906366],[0.0411412391206843,51.4104621137042],[0.0403561986466992,51.4099666182145],[0.0405069522819024,51.4097309896469],[0.0412824036091677,51.4098714237082],[0.0415044227844599,51.410393263672],[0.0424234998496969,51.4099030824906],[0.0418697022261066,51.4096448657317],[0.0423555013075036,51.4091483621028],[0.0414344617768877,51.4087341476174],[0.0410652704817205,51.4089648371671],[0.0408369742115397,51.4080466026517],[0.0400757668646301,51.4076399947355],[0.0402919278351611,51.4073244640269],[0.0396062981568148,51.4073143593437],[0.0397383001875442,51.4069596911113],[0.0405323299675628,51.4069601930454],[0.0412958526702255,51.4052166264197],[0.0368906738763897,51.4047624589316],[0.0386446533223953,51.4041206661121],[0.0439411707829968,51.4016792299269],[0.0445962840808398,51.4015429304968],[0.0454607378694373,51.4002428575637],[0.0400372435746043,51.3998587850487],[0.0398044486195996,51.3998456404979],[0.04032964238991,51.3979317825414],[0.0394882461370496,51.3971306968645],[0.0413905197290741,51.3965920904669],[0.0414754286409638,51.3963287394682],[0.0398706014942284,51.3961228580492],[0.0391846420540219,51.3960628201509],[0.0388747175676487,51.3963569784729],[0.037506472738329,51.397576330135],[0.0366854329572358,51.3996894760131],[0.0338718463081145,51.3996201059009],[0.0308263830546427,51.399636634889],[0.028393516673891,51.3998541668631],[0.0282411120060456,51.3997097115296],[0.0234811802770637,51.3998593391518],[0.0233708267942734,51.399457180505],[0.0238812896136763,51.3993303175973],[0.0234456520755058,51.398583611003],[0.0239768649783442,51.3985294811543],[0.0239818809179706,51.3980745597631],[0.0245992772344995,51.398361547245],[0.0268472248718297,51.3980389198723],[0.0267042738041945,51.3965855841674],[0.0261538909279193,51.3963269095527],[0.0256981901082908,51.3962526440627],[0.0257235044444716,51.3954328580793],[0.025263989274132,51.3957477112035],[0.0238557796659099,51.3966110830862],[0.0225347447744165,51.3972388417574],[0.0215201685537392,51.3977151612976],[0.0203306102506597,51.3983225785252],[0.0196502958310068,51.3999819137665],[0.0192307566791772,51.4008563223649],[0.0206362659757903,51.4013511906093],[0.0231815655835219,51.4014739053054],[0.0244012576703408,51.4019198427533],[0.0245026523544566,51.4022548815014],[0.0251479605674809,51.4022760051074],[0.0251030215560083,51.4028714926581],[0.0238112029016011,51.4045035048806],[0.0244429885365631,51.4043631750663],[0.0248012957295813,51.4049097216274],[0.0261333007410182,51.403996427727],[0.0266514918390895,51.4044769505533],[0.0270869966416513,51.4044037485784],[0.0270928669643234,51.4048094826416],[0.0277257759888365,51.4047344663325],[0.0275031306102664,51.4053284678026],[0.0279240441500438,51.4058421746129],[0.0264648732556027,51.4060523489638],[0.0264786222266042,51.4068953245061],[0.0265603338416349,51.4073050310323],[0.0266860032132112,51.4076791711378],[0.0260363228117089,51.4077419719615],[0.0264307635023067,51.4092028091517],[0.0273256935375883,51.4095029354705],[0.0277387638274378,51.4101476325086],[0.0278999168725884,51.4101843242028],[0.0280441258289667,51.4102312908347],[0.0292115711735944,51.4111946879824],[0.0296865362309077,51.4108188834425],[0.0325139966565925,51.4117107480389],[0.0328444842903991,51.4119504972746],[0.0379069410139043,51.4135636236976],[0.0396025575723281,51.4140716998586],[0.0448666185584606,51.4138134885534],[0.0445457004155923,51.413487022999],[0.0427339920318538,51.4132933990128]]]},"properties":{"FID":137,"MSOA21CD":"E02000142","MSOA21NM":"Bromley 016","MSOA21NMW":" ","BNG_E":541469,"BNG_N":169378,"LAT":51.40579,"LONG":0.032565,"Shape__Area":1782197.5801467896,"Shape__Length":10579.012082310988,"GlobalID":"ce9bbb31-b4f5-4ae7-9740-6d06d425288d"}},{"type":"Feature","id":138,"geometry":{"type":"Polygon","coordinates":[[[0.0193088011414081,51.4086740121039],[0.0193546983152578,51.406846519366],[0.0187429474552273,51.4063420981388],[0.0226789150027131,51.4070511315134],[0.0242879508724514,51.407029660267],[0.0257264039964259,51.4069399252549],[0.0264786222266042,51.4068953245061],[0.0264648732556027,51.4060523489638],[0.0279240441500438,51.4058421746129],[0.0275031306102664,51.4053284678026],[0.0277257759888365,51.4047344663325],[0.0270928669643234,51.4048094826416],[0.0270869966416513,51.4044037485784],[0.0266514918390895,51.4044769505533],[0.0261333007410182,51.403996427727],[0.0248012957295813,51.4049097216274],[0.0244429885365631,51.4043631750663],[0.0238112029016011,51.4045035048806],[0.0251030215560083,51.4028714926581],[0.0251479605674809,51.4022760051074],[0.0245026523544566,51.4022548815014],[0.0244012576703408,51.4019198427533],[0.0231815655835219,51.4014739053054],[0.0206362659757903,51.4013511906093],[0.0192307566791772,51.4008563223649],[0.0196502958310068,51.3999819137665],[0.0203306102506597,51.3983225785252],[0.0215201685537392,51.3977151612976],[0.0225347447744165,51.3972388417574],[0.0238557796659099,51.3966110830862],[0.025263989274132,51.3957477112035],[0.0245488261375433,51.3953843595919],[0.0240043251635935,51.3959863597559],[0.0216353743054894,51.3956472596606],[0.0214499608401119,51.3954095270836],[0.0199462458209325,51.3956803593986],[0.0192165843664855,51.3941819585836],[0.0179544292945174,51.3940150023082],[0.0176476343534,51.3933069008853],[0.0179903695297232,51.3927990564159],[0.017468648965898,51.3924250396574],[0.0179117290052493,51.3920070451059],[0.0183953757352977,51.3924748734519],[0.0189901680636906,51.3920328836038],[0.0183114379860729,51.391307177616],[0.0183171558891519,51.3901290542799],[0.0174482914081804,51.3899821391979],[0.0174365123854897,51.3887323763014],[0.0169285597304342,51.388597997329],[0.0164228091905219,51.3890201546812],[0.0157965994889588,51.3889657966309],[0.0137932412771993,51.3888487545295],[0.0115113257895402,51.3887198200047],[0.0120260717650015,51.3886841378055],[0.0118183604141728,51.3882805598241],[0.0109894467929928,51.3885371346614],[0.0105182342725553,51.3882936519889],[0.00955379574623045,51.3885889517791],[0.00921363656341167,51.3883699664238],[0.00835542719284227,51.3884656000626],[0.00810167978514714,51.3887465113627],[0.00805910567064083,51.3890308474838],[0.0063368776374636,51.3892080005562],[0.0062142520320796,51.3898320141962],[0.00714654787858996,51.3910198039947],[0.0080237701072017,51.3914022394907],[0.00738353975701296,51.3919790293276],[0.00650747703339738,51.3928026974992],[0.00651483925099902,51.3931125370966],[0.00799268384033018,51.3936407514415],[0.0116422484500888,51.394765854505],[0.0112143122012456,51.3952259888014],[0.0104906591877715,51.3949545741751],[0.00954158771384372,51.3959355880483],[0.00912434943865322,51.3958716241294],[0.00849066143515918,51.3962898748835],[0.00850682740557825,51.3973502187145],[0.00967889892332862,51.3978100888444],[0.0103054515417558,51.3973672198698],[0.0109834506888091,51.3977288041484],[0.0102667413534674,51.3982788536064],[0.00994574356382461,51.3984988785778],[0.0109131976846127,51.3987779311642],[0.0101351349735879,51.3994545009786],[0.00842139077787114,51.3986639868947],[0.00683904354067062,51.399978033844],[0.00538149771869075,51.4011653914051],[0.00464006648851793,51.4019366797692],[0.00617682879957109,51.4015617089355],[0.00649139286806569,51.4017861870701],[0.00519139322342476,51.4025166142606],[0.00616424410256707,51.4027863131093],[0.0057767016825741,51.4030871482829],[0.00497767031138726,51.4037137493711],[0.00285472880167707,51.4053741821654],[0.00176160890218938,51.4062196777784],[0.00174970972151418,51.4062309060945],[0.00227545345426421,51.4066785120094],[0.00428030118734103,51.4069169661416],[0.00505365551204836,51.4073204077768],[0.00616576343051283,51.4071792451986],[0.00693268727336812,51.4075670380703],[0.00709203709668381,51.407798815801],[0.00733138751680081,51.4073689633018],[0.00797247850038763,51.4073492993612],[0.00803992855374677,51.4073230453525],[0.00898928755777509,51.4064641306087],[0.00936093514103964,51.406764902544],[0.0107456082854802,51.4060908328177],[0.0117102059070742,51.404666769234],[0.011306972641596,51.40424057523],[0.0120579208777774,51.4036695527554],[0.0132629014880598,51.4037603799209],[0.0140614256354136,51.4041758660933],[0.0137567486574483,51.4054320076753],[0.0143568702657656,51.405673488983],[0.0151208601966985,51.4051613237056],[0.0151580478442563,51.4039340026588],[0.016652800214702,51.4037983870674],[0.0162630192541816,51.4053556383334],[0.0174365912703224,51.4055418203577],[0.0175109983980186,51.4059140382681],[0.0172939327557164,51.4063017474115],[0.0154113463440689,51.4064377433475],[0.0138709132284096,51.4081092103183],[0.0139179364074816,51.4081174764101],[0.0162498253132171,51.4081632925072],[0.018068063389584,51.4071646586348],[0.0186352333856625,51.4079566760621],[0.0183460967711861,51.4084396114663],[0.0193088011414081,51.4086740121039]]]},"properties":{"FID":138,"MSOA21CD":"E02000144","MSOA21NM":"Bromley 018","MSOA21NMW":" ","BNG_E":540235,"BNG_N":168379,"LAT":51.39712,"LONG":0.014441,"Shape__Area":1985273.2775115967,"Shape__Length":11947.278111387328,"GlobalID":"067855a1-1fb4-4408-9b55-d5a445ad35b2"}},{"type":"Feature","id":139,"geometry":{"type":"Polygon","coordinates":[[[0.128862172335823,51.414970906711],[0.132348098366221,51.4144149970009],[0.137959158472708,51.4122043706269],[0.139573351790747,51.4115336027561],[0.148828849317671,51.4085094173623],[0.151099842577108,51.4066422044006],[0.152708592530135,51.4063464074118],[0.15465247280215,51.4045983026715],[0.155248467381843,51.4039714537948],[0.154966905744199,51.403659202944],[0.155513796766392,51.4035749478746],[0.156502453171654,51.4023935423523],[0.157507407745973,51.4001052742533],[0.157927971784754,51.3979026230417],[0.158981250053997,51.3958199131058],[0.161798323578466,51.3929207141454],[0.162384816338543,51.3924901656293],[0.161377901135322,51.3923762315352],[0.155733557932457,51.3923850255144],[0.148062028459551,51.3927698964955],[0.147533924029833,51.3921561905137],[0.149834579832922,51.3908717305201],[0.148655124900068,51.3886672631817],[0.149416505962978,51.3878549276531],[0.148901993694687,51.387572108404],[0.150458684320585,51.3860180227281],[0.149991318183842,51.385840960145],[0.149800346299487,51.3848703381223],[0.149787308100743,51.3836713140053],[0.150466630997237,51.3834472272986],[0.150373224678699,51.3810922456337],[0.149608877816874,51.3810897209068],[0.149613355423536,51.3800898491426],[0.151133541090208,51.3798953059386],[0.150974520916823,51.3790852094655],[0.152352476694308,51.3786899629915],[0.152189646627311,51.3783362679293],[0.153236144838227,51.378036165749],[0.152577568594269,51.3763235418729],[0.152536227838056,51.3752301282678],[0.151736597693133,51.375436330879],[0.149684546586316,51.3736111288783],[0.150891015524155,51.3729131755345],[0.150982907207985,51.3721141211291],[0.15012709776811,51.3701573741334],[0.152057597026499,51.3696937118025],[0.151623779888891,51.3683884211829],[0.151078824055101,51.3683030030126],[0.149518746670142,51.3691084672811],[0.148845431478405,51.3680027679402],[0.147336471521938,51.3669944994914],[0.145960946560143,51.3671314077972],[0.143984583841702,51.3678424000012],[0.141816267102767,51.3678083449516],[0.139669194230178,51.3690391952178],[0.132249607727577,51.3697791186207],[0.128589285932975,51.3719512360035],[0.131084118148471,51.3743409742913],[0.126355744964572,51.3755758756048],[0.124513631055983,51.3767251930153],[0.124488256279451,51.3773204001998],[0.126154286437007,51.3779134499648],[0.127581636942718,51.3789358227159],[0.128490451126408,51.3804996705773],[0.127919086039316,51.3807282587509],[0.125331156231191,51.3811685389904],[0.123577610126113,51.3818410087051],[0.121918258403238,51.3825703198691],[0.119388334013969,51.3828944000675],[0.119561667901247,51.3837475883109],[0.119854525921748,51.3847511639454],[0.11933421972434,51.3856792491656],[0.118286432495596,51.3870154703701],[0.117079289913063,51.3872810211532],[0.116239384139045,51.3878168443947],[0.116433502139972,51.3884349707869],[0.115040494180833,51.38865654822],[0.11445242264972,51.3881088143872],[0.114645465713618,51.3892588012326],[0.114291555453387,51.389504201994],[0.115232766098019,51.3896907351304],[0.115317653057219,51.3901832750934],[0.114415889612396,51.390114452134],[0.114914203619353,51.3908712951358],[0.114718125917291,51.3919179827625],[0.11460556944255,51.3925454558454],[0.112573615364337,51.3921789954808],[0.112570706003516,51.3926432865392],[0.111666890378809,51.3927734282244],[0.111853158611771,51.3946523760368],[0.11253953231595,51.3966140128852],[0.113120537122685,51.3981784054075],[0.113155725161776,51.4003223278308],[0.113905043395074,51.4003003731472],[0.113863687209103,51.4005990850774],[0.114351135058126,51.4022201482231],[0.115535177971429,51.4020761390189],[0.115842699846215,51.4025231183553],[0.11631755556956,51.403068004881],[0.116331345189477,51.404337899034],[0.117774196241069,51.4054198034979],[0.117980662372041,51.4069535356988],[0.116320588083494,51.4072778242241],[0.115574977184797,51.4074234615742],[0.116877377622035,51.4085573481576],[0.11679994783366,51.4092942034433],[0.114934667895811,51.4095582014512],[0.115249442804677,51.4103971639515],[0.115083231920639,51.4109861174835],[0.115567302244495,51.4114651246634],[0.117030801844979,51.4114129569511],[0.117289647591173,51.4121719897103],[0.118776469364484,51.4118850104519],[0.118881156351115,51.4132749158412],[0.121855493654315,51.4137825347779],[0.125498636676384,51.4148148680463],[0.126465530090702,51.4147653675345],[0.128862172335823,51.414970906711]]]},"properties":{"FID":139,"MSOA21CD":"E02000145","MSOA21NM":"Bromley 019","MSOA21NMW":" ","BNG_E":548773,"BNG_N":167929,"LAT":51.3909,"LONG":0.136893,"Shape__Area":11282412.917892456,"Shape__Length":17709.797832281154,"GlobalID":"2f40164b-764e-4755-aeaa-c61ea9178901"}},{"type":"Feature","id":140,"geometry":{"type":"Polygon","coordinates":[[[0.0454607378694373,51.4002428575637],[0.0458209210650832,51.3990092492905],[0.0462971182300995,51.3990413898925],[0.0465055526713798,51.3986658015264],[0.0471077489179858,51.3987342462474],[0.0472258249010851,51.398373246034],[0.0467961339411131,51.3981413456192],[0.0459508811621596,51.3983080380251],[0.0460953641513668,51.3975069172989],[0.0460753258215393,51.3969679815263],[0.0453449066010863,51.3954160128959],[0.0450954939769907,51.3928791199966],[0.045089563258244,51.3925878005362],[0.0443013763158315,51.3930492214185],[0.0447725378925739,51.3935442951943],[0.0443367401270355,51.3939872333537],[0.0421442332364712,51.3940261265205],[0.0415371528994665,51.3938009919796],[0.0418151690495744,51.3932522801651],[0.0425321540820747,51.3931110025352],[0.0418409403644997,51.3929700128023],[0.0421118712208471,51.3922434152566],[0.0428601625544163,51.3921997534085],[0.0418691418050577,51.3914196206729],[0.0418387765141211,51.3914149912376],[0.0420133560601203,51.3905249167358],[0.0426377492646742,51.389965258734],[0.0420455106327946,51.3895497376356],[0.0423239928548724,51.3892277991128],[0.0391461589466703,51.3890023648233],[0.0378657459190067,51.3888467445128],[0.038420452525631,51.388819312763],[0.0384602083964863,51.3883965037035],[0.0385824575743149,51.3873111892305],[0.0381926571777815,51.3868798732486],[0.0373189614148715,51.3865678716903],[0.0373013580458217,51.3865615850865],[0.0374501764201183,51.3863552854171],[0.0367583119475023,51.3872122651311],[0.0360145574784671,51.3886810624711],[0.035305443019764,51.3893043112027],[0.0293199673982739,51.3878267308069],[0.0269933059736231,51.3886549270787],[0.023972774228921,51.3896774732401],[0.0234548417307972,51.3908232914216],[0.022215833135649,51.3911051693996],[0.0193780137820687,51.3930278964799],[0.0183953757352977,51.3924748734519],[0.0179117290052493,51.3920070451059],[0.017468648965898,51.3924250396574],[0.0179903695297232,51.3927990564159],[0.0176476343534,51.3933069008853],[0.0179544292945174,51.3940150023082],[0.0192165843664855,51.3941819585836],[0.0199462458209325,51.3956803593986],[0.0214499608401119,51.3954095270836],[0.0216353743054894,51.3956472596606],[0.0240043251635935,51.3959863597559],[0.0245488261375433,51.3953843595919],[0.025263989274132,51.3957477112035],[0.0257235044444716,51.3954328580793],[0.0256981901082908,51.3962526440627],[0.0261538909279193,51.3963269095527],[0.0267042738041945,51.3965855841674],[0.0268472248718297,51.3980389198723],[0.0245992772344995,51.398361547245],[0.0239818809179706,51.3980745597631],[0.0239768649783442,51.3985294811543],[0.0234456520755058,51.398583611003],[0.0238812896136763,51.3993303175973],[0.0233708267942734,51.399457180505],[0.0234811802770637,51.3998593391518],[0.0282411120060456,51.3997097115296],[0.028393516673891,51.3998541668631],[0.0308263830546427,51.399636634889],[0.0338718463081145,51.3996201059009],[0.0366854329572358,51.3996894760131],[0.037506472738329,51.397576330135],[0.0388747175676487,51.3963569784729],[0.0391846420540219,51.3960628201509],[0.0398706014942284,51.3961228580492],[0.0414754286409638,51.3963287394682],[0.0413905197290741,51.3965920904669],[0.0394882461370496,51.3971306968645],[0.04032964238991,51.3979317825414],[0.0398044486195996,51.3998456404979],[0.0400372435746043,51.3998587850487],[0.0454607378694373,51.4002428575637]]]},"properties":{"FID":140,"MSOA21CD":"E02000146","MSOA21NM":"Bromley 020","MSOA21NMW":" ","BNG_E":541313,"BNG_N":168006,"LAT":51.3935,"LONG":0.029778,"Shape__Area":1796134.5690307617,"Shape__Length":8971.52393818529,"GlobalID":"3effea76-bd26-4c5d-8b27-d0b0360f72dd"}},{"type":"Feature","id":141,"geometry":{"type":"Polygon","coordinates":[[[0.00400798930884061,51.4032214145496],[0.00476939417578256,51.4027802511773],[0.0057767016825741,51.4030871482829],[0.00616424410256707,51.4027863131093],[0.00519139322342476,51.4025166142606],[0.00649139286806569,51.4017861870701],[0.00617682879957109,51.4015617089355],[0.00464006648851793,51.4019366797692],[0.00538149771869075,51.4011653914051],[0.00683904354067062,51.399978033844],[0.00842139077787114,51.3986639868947],[0.0101351349735879,51.3994545009786],[0.0109131976846127,51.3987779311642],[0.00994574356382461,51.3984988785778],[0.0102667413534674,51.3982788536064],[0.0109834506888091,51.3977288041484],[0.0103054515417558,51.3973672198698],[0.00967889892332862,51.3978100888444],[0.00850682740557825,51.3973502187145],[0.00849066143515918,51.3962898748835],[0.00912434943865322,51.3958716241294],[0.00954158771384372,51.3959355880483],[0.0104906591877715,51.3949545741751],[0.0112143122012456,51.3952259888014],[0.0116422484500888,51.394765854505],[0.00799268384033018,51.3936407514415],[0.00651483925099902,51.3931125370966],[0.00650747703339738,51.3928026974992],[0.00738353975701296,51.3919790293276],[0.0080237701072017,51.3914022394907],[0.00714654787858996,51.3910198039947],[0.0062142520320796,51.3898320141962],[0.0063368776374636,51.3892080005562],[0.00512978812484274,51.3892908202949],[0.00399028635320272,51.388495733234],[0.00263061360751419,51.3880852836131],[0.00260549790452223,51.3881581870627],[0.00239874587605351,51.3879993210693],[0.0018712889010362,51.3875102018763],[0.000742043692731788,51.3864642516835],[-7.88930375512902E-05,51.3866345002748],[-0.00132756703173402,51.38564983677],[-0.00199272590561014,51.3856123870875],[-0.00211768986092342,51.3861655616142],[-0.00286889974145131,51.386210275845],[-0.00339852417410949,51.3862380853717],[-0.00367518422543201,51.385822870594],[-0.00393214954513787,51.3862473945901],[-0.00533539768271483,51.3859452561216],[-0.00604263652337577,51.3867723229302],[-0.00738819857833778,51.3876820385973],[-0.0102867468715793,51.3870644400765],[-0.010408468835034,51.3875597996797],[-0.0114364652897702,51.3876078503892],[-0.0118013800059156,51.3889095339175],[-0.0133109616621058,51.3913921808201],[-0.0136490302022244,51.3913440961408],[-0.0136235765086572,51.3920545508165],[-0.0140287758148257,51.3920978869347],[-0.0143764550946261,51.3928598840155],[-0.0165217455169465,51.3953194032401],[-0.0179010316507662,51.3960012932078],[-0.0175215423484806,51.3974274263612],[-0.0179444721239973,51.3990102510566],[-0.0178806996931593,51.3991848895347],[-0.0137812002222136,51.3993729609968],[-0.00985019782776304,51.399063353517],[-0.009214577789055,51.3991514870865],[-0.00864568601783909,51.3992334124414],[-0.00860685047171067,51.3992385720222],[-0.00542945675124265,51.3998875362963],[-0.00478888011090892,51.3997597789697],[-0.00352829610122146,51.4002238150004],[-0.00283919073799523,51.3994119175539],[-0.000960882449666016,51.3972133317214],[-0.000361020337687147,51.3964076183775],[0.00170700102182423,51.3969717189539],[0.00157077964306132,51.3973142071756],[0.000355836497864183,51.3977373398183],[-6.71447678389843E-05,51.3975443074305],[-0.000127943633994512,51.3978279008683],[-0.000243506949698691,51.3981882178724],[0.00105898328968446,51.3987540419107],[0.00200618289813377,51.3996316387363],[0.00114952705876508,51.400034674431],[0.000210628180401577,51.4000651498848],[0.000387297379099303,51.4008323322093],[-0.00020806304152704,51.4010666874884],[0.000103820516808894,51.4015926179],[0.000842737549730672,51.401305424757],[0.00160598891803414,51.4015838098628],[0.00221596858847103,51.4018960708603],[0.00153883254268469,51.4027398664701],[0.00191843675982564,51.4028941953009],[0.00324364234750435,51.4020692777268],[0.00400798930884061,51.4032214145496]]]},"properties":{"FID":141,"MSOA21CD":"E02000147","MSOA21NM":"Bromley 021","MSOA21NMW":" ","BNG_E":539020,"BNG_N":168052,"LAT":51.39448,"LONG":-0.00314,"Shape__Area":2247507.6729660034,"Shape__Length":9257.1782705565874,"GlobalID":"30ed36ba-7794-4deb-9640-9c1bbc344c6a"}},{"type":"Feature","id":142,"geometry":{"type":"Polygon","coordinates":[[[0.0641417099974729,51.4007779932961],[0.0767452046028861,51.3959895811705],[0.0764739909260743,51.3952449893107],[0.0775019762313152,51.395093308223],[0.0789574048759172,51.3946146504561],[0.0772989560981134,51.394556877325],[0.0770780357561555,51.3950916768978],[0.0770643053348693,51.3951249154071],[0.0769841168164868,51.3951155148975],[0.0746532300753251,51.3948422348594],[0.072733668025377,51.3928046809125],[0.0731021990056969,51.392178357403],[0.0740378065054555,51.3922256676022],[0.0736664724609649,51.3915061779093],[0.0745169100839356,51.3905693467296],[0.0752325782771449,51.3908534351072],[0.0750387561760976,51.3913531953459],[0.0744435203547363,51.3913525654548],[0.0746824976013526,51.3916273165627],[0.0753083905593769,51.3915670789577],[0.077081870083037,51.3924132577546],[0.079752538221227,51.3927332676222],[0.0798017890326878,51.3924234578488],[0.0806468346344965,51.3922152973024],[0.0798342567600836,51.3919338836087],[0.0798029535504714,51.3916271567546],[0.0826924859303688,51.3917275829191],[0.0826680412325907,51.3912141684014],[0.0806766590949644,51.3911419004438],[0.0804328143647231,51.3905895243633],[0.0797389602298963,51.3905302859938],[0.0795313365241189,51.3900473907422],[0.0784643895532956,51.3899091724966],[0.0791640972976478,51.3895567789243],[0.0788169119781334,51.3889981307129],[0.0780164805762632,51.38889383088],[0.0783080197123695,51.3883545804462],[0.0774712224631184,51.3881105000861],[0.0776734364124911,51.3872434481204],[0.0774300655657079,51.3870229892217],[0.075904780317821,51.3871084207823],[0.0748843770821404,51.3881924053091],[0.0742301231697002,51.3888563588463],[0.0732164651090784,51.3885015126291],[0.073810671520563,51.3878994365456],[0.0733000977576157,51.3876799120281],[0.0714151358600392,51.3892986546002],[0.0695532161956919,51.3885445794891],[0.068379961308308,51.3885164109947],[0.0677170178582748,51.3888096020991],[0.0664689754659986,51.3885438509834],[0.0662752640539849,51.3879461204101],[0.0668940052093134,51.3878000559857],[0.0674175070073864,51.3881043525194],[0.06786992328408,51.3877367675581],[0.0667879366310487,51.3860108290653],[0.0673663219015614,51.3858582210546],[0.068108054422975,51.3865194662444],[0.0696373586302837,51.3860319680474],[0.0685073661554464,51.3842970681592],[0.0679272954517798,51.3834544436841],[0.0702435901019259,51.3832518148413],[0.0711517613161587,51.3829087568151],[0.0713384781545555,51.3825090237766],[0.0692896587433651,51.3817019025556],[0.0684070499323431,51.381011474501],[0.0652983119844222,51.3805201564427],[0.0639234530676087,51.3794088190369],[0.0593233816859263,51.3810227208521],[0.0582540568784415,51.3809066426107],[0.0588749414351113,51.3818185884238],[0.0595972442516948,51.3820793283594],[0.0615068492700055,51.3827044677007],[0.0622375784131257,51.3842191380111],[0.0623139003378497,51.385195156741],[0.0636181501572111,51.386459309898],[0.0642502383381178,51.3871496568443],[0.064829095929903,51.3880392069071],[0.0659659516737627,51.3902390930226],[0.0654942553104827,51.3912783895751],[0.0642335695802265,51.3911723091159],[0.0646012860927913,51.389260641936],[0.0641167985302582,51.3892585274109],[0.059293296542317,51.3899705677982],[0.0547638214204384,51.3911102178635],[0.0545005480544985,51.3906671682567],[0.0535247671818756,51.390521670196],[0.0518216095398284,51.3900694254455],[0.0492513638968307,51.3895387147123],[0.0476244532365141,51.3894514527435],[0.0467297927966024,51.3897483958976],[0.045260647995869,51.3900557914088],[0.0429936081351354,51.3894780443164],[0.0426377492646742,51.389965258734],[0.0420133560601203,51.3905249167358],[0.0418387765141211,51.3914149912376],[0.0418691418050577,51.3914196206729],[0.0428601625544163,51.3921997534085],[0.0421118712208471,51.3922434152566],[0.0418409403644997,51.3929700128023],[0.0425321540820747,51.3931110025352],[0.0418151690495744,51.3932522801651],[0.0415371528994665,51.3938009919796],[0.0421442332364712,51.3940261265205],[0.0443367401270355,51.3939872333537],[0.0447725378925739,51.3935442951943],[0.0443013763158315,51.3930492214185],[0.045089563258244,51.3925878005362],[0.0450954939769907,51.3928791199966],[0.0453449066010863,51.3954160128959],[0.0460753258215393,51.3969679815263],[0.0460953641513668,51.3975069172989],[0.0459508811621596,51.3983080380251],[0.0467961339411131,51.3981413456192],[0.0472258249010851,51.398373246034],[0.0471077489179858,51.3987342462474],[0.0465055526713798,51.3986658015264],[0.0462971182300995,51.3990413898925],[0.0458209210650832,51.3990092492905],[0.0454607378694373,51.4002428575637],[0.0445962840808398,51.4015429304968],[0.0460944766362648,51.4008630251501],[0.0469616762440555,51.4008874508852],[0.0474279298487316,51.4002652917506],[0.0492121672262201,51.4003699062915],[0.0492401934168318,51.3999162439343],[0.0499757886497602,51.3995260572812],[0.0492643554118512,51.3994352845991],[0.049187724594596,51.3990628647274],[0.054306125918374,51.3990722231194],[0.0561640515508701,51.3991475608403],[0.056813367585356,51.3986673778354],[0.0580502535907349,51.3990012888149],[0.0612609900931238,51.3982041471803],[0.0653618518208875,51.3977959867425],[0.0627581645530834,51.4004659851608],[0.0608298552394939,51.4024301270399],[0.0584884126308065,51.4045447943069],[0.0641417099974729,51.4007779932961]]]},"properties":{"FID":142,"MSOA21CD":"E02000148","MSOA21NM":"Bromley 022","MSOA21NMW":" ","BNG_E":543305,"BNG_N":167897,"LAT":51.39202,"LONG":0.058346,"Shape__Area":2832397.3172988892,"Shape__Length":16380.612260106529,"GlobalID":"6e179a10-7323-482b-9448-2f98e39d0e27"}},{"type":"Feature","id":143,"geometry":{"type":"Polygon","coordinates":[[[0.101055119489747,51.3988607631014],[0.101972518943796,51.398562968438],[0.102306334947023,51.3989939876045],[0.102589929978192,51.3989079605289],[0.103256438358859,51.3984276692617],[0.103220985938557,51.3976683939927],[0.104303483663826,51.3975780314786],[0.102938861843314,51.3971121617143],[0.102885408917816,51.397027827072],[0.102894600480433,51.3965637597318],[0.102497057418806,51.3965275210693],[0.102631272554731,51.3960475661428],[0.102167890872176,51.3959749561053],[0.100951763424405,51.3964024125962],[0.100320218374662,51.3961471073974],[0.0991020714054967,51.3964103394265],[0.0989370070464063,51.3961017961906],[0.0996148669356086,51.3958874352317],[0.0996916628464901,51.3949277478565],[0.101390400606693,51.3946454846954],[0.102329562770983,51.3946384292611],[0.105590494955611,51.3947273948437],[0.105800143952439,51.3947331730849],[0.108311675514162,51.3947888852798],[0.109735736344843,51.3947661263312],[0.110482499806581,51.3947308805488],[0.111853158611771,51.3946523760368],[0.111666890378809,51.3927734282244],[0.112570706003516,51.3926432865392],[0.112573615364337,51.3921789954808],[0.11460556944255,51.3925454558454],[0.114718125917291,51.3919179827625],[0.114914203619353,51.3908712951358],[0.114415889612396,51.390114452134],[0.115317653057219,51.3901832750934],[0.115232766098019,51.3896907351304],[0.114291555453387,51.389504201994],[0.114645465713618,51.3892588012326],[0.11445242264972,51.3881088143872],[0.115040494180833,51.38865654822],[0.116433502139972,51.3884349707869],[0.116239384139045,51.3878168443947],[0.114971974553813,51.3875057232052],[0.115162777576873,51.3871358267569],[0.114084897429499,51.386922528767],[0.114342166502346,51.3862061501096],[0.113911970778458,51.3859793585297],[0.113504551554734,51.386304040574],[0.113129543692087,51.385768899354],[0.1135773879577,51.3856805071352],[0.11301581335841,51.3846812803259],[0.112425781245849,51.3845216262968],[0.111616388832285,51.3834377705687],[0.110906552161045,51.3833474766525],[0.110927010291577,51.3833098887835],[0.108011772130041,51.382527063977],[0.107875891591543,51.3824937090312],[0.109419646721393,51.3842158398368],[0.108634982121706,51.3845232494593],[0.107409882927105,51.3840690968311],[0.107491750455565,51.3832535610353],[0.10667522130413,51.3831603244433],[0.106571491487353,51.3846332642198],[0.105689658775459,51.3846978488232],[0.105384155863799,51.3843505258208],[0.105182955772819,51.3841009440708],[0.104559962354675,51.3843877920467],[0.104107780600773,51.3838266366375],[0.103794180963753,51.3834819641029],[0.103156279686327,51.3835345554319],[0.100469576101162,51.3837800137394],[0.0972294663089304,51.3844990480541],[0.0988218746961344,51.3860889618087],[0.0989256151386721,51.3860780203643],[0.102017781828349,51.385528660115],[0.10237431346676,51.3866732214993],[0.101827575671612,51.386858693803],[0.102825921453164,51.3883372589264],[0.102322848580681,51.3885336184387],[0.101130305699191,51.3887244125269],[0.100778279257537,51.3879245453454],[0.100184502097795,51.3878272921457],[0.099624143369842,51.3881427590538],[0.0999485691527029,51.3889194338325],[0.0993250272362766,51.3889340190106],[0.0990136644273898,51.3877572763044],[0.0981007761359042,51.3875229471663],[0.0962699370497728,51.3878002596387],[0.0961683430666132,51.3874350529989],[0.0940767149327461,51.3876243298203],[0.0936518772659741,51.3873085047372],[0.0925943817343086,51.3875223294599],[0.0923751099571068,51.3875810125074],[0.0926771202385264,51.3880754553839],[0.0917707218586285,51.3881536080055],[0.0908935258345449,51.3887209105634],[0.091561570670471,51.3902444880373],[0.0912067461830166,51.3910459302896],[0.090592874063912,51.3911913328244],[0.089656111892663,51.3928174644666],[0.087566417590886,51.3947732306342],[0.0951254030241152,51.3949841952517],[0.0954174680394934,51.3949717909],[0.0953657662025338,51.3957001655298],[0.0948487163437943,51.3964089726723],[0.0954781731418772,51.3980865723642],[0.0960129952743597,51.3981055481875],[0.0989150226353585,51.3975723666589],[0.0990742351900856,51.3978848701007],[0.0994693480554406,51.3987241560644],[0.0997784988621571,51.3985519241836],[0.100406210105436,51.3987569884683],[0.100661414176312,51.3998058740449],[0.101179955142119,51.3999905202537],[0.101055119489747,51.3988607631014]]]},"properties":{"FID":143,"MSOA21CD":"E02000149","MSOA21NM":"Bromley 023","MSOA21NMW":" ","BNG_E":546392,"BNG_N":167902,"LAT":51.39128,"LONG":0.102686,"Shape__Area":1877571.8165664673,"Shape__Length":10363.045130186913,"GlobalID":"8564b6d1-5518-423f-8b9d-832f7c9d61ae"}},{"type":"Feature","id":144,"geometry":{"type":"Polygon","coordinates":[[[-0.0340853955157097,51.4016349861078],[-0.0316907369039577,51.400928596348],[-0.0315767411267093,51.4014356623236],[-0.0301703124401564,51.4013397305702],[-0.0292490201090749,51.3989850073718],[-0.0278981666802658,51.3998066111305],[-0.0264114636776796,51.3987107975593],[-0.0255417036875016,51.3987930866675],[-0.0240964776918081,51.3982177223847],[-0.0239948054723794,51.3978816966722],[-0.0279060449440364,51.396878508579],[-0.0287051508398676,51.3966701758721],[-0.0283786249643858,51.3963161012539],[-0.0273280554621902,51.3965407861306],[-0.0255916428713931,51.3961281667812],[-0.0241094815942976,51.3956148622296],[-0.0240656059554507,51.3953479840856],[-0.0231072438236392,51.3946977391955],[-0.0207985382647935,51.3966679227263],[-0.0196283858810291,51.3971337702522],[-0.0196648945928505,51.3976199908435],[-0.0179444721239973,51.3990102510566],[-0.0175215423484806,51.3974274263612],[-0.0179010316507662,51.3960012932078],[-0.0165217455169465,51.3953194032401],[-0.0143764550946261,51.3928598840155],[-0.0140287758148257,51.3920978869347],[-0.0136235765086572,51.3920545508165],[-0.0136490302022244,51.3913440961408],[-0.0133109616621058,51.3913921808201],[-0.0118013800059156,51.3889095339175],[-0.0114364652897702,51.3876078503892],[-0.0148555629560238,51.3877025997837],[-0.0158924897561221,51.3881853405182],[-0.016575780598184,51.3877689900405],[-0.0166542413631529,51.3877717828277],[-0.0185578540943845,51.3878612034283],[-0.0180441754089145,51.3854028847978],[-0.0205250764838769,51.3850708878931],[-0.0228898198225374,51.3869574684159],[-0.0232681045548319,51.3858611887351],[-0.0243673227392411,51.3844348051795],[-0.0243701920154479,51.3835876119331],[-0.0252108218799917,51.3814699673892],[-0.025817633183858,51.3815381884873],[-0.0267962652142076,51.3793736192901],[-0.0280156516319615,51.3793583448445],[-0.0281090205199233,51.3783764949078],[-0.0291537919858542,51.3775335684485],[-0.0316140917084099,51.3771460516507],[-0.0369256449438391,51.3770082288559],[-0.036487004583096,51.3789889226354],[-0.0369040435645187,51.3789521267584],[-0.0376134588594621,51.3814314481643],[-0.0378336785354469,51.3826212330573],[-0.037871619641589,51.3832303583305],[-0.0374430844866925,51.3848515115265],[-0.0367090532278948,51.3875324734977],[-0.036591061958942,51.3884783692324],[-0.0394441535536585,51.3888567215511],[-0.0413288696777409,51.3892615117304],[-0.041658360684913,51.3893434879763],[-0.0427461802384462,51.3894504578126],[-0.0442635346695819,51.3902357603373],[-0.0449228028836702,51.3906765395239],[-0.0450296679074547,51.3907559150512],[-0.0462103357457005,51.3919935723953],[-0.0468012584859199,51.3918413059469],[-0.0472026637357843,51.3922893885341],[-0.0459678337920882,51.3927896906469],[-0.0440939949488687,51.3926017086974],[-0.0440763811182834,51.3926537346893],[-0.0439977521371492,51.3930285270827],[-0.0417647609877853,51.3928770132401],[-0.0418783204441164,51.3934577210873],[-0.0429051722405132,51.3935493414415],[-0.0430509382267438,51.394713344206],[-0.0431529528143456,51.3950018178492],[-0.0426458640521152,51.3950652923717],[-0.0414759337754939,51.3934398241572],[-0.0404026102171546,51.3933590554289],[-0.0356197122550881,51.3930302149371],[-0.0353709034974541,51.3946647942375],[-0.0349468570600299,51.3970540135382],[-0.0347278943701529,51.3974303911483],[-0.0339546330139399,51.3986215625563],[-0.034596064488246,51.3988061821565],[-0.0338142579165273,51.3999824377229],[-0.0331677601731447,51.3998256374562],[-0.0328238638934654,51.4003253635696],[-0.0347792625147634,51.4007828249069],[-0.0340853955157097,51.4016349861078]]]},"properties":{"FID":144,"MSOA21CD":"E02000150","MSOA21NM":"Bromley 024","MSOA21NMW":" ","BNG_E":537212,"BNG_N":167300,"LAT":51.38816,"LONG":-0.0294,"Shape__Area":3064499.105796814,"Shape__Length":11884.44005127405,"GlobalID":"6f6966ae-43d9-4ea7-88ca-36e98ac412b8"}},{"type":"Feature","id":145,"geometry":{"type":"Polygon","coordinates":[[[0.0773225486911926,51.3958444484071],[0.0833772368384634,51.3948397730719],[0.087566417590886,51.3947732306342],[0.089656111892663,51.3928174644666],[0.090592874063912,51.3911913328244],[0.0894427271833495,51.3884368451571],[0.0879505631176766,51.3877702167405],[0.0877457874580327,51.3871059376936],[0.0872933806616224,51.3857105447675],[0.0893237546499547,51.3845813504872],[0.0904767096659664,51.3839118890115],[0.0915351783090125,51.3833520984067],[0.0913516584262318,51.3832316795912],[0.0920447712296694,51.3825940632901],[0.0905027954483442,51.3825850272443],[0.090558757318265,51.3818319456135],[0.0915725406614631,51.3814660131034],[0.091247346545836,51.3811356200162],[0.0897771153044647,51.3813579630495],[0.0896277906271627,51.3818178011704],[0.0883008550397658,51.3818228222791],[0.086879438454609,51.380701674072],[0.0864353299981039,51.3812955495806],[0.0849433206251218,51.381058325004],[0.082536682899877,51.3812270335676],[0.0816591403949982,51.3812066597518],[0.0815699039133328,51.3811845851535],[0.0800836959249906,51.380987059472],[0.0778011947702821,51.3775837125017],[0.0774492594151805,51.377295304975],[0.077176282897005,51.3770299137557],[0.0744656929941122,51.3784005870077],[0.0736206641722629,51.3787909202698],[0.0716992783306258,51.3792531726285],[0.0706049294708442,51.3781082424772],[0.0686397307406936,51.3773466771513],[0.0674936275131418,51.3777032788947],[0.0654768081725953,51.379008097638],[0.0639234530676087,51.3794088190369],[0.0652983119844222,51.3805201564427],[0.0684070499323431,51.381011474501],[0.0692896587433651,51.3817019025556],[0.0713384781545555,51.3825090237766],[0.0711517613161587,51.3829087568151],[0.0702435901019259,51.3832518148413],[0.0679272954517798,51.3834544436841],[0.0685073661554464,51.3842970681592],[0.0696373586302837,51.3860319680474],[0.068108054422975,51.3865194662444],[0.0673663219015614,51.3858582210546],[0.0667879366310487,51.3860108290653],[0.06786992328408,51.3877367675581],[0.0674175070073864,51.3881043525194],[0.0668940052093134,51.3878000559857],[0.0662752640539849,51.3879461204101],[0.0664689754659986,51.3885438509834],[0.0677170178582748,51.3888096020991],[0.068379961308308,51.3885164109947],[0.0695532161956919,51.3885445794891],[0.0714151358600392,51.3892986546002],[0.0733000977576157,51.3876799120281],[0.073810671520563,51.3878994365456],[0.0732164651090784,51.3885015126291],[0.0742301231697002,51.3888563588463],[0.0748843770821404,51.3881924053091],[0.075904780317821,51.3871084207823],[0.0774300655657079,51.3870229892217],[0.0776734364124911,51.3872434481204],[0.0774712224631184,51.3881105000861],[0.0783080197123695,51.3883545804462],[0.0780164805762632,51.38889383088],[0.0788169119781334,51.3889981307129],[0.0791640972976478,51.3895567789243],[0.0784643895532956,51.3899091724966],[0.0795313365241189,51.3900473907422],[0.0797389602298963,51.3905302859938],[0.0804328143647231,51.3905895243633],[0.0806766590949644,51.3911419004438],[0.0826680412325907,51.3912141684014],[0.0826924859303688,51.3917275829191],[0.0798029535504714,51.3916271567546],[0.0798342567600836,51.3919338836087],[0.0806468346344965,51.3922152973024],[0.0798017890326878,51.3924234578488],[0.079752538221227,51.3927332676222],[0.077081870083037,51.3924132577546],[0.0753083905593769,51.3915670789577],[0.0746824976013526,51.3916273165627],[0.0744435203547363,51.3913525654548],[0.0750387561760976,51.3913531953459],[0.0752325782771449,51.3908534351072],[0.0745169100839356,51.3905693467296],[0.0736664724609649,51.3915061779093],[0.0740378065054555,51.3922256676022],[0.0731021990056969,51.392178357403],[0.072733668025377,51.3928046809125],[0.0746532300753251,51.3948422348594],[0.0769841168164868,51.3951155148975],[0.0770643053348693,51.3951249154071],[0.0770780357561555,51.3950916768978],[0.0772989560981134,51.394556877325],[0.0789574048759172,51.3946146504561],[0.0775019762313152,51.395093308223],[0.0764739909260743,51.3952449893107],[0.0767452046028861,51.3959895811705],[0.0773225486911926,51.3958444484071]]]},"properties":{"FID":145,"MSOA21CD":"E02000151","MSOA21NM":"Bromley 025","MSOA21NMW":" ","BNG_E":544645,"BNG_N":167320,"LAT":51.3865,"LONG":0.077357,"Shape__Area":2111625.6733779907,"Shape__Length":11460.491136704699,"GlobalID":"d98a9450-2fc9-45f3-9df7-2db4f0e2751c"}},{"type":"Feature","id":146,"geometry":{"type":"Polygon","coordinates":[[[0.0659659516737627,51.3902390930226],[0.064829095929903,51.3880392069071],[0.0642502383381178,51.3871496568443],[0.0636181501572111,51.386459309898],[0.0623139003378497,51.385195156741],[0.0622375784131257,51.3842191380111],[0.0615068492700055,51.3827044677007],[0.0595972442516948,51.3820793283594],[0.0588749414351113,51.3818185884238],[0.0582540568784415,51.3809066426107],[0.0582433158483889,51.3808902774708],[0.0568997129672044,51.3784460250139],[0.0570820844284117,51.3771685546824],[0.0563067984044771,51.3764936224571],[0.0571843794102227,51.3758582812986],[0.0556640733457471,51.3758901000881],[0.0537464695073498,51.3759169125881],[0.0543562039046202,51.3749504666016],[0.0542891357017984,51.373960947908],[0.052923001475365,51.3731808075128],[0.0507062556863316,51.3746471276684],[0.0489488613511881,51.3753299736668],[0.0491242085376573,51.3757630355616],[0.0497728476183702,51.3758966337383],[0.0501292172600019,51.3767706304751],[0.0496486316558231,51.377293706408],[0.0487292255828639,51.3771605631713],[0.0477080540911595,51.3765510707087],[0.0483180892009356,51.3761753627964],[0.048072581214548,51.3753283951936],[0.0476508219369741,51.3753205556335],[0.0455935008853664,51.3753395206894],[0.0451699139862799,51.3755833577723],[0.0444347198281949,51.3754252954403],[0.0442134980575368,51.3758138157043],[0.0460426294544899,51.3765294438175],[0.0459729513390982,51.3772489229328],[0.0454812544720826,51.3770639415163],[0.0448215805926394,51.3775432813423],[0.0453941925300211,51.3779625111007],[0.046031073407,51.3780241739705],[0.0467024682911496,51.377082349498],[0.0477259914779748,51.3771040411495],[0.0475105585160425,51.3774251697022],[0.0490179969232109,51.3800497737409],[0.0501061274919664,51.3812568313615],[0.0499053748554552,51.3816694386631],[0.0496443668908734,51.3822931055985],[0.0478506418938107,51.3825240625147],[0.0434482328310269,51.3818470973704],[0.0412930580070066,51.3810636236989],[0.042499575116176,51.3792788891048],[0.041730352156111,51.3781412930083],[0.0409950701514566,51.3786220121227],[0.0346998428207944,51.378366830325],[0.0341675072628347,51.3790533801892],[0.033744268633037,51.382050909941],[0.0327151163332649,51.3835366566097],[0.0318657104821558,51.3840715385326],[0.0308568317722451,51.3865811816985],[0.0299759609773702,51.387692034673],[0.0293199673982739,51.3878267308069],[0.035305443019764,51.3893043112027],[0.0360145574784671,51.3886810624711],[0.0367583119475023,51.3872122651311],[0.0374501764201183,51.3863552854171],[0.0373013580458217,51.3865615850865],[0.0373189614148715,51.3865678716903],[0.0381926571777815,51.3868798732486],[0.0385824575743149,51.3873111892305],[0.0384602083964863,51.3883965037035],[0.038420452525631,51.388819312763],[0.0378657459190067,51.3888467445128],[0.0391461589466703,51.3890023648233],[0.0423239928548724,51.3892277991128],[0.0420455106327946,51.3895497376356],[0.0426377492646742,51.389965258734],[0.0429936081351354,51.3894780443164],[0.045260647995869,51.3900557914088],[0.0467297927966024,51.3897483958976],[0.0476244532365141,51.3894514527435],[0.0492513638968307,51.3895387147123],[0.0518216095398284,51.3900694254455],[0.0535247671818756,51.390521670196],[0.0545005480544985,51.3906671682567],[0.0547638214204384,51.3911102178635],[0.059293296542317,51.3899705677982],[0.0641167985302582,51.3892585274109],[0.0646012860927913,51.389260641936],[0.0642335695802265,51.3911723091159],[0.0654942553104827,51.3912783895751],[0.0659659516737627,51.3902390930226]]]},"properties":{"FID":146,"MSOA21CD":"E02000152","MSOA21NM":"Bromley 026","MSOA21NMW":" ","BNG_E":542081,"BNG_N":166810,"LAT":51.38256,"LONG":0.040332,"Shape__Area":2573278.2580108643,"Shape__Length":11285.126071821489,"GlobalID":"2222f7c8-4f36-47ca-813a-80cf33c9c297"}},{"type":"Feature","id":147,"geometry":{"type":"Polygon","coordinates":[[[0.0269933059736231,51.3886549270787],[0.0293199673982739,51.3878267308069],[0.0299759609773702,51.387692034673],[0.0308568317722451,51.3865811816985],[0.0238505983654999,51.3836204667529],[0.0217036831795643,51.3829924546159],[0.0171025060833574,51.3830906845159],[0.0180494266526619,51.3804921293641],[0.0175110544987888,51.3804218631934],[0.0173958585178005,51.3799878760546],[0.016975955269394,51.3786356557697],[0.0174210988103576,51.3771062107014],[0.0168220241329599,51.3770021398015],[0.0170278707855344,51.3762811529772],[0.016360744516683,51.3762141577799],[0.0160229732739164,51.3766819145183],[0.0164574486655824,51.3775624607477],[0.015978019210056,51.3776144623805],[0.0144915027368082,51.3777193966921],[0.0140461601169435,51.3760075765048],[0.0130979483542651,51.3755973597021],[0.0117274619042675,51.3759615283401],[0.0119572870206174,51.3771476260389],[0.0111754406714329,51.3777367518409],[0.011637231231924,51.3777441718474],[0.0107181282800577,51.3778441332745],[0.0106197273764356,51.3774852815613],[0.0101060500975544,51.3776620964846],[0.00967316214615204,51.3774356467545],[0.00981215547023286,51.3768570837758],[0.00781773169585026,51.3768938231539],[0.00648982366819975,51.3768396579844],[0.0049707045095949,51.3767182637239],[0.00442484550423115,51.3761705069828],[0.00395769952312535,51.3764785488558],[0.00248001895318585,51.3766654766342],[-0.000762685446322342,51.3769948565969],[-0.00222320332212649,51.3772845899739],[-0.000751934351524891,51.3783495892461],[-0.000603435655056477,51.3789512754429],[-0.000150839631968075,51.3787993980344],[0.00287156627904068,51.380594451594],[0.00249908118875822,51.3808561834117],[0.00316000877436316,51.3820788345979],[0.00113766459881214,51.3808194257381],[-0.0017941301668102,51.3797697315521],[-0.00205740180209768,51.3801783603562],[-0.0024933149748815,51.380595352034],[-0.000177932214898306,51.3815163187999],[-0.000753733984800615,51.3818082239463],[-0.00120731168511565,51.382225458252],[-0.000828710560688944,51.3825255781478],[-0.00132599097860231,51.3828635502909],[-0.00195102953016021,51.3831437666197],[-0.00103344194197772,51.3839840161591],[-0.00169323906537883,51.384259135991],[-0.00324928839738462,51.3830434246533],[-0.00164384768608114,51.3853904681778],[-0.00199272590561014,51.3856123870875],[-0.00132756703173402,51.38564983677],[-7.88930375512902E-05,51.3866345002748],[0.000742043692731788,51.3864642516835],[0.0018712889010362,51.3875102018763],[0.00239874587605351,51.3879993210693],[0.00260549790452223,51.3881581870627],[0.00263061360751419,51.3880852836131],[0.00399028635320272,51.388495733234],[0.00512978812484274,51.3892908202949],[0.0063368776374636,51.3892080005562],[0.00805910567064083,51.3890308474838],[0.00810167978514714,51.3887465113627],[0.00835542719284227,51.3884656000626],[0.00921363656341167,51.3883699664238],[0.00955379574623045,51.3885889517791],[0.0105182342725553,51.3882936519889],[0.0109894467929928,51.3885371346614],[0.0118183604141728,51.3882805598241],[0.0120260717650015,51.3886841378055],[0.0115113257895402,51.3887198200047],[0.0137932412771993,51.3888487545295],[0.0157965994889588,51.3889657966309],[0.0164228091905219,51.3890201546812],[0.0169285597304342,51.388597997329],[0.0174365123854897,51.3887323763014],[0.0174482914081804,51.3899821391979],[0.0183171558891519,51.3901290542799],[0.0183114379860729,51.391307177616],[0.0189901680636906,51.3920328836038],[0.0183953757352977,51.3924748734519],[0.0193780137820687,51.3930278964799],[0.022215833135649,51.3911051693996],[0.0234548417307972,51.3908232914216],[0.023972774228921,51.3896774732401],[0.0269933059736231,51.3886549270787]]]},"properties":{"FID":147,"MSOA21CD":"E02000153","MSOA21NM":"Bromley 027","MSOA21NMW":" ","BNG_E":540065,"BNG_N":166958,"LAT":51.38439,"LONG":0.01144,"Shape__Area":2242373.2603988647,"Shape__Length":9896.1890959365428,"GlobalID":"fd5cd58d-daba-4f86-9c3d-4ccbfebbce27"}},{"type":"Feature","id":148,"geometry":{"type":"Polygon","coordinates":[[[0.0925943817343086,51.3875223294599],[0.0936518772659741,51.3873085047372],[0.0940767149327461,51.3876243298203],[0.0961683430666132,51.3874350529989],[0.0962699370497728,51.3878002596387],[0.0981007761359042,51.3875229471663],[0.0990136644273898,51.3877572763044],[0.0993250272362766,51.3889340190106],[0.0999485691527029,51.3889194338325],[0.099624143369842,51.3881427590538],[0.100184502097795,51.3878272921457],[0.100778279257537,51.3879245453454],[0.101130305699191,51.3887244125269],[0.102322848580681,51.3885336184387],[0.102825921453164,51.3883372589264],[0.101827575671612,51.386858693803],[0.10237431346676,51.3866732214993],[0.102017781828349,51.385528660115],[0.0989256151386721,51.3860780203643],[0.0988218746961344,51.3860889618087],[0.0972294663089304,51.3844990480541],[0.100469576101162,51.3837800137394],[0.103156279686327,51.3835345554319],[0.103794180963753,51.3834819641029],[0.104107780600773,51.3838266366375],[0.104559962354675,51.3843877920467],[0.105182955772819,51.3841009440708],[0.105384155863799,51.3843505258208],[0.105689658775459,51.3846978488232],[0.106571491487353,51.3846332642198],[0.10667522130413,51.3831603244433],[0.107491750455565,51.3832535610353],[0.107409882927105,51.3840690968311],[0.108634982121706,51.3845232494593],[0.109419646721393,51.3842158398368],[0.107875891591543,51.3824937090312],[0.103976316157918,51.3807166768254],[0.103310617926406,51.3800226477106],[0.102687973473489,51.3794569202927],[0.101994650417593,51.3789175372474],[0.102175529704064,51.37861783609],[0.104504066594359,51.3785248455737],[0.104841863088462,51.3784362002549],[0.104539443307573,51.3781089079965],[0.103648695095803,51.3771746716421],[0.103275807269751,51.3766049183494],[0.102143998607589,51.3750674463273],[0.0997374587998629,51.3755630550564],[0.0995130096948057,51.3750803467038],[0.0999170814786912,51.3746832439557],[0.102774831428821,51.3741729829936],[0.102542083133421,51.3737829659223],[0.10357100385193,51.3735368937994],[0.103333578754017,51.3731339499471],[0.100973417080633,51.3736448339725],[0.100374290290166,51.3732888141194],[0.0979732624980213,51.3731759259324],[0.0983677216166781,51.3725008221953],[0.0975271859415965,51.3715633131204],[0.097754548990589,51.3712406289595],[0.0968219001559618,51.3708553283658],[0.0975282905115911,51.3707344632014],[0.0972281481449715,51.369728515781],[0.0965254696989237,51.3698072983759],[0.0956587791846781,51.367880585941],[0.0956193904022101,51.3678013085914],[0.0954864006234329,51.3675027254564],[0.0944676168399828,51.3673625697747],[0.0946490603555522,51.3681412883503],[0.0941269198216579,51.3687256499581],[0.0928254778449482,51.3683490982615],[0.092776026296943,51.3684081093616],[0.0917941245620807,51.3696814368829],[0.0904099115833326,51.3714681040455],[0.0897677321711483,51.3722750974192],[0.0880042216099576,51.374459033569],[0.0878747030319371,51.3746110899509],[0.0868753747208036,51.3757189211396],[0.0842881608001864,51.378435081965],[0.0836822645740458,51.3790520011197],[0.0815699039133328,51.3811845851535],[0.0816591403949982,51.3812066597518],[0.082536682899877,51.3812270335676],[0.0849433206251218,51.381058325004],[0.0864353299981039,51.3812955495806],[0.086879438454609,51.380701674072],[0.0883008550397658,51.3818228222791],[0.0896277906271627,51.3818178011704],[0.0897771153044647,51.3813579630495],[0.091247346545836,51.3811356200162],[0.0915725406614631,51.3814660131034],[0.090558757318265,51.3818319456135],[0.0905027954483442,51.3825850272443],[0.0920447712296694,51.3825940632901],[0.0913516584262318,51.3832316795912],[0.0915351783090125,51.3833520984067],[0.0904767096659664,51.3839118890115],[0.0893237546499547,51.3845813504872],[0.0872933806616224,51.3857105447675],[0.0877457874580327,51.3871059376936],[0.0879505631176766,51.3877702167405],[0.0894427271833495,51.3884368451571],[0.090592874063912,51.3911913328244],[0.0912067461830166,51.3910459302896],[0.091561570670471,51.3902444880373],[0.0908935258345449,51.3887209105634],[0.0917707218586285,51.3881536080055],[0.0926771202385264,51.3880754553839],[0.0923751099571068,51.3875810125074],[0.0925943817343086,51.3875223294599]]]},"properties":{"FID":148,"MSOA21CD":"E02000154","MSOA21NM":"Bromley 028","MSOA21NMW":" ","BNG_E":545919,"BNG_N":166351,"LAT":51.37747,"LONG":0.095256,"Shape__Area":2083749.6930007935,"Shape__Length":11262.606507235709,"GlobalID":"c6ed4ad5-e82c-4376-8af5-51f8e2fe5d4f"}},{"type":"Feature","id":149,"geometry":{"type":"Polygon","coordinates":[[[0.118286432495596,51.3870154703701],[0.11933421972434,51.3856792491656],[0.119854525921748,51.3847511639454],[0.119561667901247,51.3837475883109],[0.119388334013969,51.3828944000675],[0.121918258403238,51.3825703198691],[0.123577610126113,51.3818410087051],[0.125331156231191,51.3811685389904],[0.127919086039316,51.3807282587509],[0.128490451126408,51.3804996705773],[0.127581636942718,51.3789358227159],[0.126154286437007,51.3779134499648],[0.124488256279451,51.3773204001998],[0.124513631055983,51.3767251930153],[0.126355744964572,51.3755758756048],[0.131084118148471,51.3743409742913],[0.128589285932975,51.3719512360035],[0.128543206588877,51.37197587926],[0.124111639091559,51.3747407939954],[0.123379782511309,51.3759020150272],[0.122939842151616,51.3767867138885],[0.122063428504165,51.3763247174656],[0.121651530364107,51.3767087555341],[0.121253864759179,51.3759727609044],[0.121005575984463,51.3764166965776],[0.118942378778316,51.3767918084671],[0.118532253744051,51.3771675750008],[0.118770397202131,51.3773756196202],[0.118307518606138,51.3774608340726],[0.117835758577503,51.3771501533326],[0.116474480287844,51.3776509197166],[0.115812363760367,51.3776269116209],[0.115842589255928,51.3773475937952],[0.115590664105413,51.3773330350606],[0.115590005584624,51.3770483130091],[0.113469338007846,51.3758713676208],[0.113250019311013,51.3758290689781],[0.113145019510905,51.3744248272075],[0.110154699817833,51.3742927349875],[0.110273361662339,51.372531320317],[0.111033482821382,51.3720987019337],[0.112243622386979,51.3722946428773],[0.114065075729046,51.3713084671043],[0.113422670153394,51.3707296941298],[0.112860408852412,51.3709352340465],[0.113074878374689,51.3705157226642],[0.112674300980488,51.3703461684982],[0.111387608046925,51.3706653216329],[0.1105467788787,51.370527928537],[0.110463540397981,51.3714781397245],[0.109495621139781,51.3715089816168],[0.106364507625768,51.371939547044],[0.106029320336628,51.3713703406676],[0.107493265868391,51.3710795685837],[0.107175963188523,51.3706372530871],[0.105621932162544,51.3709114574265],[0.0994675638892675,51.3721568521437],[0.0991820417399225,51.3727022674924],[0.0983677216166781,51.3725008221953],[0.0979732624980213,51.3731759259324],[0.100374290290166,51.3732888141194],[0.100973417080633,51.3736448339725],[0.103333578754017,51.3731339499471],[0.10357100385193,51.3735368937994],[0.102542083133421,51.3737829659223],[0.102774831428821,51.3741729829936],[0.0999170814786912,51.3746832439557],[0.0995130096948057,51.3750803467038],[0.0997374587998629,51.3755630550564],[0.102143998607589,51.3750674463273],[0.103275807269751,51.3766049183494],[0.103648695095803,51.3771746716421],[0.104539443307573,51.3781089079965],[0.104841863088462,51.3784362002549],[0.104504066594359,51.3785248455737],[0.102175529704064,51.37861783609],[0.101994650417593,51.3789175372474],[0.102687973473489,51.3794569202927],[0.103310617926406,51.3800226477106],[0.103976316157918,51.3807166768254],[0.107875891591543,51.3824937090312],[0.108011772130041,51.382527063977],[0.110927010291577,51.3833098887835],[0.110906552161045,51.3833474766525],[0.111616388832285,51.3834377705687],[0.112425781245849,51.3845216262968],[0.11301581335841,51.3846812803259],[0.1135773879577,51.3856805071352],[0.113129543692087,51.385768899354],[0.113504551554734,51.386304040574],[0.113911970778458,51.3859793585297],[0.114342166502346,51.3862061501096],[0.114084897429499,51.386922528767],[0.115162777576873,51.3871358267569],[0.114971974553813,51.3875057232052],[0.116239384139045,51.3878168443947],[0.117079289913063,51.3872810211532],[0.118286432495596,51.3870154703701]]]},"properties":{"FID":149,"MSOA21CD":"E02000155","MSOA21NM":"Bromley 029","MSOA21NMW":" ","BNG_E":547282,"BNG_N":166569,"LAT":51.37907,"LONG":0.114916,"Shape__Area":1822188.9575195313,"Shape__Length":10447.631988048581,"GlobalID":"3c0bfc0c-c4d9-4f0c-99ca-656b9fc18023"}},{"type":"Feature","id":150,"geometry":{"type":"Polygon","coordinates":[[[-0.0158924897561221,51.3881853405182],[-0.0148555629560238,51.3877025997837],[-0.0114364652897702,51.3876078503892],[-0.010408468835034,51.3875597996797],[-0.0102867468715793,51.3870644400765],[-0.00738819857833778,51.3876820385973],[-0.00604263652337577,51.3867723229302],[-0.00533539768271483,51.3859452561216],[-0.00393214954513787,51.3862473945901],[-0.00367518422543201,51.385822870594],[-0.00339852417410949,51.3862380853717],[-0.00286889974145131,51.386210275845],[-0.00211768986092342,51.3861655616142],[-0.00199272590561014,51.3856123870875],[-0.00164384768608114,51.3853904681778],[-0.00324928839738462,51.3830434246533],[-0.00169323906537883,51.384259135991],[-0.00103344194197772,51.3839840161591],[-0.00195102953016021,51.3831437666197],[-0.00132599097860231,51.3828635502909],[-0.000828710560688944,51.3825255781478],[-0.00120731168511565,51.382225458252],[-0.000753733984800615,51.3818082239463],[-0.000177932214898306,51.3815163187999],[-0.0024933149748815,51.380595352034],[-0.00205740180209768,51.3801783603562],[-0.0017941301668102,51.3797697315521],[0.00113766459881214,51.3808194257381],[0.00316000877436316,51.3820788345979],[0.00249908118875822,51.3808561834117],[0.00287156627904068,51.380594451594],[-0.000150839631968075,51.3787993980344],[-0.000603435655056477,51.3789512754429],[-0.000751934351524891,51.3783495892461],[-0.00222320332212649,51.3772845899739],[-0.000762685446322342,51.3769948565969],[0.00248001895318585,51.3766654766342],[0.00395769952312535,51.3764785488558],[0.00226575297553058,51.3748025505585],[0.0020556578841461,51.374243462581],[-0.0001591973148398,51.3723967793085],[-0.00187299818227708,51.3707687031448],[-0.0022127487111248,51.3705465125256],[-0.00579345504454661,51.3683592668912],[-0.00604236670661757,51.3682514433161],[-0.00976116886202508,51.3668171604838],[-0.0158189085003103,51.364576909858],[-0.0198334894942098,51.3635739937192],[-0.0198378663581837,51.3635907421837],[-0.0222140716058655,51.3658444741746],[-0.0235977307944441,51.3652773067209],[-0.024448328693664,51.3667511363997],[-0.0232544874853513,51.3669911514206],[-0.023168088151789,51.3672556981788],[-0.0236475210582419,51.3699606531087],[-0.0236307090033294,51.3718830221081],[-0.0238386523407525,51.3724217917041],[-0.0259372416211319,51.3761252288704],[-0.0259278564298418,51.3766559096868],[-0.026421965284157,51.3779902510732],[-0.0267962652142076,51.3793736192901],[-0.025817633183858,51.3815381884873],[-0.0252108218799917,51.3814699673892],[-0.0243701920154479,51.3835876119331],[-0.0243673227392411,51.3844348051795],[-0.0232681045548319,51.3858611887351],[-0.0228898198225374,51.3869574684159],[-0.0205250764838769,51.3850708878931],[-0.0180441754089145,51.3854028847978],[-0.0185578540943845,51.3878612034283],[-0.0166542413631529,51.3877717828277],[-0.016575780598184,51.3877689900405],[-0.0158924897561221,51.3881853405182]]]},"properties":{"FID":150,"MSOA21CD":"E02000156","MSOA21NM":"Bromley 030","MSOA21NMW":" ","BNG_E":538494,"BNG_N":166071,"LAT":51.37681,"LONG":-0.01147,"Shape__Area":3847599.0157546997,"Shape__Length":10287.778318584846,"GlobalID":"0cba8d5a-a1a8-4067-9a74-e1b9176188ef"}},{"type":"Feature","id":151,"geometry":{"type":"Polygon","coordinates":[[[0.0842881608001864,51.378435081965],[0.0868753747208036,51.3757189211396],[0.0878747030319371,51.3746110899509],[0.0880042216099576,51.374459033569],[0.0897677321711483,51.3722750974192],[0.0904099115833326,51.3714681040455],[0.0900357265830881,51.3710076497038],[0.0904961548664411,51.3702926543953],[0.089534382130716,51.3702657080999],[0.0888355497396939,51.3698716560204],[0.0880669449403674,51.3700896657115],[0.0873975559858912,51.3696599678557],[0.0879876077909162,51.3692863637905],[0.0869108604072294,51.3685977855975],[0.0858723448439394,51.3692588439484],[0.0853430922402927,51.368874831435],[0.0855970189007159,51.3681426137087],[0.0821570825024056,51.3657708681907],[0.0807292653107164,51.3655822519637],[0.0800243263391374,51.3654598428371],[0.0780733741245043,51.3655494579773],[0.0766740039878185,51.3651759282876],[0.0743829378800803,51.3659217613131],[0.0742948502505259,51.3656997153747],[0.0705604628445108,51.3660354909979],[0.0691503020831007,51.3657361538931],[0.0690665710282924,51.3663924288343],[0.0681403751354428,51.3666475104535],[0.068007693759177,51.3685774995199],[0.0674777817050057,51.3690465991464],[0.0651857511669368,51.3680000430714],[0.0644750051499115,51.3680900787816],[0.064826066706102,51.3683899697323],[0.0653580466867068,51.3688734949972],[0.0658502545059753,51.3685687024798],[0.0667458944568934,51.3690779572873],[0.0660610417215179,51.3700367780437],[0.0625760542712429,51.3706719054504],[0.0653003607307189,51.371873609006],[0.0650957131516291,51.3721764417692],[0.0653614224294554,51.3725472867156],[0.0627929073854865,51.3735817421237],[0.0647334496364211,51.3752835940892],[0.0634065919776134,51.3757285411076],[0.0617806637445014,51.3761633401003],[0.0616118617082671,51.3759246214569],[0.0594730277184175,51.3758073999553],[0.0556601140386561,51.3758863926129],[0.0556640733457471,51.3758901000881],[0.0571843794102227,51.3758582812986],[0.0563067984044771,51.3764936224571],[0.0570820844284117,51.3771685546824],[0.0568997129672044,51.3784460250139],[0.0582433158483889,51.3808902774708],[0.0582540568784415,51.3809066426107],[0.0593233816859263,51.3810227208521],[0.0639234530676087,51.3794088190369],[0.0654768081725953,51.379008097638],[0.0674936275131418,51.3777032788947],[0.0686397307406936,51.3773466771513],[0.0706049294708442,51.3781082424772],[0.0716992783306258,51.3792531726285],[0.0736206641722629,51.3787909202698],[0.0744656929941122,51.3784005870077],[0.077176282897005,51.3770299137557],[0.0774492594151805,51.377295304975],[0.0778011947702821,51.3775837125017],[0.0800836959249906,51.380987059472],[0.0815699039133328,51.3811845851535],[0.0836822645740458,51.3790520011197],[0.0842881608001864,51.378435081965]]]},"properties":{"FID":151,"MSOA21CD":"E02000157","MSOA21NM":"Bromley 031","MSOA21NMW":" ","BNG_E":544594,"BNG_N":165844,"LAT":51.37325,"LONG":0.076025,"Shape__Area":2437877.6242904663,"Shape__Length":9023.0818212336962,"GlobalID":"5e31e691-66dc-49a7-8dec-8529a1587765"}},{"type":"Feature","id":152,"geometry":{"type":"Polygon","coordinates":[[[0.116474480287844,51.3776509197166],[0.117835758577503,51.3771501533326],[0.118307518606138,51.3774608340726],[0.118770397202131,51.3773756196202],[0.118532253744051,51.3771675750008],[0.118942378778316,51.3767918084671],[0.121005575984463,51.3764166965776],[0.121253864759179,51.3759727609044],[0.121651530364107,51.3767087555341],[0.122063428504165,51.3763247174656],[0.122939842151616,51.3767867138885],[0.123379782511309,51.3759020150272],[0.124111639091559,51.3747407939954],[0.128543206588877,51.37197587926],[0.127276314170579,51.3706239887943],[0.127091522799647,51.3695622704449],[0.128753996556398,51.3691051783258],[0.127572666305815,51.3678734281515],[0.128760690512214,51.3665576936742],[0.126831940898759,51.3662275563883],[0.126928629236324,51.3659496885034],[0.125353595626033,51.3656756293109],[0.125468586364253,51.3653448219384],[0.124504655773013,51.3651806906715],[0.122433436577274,51.3656896920224],[0.12209931215681,51.3652016968944],[0.120814066103434,51.3655046699495],[0.11983924596919,51.3648298210076],[0.117363115854032,51.3654376731863],[0.117330519223908,51.3651787376899],[0.114364454014802,51.3647218585392],[0.114514143573142,51.3642678320777],[0.113878355639997,51.3641677360914],[0.113726341328339,51.3632374142153],[0.112797445789631,51.3618219992991],[0.113180198010229,51.3613461972219],[0.112041398440704,51.3608881426045],[0.108283784089627,51.3605500425197],[0.108128142584273,51.3605433840585],[0.103601265655164,51.3604542684483],[0.103060918546505,51.3607906023248],[0.103505548906209,51.361350261777],[0.102974153783877,51.3615924412838],[0.103309379073391,51.3636568843389],[0.102740967509909,51.3643489458598],[0.103073750306399,51.3646098231476],[0.103597522765542,51.3642941832085],[0.103775293695406,51.3646771686863],[0.106254894611988,51.3643022823813],[0.107416469257053,51.3646258014144],[0.106959668328383,51.3654360733384],[0.105461143258416,51.3659724499721],[0.105159111057147,51.3666236094717],[0.105567533988722,51.36750238108],[0.104297078532659,51.3680664717932],[0.102968085511858,51.3680855878962],[0.103063302934368,51.3674758594503],[0.10246803190648,51.3670759193928],[0.100457030441082,51.3683441516832],[0.0990145606976215,51.3688466340022],[0.0985978668268381,51.3694746054946],[0.0972281481449715,51.369728515781],[0.0975282905115911,51.3707344632014],[0.0968219001559618,51.3708553283658],[0.097754548990589,51.3712406289595],[0.0975271859415965,51.3715633131204],[0.0983677216166781,51.3725008221953],[0.0991820417399225,51.3727022674924],[0.0994675638892675,51.3721568521437],[0.105621932162544,51.3709114574265],[0.107175963188523,51.3706372530871],[0.107493265868391,51.3710795685837],[0.106029320336628,51.3713703406676],[0.106364507625768,51.371939547044],[0.109495621139781,51.3715089816168],[0.110463540397981,51.3714781397245],[0.1105467788787,51.370527928537],[0.111387608046925,51.3706653216329],[0.112674300980488,51.3703461684982],[0.113074878374689,51.3705157226642],[0.112860408852412,51.3709352340465],[0.113422670153394,51.3707296941298],[0.114065075729046,51.3713084671043],[0.112243622386979,51.3722946428773],[0.111033482821382,51.3720987019337],[0.110273361662339,51.372531320317],[0.110154699817833,51.3742927349875],[0.113145019510905,51.3744248272075],[0.113250019311013,51.3758290689781],[0.113469338007846,51.3758713676208],[0.115590005584624,51.3770483130091],[0.115590664105413,51.3773330350606],[0.115842589255928,51.3773475937952],[0.115812363760367,51.3776269116209],[0.116474480287844,51.3776509197166]]]},"properties":{"FID":152,"MSOA21CD":"E02000158","MSOA21NM":"Bromley 032","MSOA21NMW":" ","BNG_E":547218,"BNG_N":165445,"LAT":51.36899,"LONG":0.113532,"Shape__Area":2160784.689491272,"Shape__Length":9861.0495222102345,"GlobalID":"0293700b-309d-4c97-8662-364e3e488b77"}},{"type":"Feature","id":153,"geometry":{"type":"Polygon","coordinates":[[[0.0490179969232109,51.3800497737409],[0.0475105585160425,51.3774251697022],[0.0477259914779748,51.3771040411495],[0.0467024682911496,51.377082349498],[0.046031073407,51.3780241739705],[0.0453941925300211,51.3779625111007],[0.0448215805926394,51.3775432813423],[0.0454812544720826,51.3770639415163],[0.0459729513390982,51.3772489229328],[0.0460426294544899,51.3765294438175],[0.0442134980575368,51.3758138157043],[0.0444347198281949,51.3754252954403],[0.0451699139862799,51.3755833577723],[0.0455935008853664,51.3753395206894],[0.0476508219369741,51.3753205556335],[0.048072581214548,51.3753283951936],[0.0483180892009356,51.3761753627964],[0.0477080540911595,51.3765510707087],[0.0487292255828639,51.3771605631713],[0.0496486316558231,51.377293706408],[0.0501292172600019,51.3767706304751],[0.0497728476183702,51.3758966337383],[0.0491242085376573,51.3757630355616],[0.0489488613511881,51.3753299736668],[0.0507062556863316,51.3746471276684],[0.052923001475365,51.3731808075128],[0.0542891357017984,51.373960947908],[0.0543562039046202,51.3749504666016],[0.0537464695073498,51.3759169125881],[0.0556640733457471,51.3758901000881],[0.0556601140386561,51.3758863926129],[0.0594730277184175,51.3758073999553],[0.0616118617082671,51.3759246214569],[0.0617806637445014,51.3761633401003],[0.0634065919776134,51.3757285411076],[0.0647334496364211,51.3752835940892],[0.0627929073854865,51.3735817421237],[0.0653614224294554,51.3725472867156],[0.0650957131516291,51.3721764417692],[0.0653003607307189,51.371873609006],[0.0625760542712429,51.3706719054504],[0.0660610417215179,51.3700367780437],[0.0667458944568934,51.3690779572873],[0.0658502545059753,51.3685687024798],[0.0653580466867068,51.3688734949972],[0.064826066706102,51.3683899697323],[0.0644750051499115,51.3680900787816],[0.0651857511669368,51.3680000430714],[0.0674777817050057,51.3690465991464],[0.068007693759177,51.3685774995199],[0.0681403751354428,51.3666475104535],[0.0654054074963862,51.3656434084543],[0.063181046951322,51.3667035672934],[0.0627081972814132,51.3673756953867],[0.0614928251446479,51.3678005351865],[0.0600762315725645,51.367449547421],[0.0599754805241634,51.3677860206805],[0.0580099343479345,51.3665003648292],[0.0576246490169904,51.3665846771957],[0.0560366569991354,51.3662434404236],[0.0546239160407436,51.3653426632927],[0.0554552429609384,51.3648108251651],[0.0544840258616519,51.3635510322674],[0.0549649763987746,51.3632839106238],[0.0533990808878806,51.3623571545145],[0.0496487009343371,51.3622100272112],[0.0490966829538742,51.3597120015667],[0.0482568741016328,51.3598900193736],[0.0479375525015766,51.3591981139372],[0.0477937195396365,51.3581984895715],[0.0464165198168347,51.3561777820473],[0.0466472408976078,51.3550289943401],[0.0441572661916402,51.3540831314699],[0.0457748919080654,51.3524772217515],[0.0444695904660413,51.3516751882434],[0.0425251606507334,51.3502594433437],[0.0398590162789077,51.3493380063478],[0.0383131664393929,51.3502855795098],[0.0368090966423316,51.3480984834942],[0.036946961630842,51.347709690677],[0.0363826686089726,51.3477194414095],[0.0341215812795734,51.3477509759008],[0.0339916011850967,51.348929593304],[0.0311435685422296,51.348966510365],[0.0278231395883263,51.349668302715],[0.0268614512754249,51.3495163272461],[0.0233766858174558,51.3514219239333],[0.0202576957654045,51.3526461641909],[0.0216290645673428,51.3555252732277],[0.0210689200277769,51.3555653669897],[0.0205324797287121,51.3551997091549],[0.0193176736815369,51.3557922733112],[0.0204105291218477,51.3574150202157],[0.0199767082753655,51.3580999792046],[0.0223199482372153,51.3590480586887],[0.0223347609774898,51.3593560531713],[0.0249733011156598,51.3608947304622],[0.0264241056348777,51.3612817351705],[0.0274073642651574,51.3622762016121],[0.0285945634543285,51.3642844155567],[0.030020301475948,51.3653811470706],[0.0314491119487325,51.3672685725433],[0.0335411332004019,51.367620977127],[0.0333486441236689,51.3687023572731],[0.0353462496817018,51.3746874697092],[0.0353748190472632,51.3755742485707],[0.0352549024851403,51.3776086272957],[0.0346998428207944,51.378366830325],[0.0409950701514566,51.3786220121227],[0.041730352156111,51.3781412930083],[0.042499575116176,51.3792788891048],[0.0412930580070066,51.3810636236989],[0.0434482328310269,51.3818470973704],[0.0478506418938107,51.3825240625147],[0.0496443668908734,51.3822931055985],[0.0499053748554552,51.3816694386631],[0.0501061274919664,51.3812568313615],[0.0490179969232109,51.3800497737409]]]},"properties":{"FID":153,"MSOA21CD":"E02000159","MSOA21NM":"Bromley 033","MSOA21NMW":" ","BNG_E":542383,"BNG_N":164655,"LAT":51.36312,"LONG":0.043807,"Shape__Area":5883865.680305481,"Shape__Length":16254.578042543488,"GlobalID":"beab62f9-b1d8-479a-8999-e25480f082d1"}},{"type":"Feature","id":154,"geometry":{"type":"Polygon","coordinates":[[[0.0327151163332649,51.3835366566097],[0.033744268633037,51.382050909941],[0.0341675072628347,51.3790533801892],[0.0346998428207944,51.378366830325],[0.0352549024851403,51.3776086272957],[0.0353748190472632,51.3755742485707],[0.0353462496817018,51.3746874697092],[0.0333486441236689,51.3687023572731],[0.0335411332004019,51.367620977127],[0.0314491119487325,51.3672685725433],[0.030020301475948,51.3653811470706],[0.0285945634543285,51.3642844155567],[0.0274073642651574,51.3622762016121],[0.0264241056348777,51.3612817351705],[0.0249733011156598,51.3608947304622],[0.0223347609774898,51.3593560531713],[0.0223199482372153,51.3590480586887],[0.0199767082753655,51.3580999792046],[0.0204105291218477,51.3574150202157],[0.0193176736815369,51.3557922733112],[0.0205324797287121,51.3551997091549],[0.0210689200277769,51.3555653669897],[0.0216290645673428,51.3555252732277],[0.0202576957654045,51.3526461641909],[0.0173982134650059,51.3525668016286],[0.0158040803310412,51.3502199913345],[0.0148200751311943,51.3494756072443],[0.0121138693597973,51.3499059568074],[0.00945809493897331,51.3499222234787],[0.00904442595256057,51.3509796875772],[0.00676349186436462,51.3517984355903],[0.00656989116978324,51.351352536357],[0.00455383696547203,51.3501166534246],[0.00427575495555513,51.3484948221161],[0.00251296683709576,51.3479179199236],[0.000681545663103621,51.3461758971251],[-0.00281911844592453,51.3455356300957],[-0.0053840318630232,51.3526478318466],[-0.00798319583648034,51.3553084291689],[-0.0106947185044353,51.3568058341448],[-0.0119636588663089,51.3573189141595],[-0.0122485776769339,51.3570207999856],[-0.013441120474423,51.3574303498727],[-0.0151975397520707,51.3586034446149],[-0.0182618449282158,51.3612520539161],[-0.0187420720414645,51.3625469668357],[-0.0198334894942098,51.3635739937192],[-0.0158189085003103,51.364576909858],[-0.00976116886202508,51.3668171604838],[-0.00604236670661757,51.3682514433161],[-0.00579345504454661,51.3683592668912],[-0.0022127487111248,51.3705465125256],[-0.00187299818227708,51.3707687031448],[-0.0001591973148398,51.3723967793085],[0.0020556578841461,51.374243462581],[0.00226575297553058,51.3748025505585],[0.00395769952312535,51.3764785488558],[0.00442484550423115,51.3761705069828],[0.0049707045095949,51.3767182637239],[0.00648982366819975,51.3768396579844],[0.00781773169585026,51.3768938231539],[0.00981215547023286,51.3768570837758],[0.00967316214615204,51.3774356467545],[0.0101060500975544,51.3776620964846],[0.0106197273764356,51.3774852815613],[0.0107181282800577,51.3778441332745],[0.011637231231924,51.3777441718474],[0.0111754406714329,51.3777367518409],[0.0119572870206174,51.3771476260389],[0.0117274619042675,51.3759615283401],[0.0130979483542651,51.3755973597021],[0.0140461601169435,51.3760075765048],[0.0144915027368082,51.3777193966921],[0.015978019210056,51.3776144623805],[0.0164574486655824,51.3775624607477],[0.0160229732739164,51.3766819145183],[0.016360744516683,51.3762141577799],[0.0170278707855344,51.3762811529772],[0.0168220241329599,51.3770021398015],[0.0174210988103576,51.3771062107014],[0.016975955269394,51.3786356557697],[0.0173958585178005,51.3799878760546],[0.0175110544987888,51.3804218631934],[0.0180494266526619,51.3804921293641],[0.0171025060833574,51.3830906845159],[0.0217036831795643,51.3829924546159],[0.0238505983654999,51.3836204667529],[0.0308568317722451,51.3865811816985],[0.0318657104821558,51.3840715385326],[0.0327151163332649,51.3835366566097]]]},"properties":{"FID":154,"MSOA21CD":"E02000160","MSOA21NM":"Bromley 034","MSOA21NMW":" ","BNG_E":540010,"BNG_N":164924,"LAT":51.36613,"LONG":0.00985,"Shape__Area":8468053.04953003,"Shape__Length":15152.675369700821,"GlobalID":"e7f8e953-0230-42f3-b04c-51dd1e9a9488"}},{"type":"Feature","id":155,"geometry":{"type":"Polygon","coordinates":[[[0.0904099115833326,51.3714681040455],[0.0917941245620807,51.3696814368829],[0.092776026296943,51.3684081093616],[0.0928254778449482,51.3683490982615],[0.0941269198216579,51.3687256499581],[0.0946490603555522,51.3681412883503],[0.0944676168399828,51.3673625697747],[0.0954864006234329,51.3675027254564],[0.0956193904022101,51.3678013085914],[0.0956587791846781,51.367880585941],[0.0965254696989237,51.3698072983759],[0.0972281481449715,51.369728515781],[0.0985978668268381,51.3694746054946],[0.0990145606976215,51.3688466340022],[0.100457030441082,51.3683441516832],[0.10246803190648,51.3670759193928],[0.103063302934368,51.3674758594503],[0.102968085511858,51.3680855878962],[0.104297078532659,51.3680664717932],[0.105567533988722,51.36750238108],[0.105159111057147,51.3666236094717],[0.105461143258416,51.3659724499721],[0.106959668328383,51.3654360733384],[0.107416469257053,51.3646258014144],[0.106254894611988,51.3643022823813],[0.103775293695406,51.3646771686863],[0.103597522765542,51.3642941832085],[0.103073750306399,51.3646098231476],[0.102740967509909,51.3643489458598],[0.103309379073391,51.3636568843389],[0.102974153783877,51.3615924412838],[0.103505548906209,51.361350261777],[0.103060918546505,51.3607906023248],[0.102396994552821,51.3604408322399],[0.103996411837143,51.3594459562287],[0.103636235035488,51.3595645820199],[0.102937335185578,51.3587562390896],[0.104832838953099,51.3576447273995],[0.104648506633995,51.3572886130659],[0.103510024298218,51.3572194360929],[0.103993968543283,51.356764296576],[0.103720782021454,51.3558484005571],[0.10333872885724,51.3561028622706],[0.102665844018749,51.3560010406469],[0.102068698842403,51.3564990265941],[0.101672284521629,51.3568251456992],[0.098747834499322,51.3574232546426],[0.0998777266700407,51.3570904246603],[0.0995083596648524,51.3567630623181],[0.0986436065684346,51.3568135113226],[0.0984369200159205,51.3563705644465],[0.0972297799776217,51.3558601723186],[0.0969513861388509,51.3559505102957],[0.097018095311197,51.3570710147645],[0.0956489364082401,51.3573439621798],[0.0959157793773601,51.357896443852],[0.0942448396024426,51.3579499736373],[0.0943547518889034,51.3590279817793],[0.0957138367797188,51.359008782667],[0.0987081711804687,51.3587639274978],[0.0993165262466247,51.3595239755115],[0.0992792938999936,51.3595285152849],[0.0944088314097712,51.3596851813516],[0.0944243759862608,51.3602226559974],[0.0935032575830335,51.3605624942109],[0.0944651296280189,51.3610173061075],[0.0917318967952198,51.3624026106392],[0.0925617644325181,51.3627975379453],[0.0919685826865355,51.3635761007347],[0.0914076488349239,51.3629927439468],[0.089244191095417,51.3609277597252],[0.0880505311066418,51.3605803464688],[0.087996425459225,51.3601083969311],[0.0875269862131835,51.3600320332742],[0.0877802112558565,51.3595811441922],[0.0866247019877963,51.359039079664],[0.0853500673830016,51.3591430008127],[0.0846672474378906,51.3587703175304],[0.0795502419475736,51.3611285509688],[0.0781748969124983,51.361660941645],[0.0803474695564436,51.3631135582902],[0.0793339819726551,51.3635334222919],[0.079917232256253,51.3641362375715],[0.0810888908365149,51.3640537788709],[0.082087240010606,51.3646153640978],[0.0809016469402443,51.3650021762236],[0.0807292653107164,51.3655822519637],[0.0821570825024056,51.3657708681907],[0.0855970189007159,51.3681426137087],[0.0853430922402927,51.368874831435],[0.0858723448439394,51.3692588439484],[0.0869108604072294,51.3685977855975],[0.0879876077909162,51.3692863637905],[0.0873975559858912,51.3696599678557],[0.0880669449403674,51.3700896657115],[0.0888355497396939,51.3698716560204],[0.089534382130716,51.3702657080999],[0.0904961548664411,51.3702926543953],[0.0900357265830881,51.3710076497038],[0.0904099115833326,51.3714681040455]]]},"properties":{"FID":155,"MSOA21CD":"E02000161","MSOA21NM":"Bromley 035","MSOA21NMW":" ","BNG_E":545702,"BNG_N":164813,"LAT":51.3637,"LONG":0.091511,"Shape__Area":1725063.2283935547,"Shape__Length":9952.5962353786435,"GlobalID":"47e4dcb9-e35c-4b7d-a9bc-55585938190d"}},{"type":"Feature","id":156,"geometry":{"type":"Polygon","coordinates":[[[0.0614928251446479,51.3678005351865],[0.0627081972814132,51.3673756953867],[0.063181046951322,51.3667035672934],[0.0654054074963862,51.3656434084543],[0.0681403751354428,51.3666475104535],[0.0690665710282924,51.3663924288343],[0.0691503020831007,51.3657361538931],[0.0705604628445108,51.3660354909979],[0.0742948502505259,51.3656997153747],[0.0743829378800803,51.3659217613131],[0.0766740039878185,51.3651759282876],[0.0780733741245043,51.3655494579773],[0.0800243263391374,51.3654598428371],[0.0807292653107164,51.3655822519637],[0.0809016469402443,51.3650021762236],[0.082087240010606,51.3646153640978],[0.0810888908365149,51.3640537788709],[0.079917232256253,51.3641362375715],[0.0793339819726551,51.3635334222919],[0.0803474695564436,51.3631135582902],[0.0781748969124983,51.361660941645],[0.0795502419475736,51.3611285509688],[0.0846672474378906,51.3587703175304],[0.0856105658980325,51.3579690354915],[0.0867056174399717,51.3565454039371],[0.087447787829356,51.3542980301233],[0.0876248462322571,51.35352772292],[0.0881218064824655,51.3514810754158],[0.0900083279783908,51.3481184264652],[0.0926646819153602,51.3460981824579],[0.0951306664596141,51.3454190689292],[0.0992710862389491,51.3448295858115],[0.0957677569071514,51.3369173211458],[0.0967521288998967,51.33317856903],[0.0976575373105428,51.3321186992562],[0.0969952726378972,51.3321748296306],[0.0969433394016975,51.3314097796148],[0.0931326754549856,51.328269039041],[0.0943958739176357,51.3257472865474],[0.0953689166163764,51.3251502241973],[0.0955499837601586,51.323592389225],[0.0898766181241488,51.3231376367571],[0.0840907210209421,51.3222501067016],[0.077236128830288,51.3242334800173],[0.0771528510708745,51.3254670599426],[0.0724135602295699,51.3255982480968],[0.0700063965122291,51.3261944557951],[0.0679341133649229,51.3257393496053],[0.0666707994200458,51.3291618230411],[0.0628460896320553,51.3282268530467],[0.0589159792015454,51.3279676251542],[0.0585067552432099,51.328459688457],[0.0542107117392097,51.3293165560635],[0.054019405733598,51.3312800086124],[0.0524626224195928,51.3320269956253],[0.0544633104577527,51.3331940256663],[0.0539226998950108,51.3344869923951],[0.0547808534227179,51.335720061593],[0.0541132343754047,51.3367770975809],[0.0546524175985513,51.3374676728013],[0.0534596414092729,51.3385620194698],[0.053443252389227,51.3390588975587],[0.0514087703567676,51.3387137527711],[0.0443285137649667,51.3384787709542],[0.0477493463900215,51.3398739423171],[0.0517787539072737,51.3398890391718],[0.0536946381991177,51.3395009456796],[0.054411446481367,51.3401531207731],[0.0550012064685922,51.339987172276],[0.0554846489024401,51.3406163230347],[0.0576232099909026,51.3430155348645],[0.055437693345914,51.3436968239686],[0.0546364148888644,51.3428019712887],[0.052877203255284,51.3433088808509],[0.0522664308299641,51.3419755188073],[0.0512339487228965,51.342457247283],[0.0508633662564802,51.3435571931846],[0.0496787193092057,51.3439446585725],[0.0411602798640465,51.3417411514051],[0.0428462361769107,51.3438977095211],[0.047297815335351,51.3465560161171],[0.0478404834939234,51.3489913302957],[0.0473512092286029,51.3494305860738],[0.0444695904660413,51.3516751882434],[0.0457748919080654,51.3524772217515],[0.0441572661916402,51.3540831314699],[0.0466472408976078,51.3550289943401],[0.0464165198168347,51.3561777820473],[0.0477937195396365,51.3581984895715],[0.0479375525015766,51.3591981139372],[0.0482568741016328,51.3598900193736],[0.0490966829538742,51.3597120015667],[0.0496487009343371,51.3622100272112],[0.0533990808878806,51.3623571545145],[0.0549649763987746,51.3632839106238],[0.0544840258616519,51.3635510322674],[0.0554552429609384,51.3648108251651],[0.0546239160407436,51.3653426632927],[0.0560366569991354,51.3662434404236],[0.0576246490169904,51.3665846771957],[0.0580099343479345,51.3665003648292],[0.0599754805241634,51.3677860206805],[0.0600762315725645,51.367449547421],[0.0614928251446479,51.3678005351865]]]},"properties":{"FID":156,"MSOA21CD":"E02000162","MSOA21NM":"Bromley 036","MSOA21NMW":" ","BNG_E":544284,"BNG_N":162800,"LAT":51.34598,"LONG":0.070342,"Shape__Area":12751720.615524292,"Shape__Length":19743.790601372715,"GlobalID":"c349516f-0297-41a5-9c22-8757a9149fb8"}},{"type":"Feature","id":157,"geometry":{"type":"Polygon","coordinates":[[[0.139669194230178,51.3690391952178],[0.141816267102767,51.3678083449516],[0.143984583841702,51.3678424000012],[0.145960946560143,51.3671314077972],[0.147336471521938,51.3669944994914],[0.148347841960634,51.3663708115334],[0.145217356795358,51.3630189257184],[0.145391828346217,51.3625029268901],[0.144488917787806,51.3609521423544],[0.145371477587539,51.3603364470472],[0.144848193340122,51.3584351049707],[0.146022955830928,51.358197390557],[0.145113929116333,51.355764697207],[0.144057203485696,51.3548624849101],[0.143631095698453,51.3530177926311],[0.143132318812829,51.3530436363513],[0.14287650964527,51.3526593699214],[0.142617138632903,51.3507356526614],[0.141122003496444,51.3501427007033],[0.141342450124561,51.3496434947809],[0.139757112705621,51.3487450248538],[0.138713903879883,51.3475248739879],[0.139493172218537,51.3473001309835],[0.139440786250096,51.3469827927173],[0.138267125297265,51.347085624034],[0.13718859412939,51.345875556426],[0.136198044155188,51.3459313395866],[0.137125906766184,51.3445771818219],[0.137041874685851,51.3443759304412],[0.136957823988705,51.3441746325633],[0.136918481169016,51.3441847495112],[0.131776907295427,51.345506745852],[0.131669607597022,51.3451940101432],[0.124953163403126,51.3458191931984],[0.12223928090573,51.3446574837488],[0.118498370452785,51.3441644848305],[0.117586414694816,51.3431293146151],[0.117231435409095,51.3431635045722],[0.116791885165045,51.3417966434116],[0.117283272038179,51.3397814026862],[0.118470765461426,51.3399823539336],[0.119013978533192,51.3386843679482],[0.118299988893078,51.3384047040807],[0.119580782262974,51.335426385237],[0.120011211196756,51.3347395835372],[0.121683434434795,51.3336360584099],[0.120245652234711,51.3321371146278],[0.117892348186188,51.3306193724014],[0.117903334550752,51.3296629945397],[0.117364425322461,51.3294820481181],[0.116642042124178,51.3300034601216],[0.115716417065629,51.3295408753988],[0.11413380846157,51.3274713442774],[0.110202396211524,51.3280985647944],[0.109759057326021,51.3266842562094],[0.107101858646603,51.3275226685934],[0.10489487245393,51.3274426453642],[0.10333380259053,51.3261065307514],[0.10079186670872,51.3255854612637],[0.100294265806801,51.324216435678],[0.0991171696403156,51.3232853676723],[0.0961911822069708,51.3213431064487],[0.0938182900244796,51.3202464011105],[0.0946850332292122,51.3226415053497],[0.0955958398235561,51.3231604531399],[0.0955499837601586,51.323592389225],[0.0953689166163764,51.3251502241973],[0.0943958739176357,51.3257472865474],[0.0931326754549856,51.328269039041],[0.0969433394016975,51.3314097796148],[0.0969952726378972,51.3321748296306],[0.0976575373105428,51.3321186992562],[0.0967521288998967,51.33317856903],[0.0957677569071514,51.3369173211458],[0.0992710862389491,51.3448295858115],[0.0951306664596141,51.3454190689292],[0.0926646819153602,51.3460981824579],[0.0900083279783908,51.3481184264652],[0.0881218064824655,51.3514810754158],[0.0876248462322571,51.35352772292],[0.087447787829356,51.3542980301233],[0.0867056174399717,51.3565454039371],[0.0856105658980325,51.3579690354915],[0.0846672474378906,51.3587703175304],[0.0853500673830016,51.3591430008127],[0.0866247019877963,51.359039079664],[0.0877802112558565,51.3595811441922],[0.0875269862131835,51.3600320332742],[0.087996425459225,51.3601083969311],[0.0880505311066418,51.3605803464688],[0.089244191095417,51.3609277597252],[0.0914076488349239,51.3629927439468],[0.0919685826865355,51.3635761007347],[0.0925617644325181,51.3627975379453],[0.0917318967952198,51.3624026106392],[0.0944651296280189,51.3610173061075],[0.0935032575830335,51.3605624942109],[0.0944243759862608,51.3602226559974],[0.0944088314097712,51.3596851813516],[0.0992792938999936,51.3595285152849],[0.0993165262466247,51.3595239755115],[0.0987081711804687,51.3587639274978],[0.0957138367797188,51.359008782667],[0.0943547518889034,51.3590279817793],[0.0942448396024426,51.3579499736373],[0.0959157793773601,51.357896443852],[0.0956489364082401,51.3573439621798],[0.097018095311197,51.3570710147645],[0.0969513861388509,51.3559505102957],[0.0972297799776217,51.3558601723186],[0.0984369200159205,51.3563705644465],[0.0986436065684346,51.3568135113226],[0.0995083596648524,51.3567630623181],[0.0998777266700407,51.3570904246603],[0.098747834499322,51.3574232546426],[0.101672284521629,51.3568251456992],[0.102068698842403,51.3564990265941],[0.102665844018749,51.3560010406469],[0.10333872885724,51.3561028622706],[0.103720782021454,51.3558484005571],[0.103993968543283,51.356764296576],[0.103510024298218,51.3572194360929],[0.104648506633995,51.3572886130659],[0.104832838953099,51.3576447273995],[0.102937335185578,51.3587562390896],[0.103636235035488,51.3595645820199],[0.103996411837143,51.3594459562287],[0.102396994552821,51.3604408322399],[0.103060918546505,51.3607906023248],[0.103601265655164,51.3604542684483],[0.108128142584273,51.3605433840585],[0.108283784089627,51.3605500425197],[0.112041398440704,51.3608881426045],[0.113180198010229,51.3613461972219],[0.112797445789631,51.3618219992991],[0.113726341328339,51.3632374142153],[0.113878355639997,51.3641677360914],[0.114514143573142,51.3642678320777],[0.114364454014802,51.3647218585392],[0.117330519223908,51.3651787376899],[0.117363115854032,51.3654376731863],[0.11983924596919,51.3648298210076],[0.120814066103434,51.3655046699495],[0.12209931215681,51.3652016968944],[0.122433436577274,51.3656896920224],[0.124504655773013,51.3651806906715],[0.125468586364253,51.3653448219384],[0.125353595626033,51.3656756293109],[0.126928629236324,51.3659496885034],[0.126831940898759,51.3662275563883],[0.128760690512214,51.3665576936742],[0.127572666305815,51.3678734281515],[0.128753996556398,51.3691051783258],[0.127091522799647,51.3695622704449],[0.127276314170579,51.3706239887943],[0.128543206588877,51.37197587926],[0.128589285932975,51.3719512360035],[0.132249607727577,51.3697791186207],[0.139669194230178,51.3690391952178]]]},"properties":{"FID":157,"MSOA21CD":"E02000163","MSOA21NM":"Bromley 037","MSOA21NMW":" ","BNG_E":547445,"BNG_N":162989,"LAT":51.34686,"LONG":0.115774,"Shape__Area":11300303.903198242,"Shape__Length":22951.643036449324,"GlobalID":"a3d69c41-62e3-4fd4-bf85-263cc04fd584"}},{"type":"Feature","id":158,"geometry":{"type":"Polygon","coordinates":[[[0.00331089488076659,51.3321543889896],[0.00726605670152475,51.3315187288478],[0.0108346929406907,51.3314666600433],[0.0116756393267505,51.3310837629921],[0.0129780620188713,51.3292819969217],[0.0138798153692184,51.3284220912309],[0.0154104316815449,51.3284852809975],[0.0152626010849736,51.3288100540504],[0.0169937603282369,51.3296428756105],[0.0194715751234137,51.3296799850898],[0.0196074649081432,51.3294369738372],[0.0200990141941342,51.3297484121557],[0.0205001399787826,51.3296279498638],[0.0205811145415224,51.32765517467],[0.0228358305442274,51.3276871322957],[0.0227378567217754,51.3270041399833],[0.0241979816995929,51.3272397169356],[0.0242554406379962,51.3269149616398],[0.0243628320726086,51.3260947066205],[0.0231390465657876,51.3256841740458],[0.0260900790018571,51.3236006379455],[0.028907561462788,51.3204491292815],[0.0312430686029681,51.3210111883462],[0.0327812382855063,51.3197703808088],[0.0322813883485704,51.3188527335919],[0.0328963007556417,51.3180779136095],[0.0321310281257968,51.3177707256108],[0.0329274460888163,51.3165446388276],[0.0330483993561741,51.3160784321535],[0.0334987367976852,51.3161110958107],[0.0337297935410212,51.3157510548017],[0.0351673335397666,51.3158735152679],[0.0352268853497518,51.3162424344713],[0.0357685180809088,51.3162560057163],[0.0358733563822316,51.3158209191526],[0.0365702939587766,51.3158945828959],[0.0366224753590981,51.3154430496321],[0.0374300747597456,51.3138649486621],[0.0359537905289755,51.3132544769903],[0.0346902335164467,51.3120720481915],[0.0341113116049109,51.3122107765676],[0.0336561832952777,51.311924569935],[0.0342953467415015,51.3112443717512],[0.0341800748094545,51.3107969178567],[0.0347465634193365,51.3109244763386],[0.0353159152175748,51.3102898592304],[0.0340786882672765,51.3105538595788],[0.0336988024952744,51.310347304955],[0.0330888273790897,51.311209101499],[0.03289178840748,51.3109451206009],[0.0317952685937741,51.309497007882],[0.0326837712821901,51.3084853005103],[0.0328710703561142,51.3075673251821],[0.0329023329464749,51.3075140987523],[0.030386306377635,51.3056239340795],[0.0296137055249029,51.3054266992468],[0.0279775911873776,51.304685261676],[0.0248389133705336,51.3021549523984],[0.0235994386492914,51.2997034646018],[0.0209523249322034,51.2967782605835],[0.0208333044273576,51.2960034021052],[0.0199836189256704,51.2935643627661],[0.0199500489969417,51.2934048856226],[0.0191005838915979,51.2916839740213],[0.0150095930795148,51.2917860897308],[0.012158727895572,51.2995980640228],[0.0110930293229922,51.3028109773197],[0.00839098837065426,51.3103614724757],[0.0103486078270861,51.3161402939934],[0.00658264618446534,51.3156531150623],[0.00554576736545402,51.318443748121],[0.00491076760745993,51.3219487101631],[0.00229479293732579,51.3291384597649],[0.00220863170080457,51.3297708682733],[0.00291529125437761,51.3303415875581],[0.00331089488076659,51.3321543889896]]]},"properties":{"FID":158,"MSOA21CD":"E02000165","MSOA21NM":"Bromley 039","MSOA21NMW":" ","BNG_E":540844,"BNG_N":158780,"LAT":51.31071,"LONG":0.019395,"Shape__Area":5659025.3573684692,"Shape__Length":13012.763174897023,"GlobalID":"16738e1f-d2b4-49cb-a5d3-39c60a364597"}},{"type":"Feature","id":185,"geometry":{"type":"Polygon","coordinates":[[[-0.0906509702263624,51.4214087732911],[-0.0888985835184738,51.4204457329155],[-0.088724714578298,51.4203051244897],[-0.0870481325419479,51.4195132396214],[-0.0867581626880421,51.4194017068905],[-0.0843055883179938,51.4194771148023],[-0.0830461821332128,51.419703563456],[-0.078648910742115,51.4198258468888],[-0.0785610725125376,51.4197101805644],[-0.0789742100118829,51.4194091236646],[-0.0803895242606239,51.4179897213594],[-0.0810829471824471,51.4170950814587],[-0.0804433413748309,51.415574165691],[-0.0801520342489893,51.4154531919987],[-0.0766969284500134,51.4143782394169],[-0.0765919671410661,51.4143869918027],[-0.0750472653195147,51.4136447244127],[-0.0744349205246082,51.4132383633399],[-0.0729297533009545,51.4126997440108],[-0.0733441783559082,51.4114019052615],[-0.0731049136154977,51.4089790003427],[-0.0729846773407804,51.4088016053813],[-0.074247975470143,51.4097353396879],[-0.0749129910549052,51.4106603903912],[-0.0768735475583474,51.4106175171649],[-0.0772511967135186,51.4110513603354],[-0.0775132044000448,51.4106886617726],[-0.0782087915835041,51.4108701082922],[-0.0786043602646692,51.4110384522067],[-0.0789236629748897,51.4107244336482],[-0.0796851530707818,51.4110611413035],[-0.0809419375777634,51.4105696533168],[-0.0808616397059529,51.409906304565],[-0.081351442955939,51.4099969765544],[-0.0812993822325869,51.4105650055141],[-0.0823624506595011,51.4105785166868],[-0.0826207081468017,51.408874140191],[-0.0839797054897636,51.4093663501519],[-0.0848557066148927,51.4097359404843],[-0.0868120594443793,51.4096618630903],[-0.08763863828814,51.4113000177576],[-0.087863867522876,51.41164469029],[-0.0882212191323193,51.4121914666889],[-0.0905762167695585,51.4115052498435],[-0.0916649144876763,51.4128448747954],[-0.0924919862528393,51.4129174995203],[-0.0921074199427844,51.4137951692546],[-0.0933747381471416,51.4151601739098],[-0.0952755224230741,51.4133301799143],[-0.0971004975504092,51.4139006231102],[-0.0976092903295328,51.4142133517669],[-0.0975164344188759,51.4146261804158],[-0.0974428631211424,51.4149492049614],[-0.0969577768263544,51.4164650964127],[-0.0973812441315702,51.4166596792326],[-0.0971551284920989,51.4169673588913],[-0.095686357352886,51.4170768955223],[-0.0957136803438952,51.4174150805035],[-0.0965213719831978,51.4177009693969],[-0.0951368495065943,51.4194695981554],[-0.0958057947890955,51.4193867203641],[-0.096576604536347,51.4185887007292],[-0.0980404261002687,51.4191888494585],[-0.098298946632854,51.4196455867811],[-0.0991608232733144,51.4195172833626],[-0.0988897550513699,51.4202131350094],[-0.0969657900885606,51.4212725032432],[-0.0964606484120513,51.4211365887773],[-0.0957058072950548,51.4220071153198],[-0.0965658224349689,51.4227057327055],[-0.0936182095143608,51.422763472485],[-0.0918177463643483,51.4219845439053],[-0.0906509702263624,51.4214087732911]]]},"properties":{"FID":185,"MSOA21CD":"E02000194","MSOA21NM":"Croydon 001","MSOA21NMW":" ","BNG_E":532998,"BNG_N":170270,"LAT":51.41585,"LONG":-0.08881,"Shape__Area":1398698.2049560547,"Shape__Length":7564.8689845383224,"GlobalID":"e6bf2f0a-2d29-48e9-9007-de4d08d83771"}},{"type":"Feature","id":186,"geometry":{"type":"Polygon","coordinates":[[[-0.107813120000074,51.4228538714723],[-0.105871850717875,51.4225744533633],[-0.105511528785921,51.4225864671044],[-0.103470641049676,51.4226309757465],[-0.102691707787928,51.4226151996744],[-0.101393651814047,51.4225898391161],[-0.0968802455952018,51.4226665736089],[-0.0965658224349689,51.4227057327055],[-0.0957058072950548,51.4220071153198],[-0.0964606484120513,51.4211365887773],[-0.0969657900885606,51.4212725032432],[-0.0988897550513699,51.4202131350094],[-0.0991608232733144,51.4195172833626],[-0.098298946632854,51.4196455867811],[-0.0980404261002687,51.4191888494585],[-0.096576604536347,51.4185887007292],[-0.0958057947890955,51.4193867203641],[-0.0951368495065943,51.4194695981554],[-0.0965213719831978,51.4177009693969],[-0.0957136803438952,51.4174150805035],[-0.095686357352886,51.4170768955223],[-0.0971551284920989,51.4169673588913],[-0.0973812441315702,51.4166596792326],[-0.0969577768263544,51.4164650964127],[-0.0974428631211424,51.4149492049614],[-0.0975164344188759,51.4146261804158],[-0.0976092903295328,51.4142133517669],[-0.0971004975504092,51.4139006231102],[-0.0952755224230741,51.4133301799143],[-0.0933747381471416,51.4151601739098],[-0.0921074199427844,51.4137951692546],[-0.0924919862528393,51.4129174995203],[-0.0938517193535086,51.4109279315535],[-0.0972064109399804,51.4110172733414],[-0.0955763477795238,51.4098870697329],[-0.096760617940644,51.4092411744197],[-0.0987301403596348,51.4083895798001],[-0.0995831212350441,51.4081633897717],[-0.101291625778678,51.4079333063442],[-0.101943638159756,51.4078593621478],[-0.10555753510017,51.4073438593397],[-0.107577782282957,51.407865081267],[-0.107148453731272,51.4095116575068],[-0.107301399744941,51.4101208569634],[-0.109342048341976,51.4115210450656],[-0.10938543820419,51.4115393891178],[-0.112199423497057,51.4123261447275],[-0.111543766928577,51.4125717963627],[-0.111146603198159,51.412377425667],[-0.10860120032222,51.4134188223625],[-0.109854165006579,51.4149347599829],[-0.109389723092263,51.4153352216096],[-0.109918492571866,51.415440154413],[-0.110522912507457,51.4151092044875],[-0.110281144538777,51.4155055462497],[-0.110694808517604,51.4156783647643],[-0.113281196714839,51.4138683257702],[-0.113789183292355,51.4142124756417],[-0.11470585112514,51.414233008227],[-0.114872130663338,51.4148025316563],[-0.113984627087565,51.4155646829177],[-0.114588256925812,51.415292264684],[-0.115003811821741,51.4154878188134],[-0.114290804446707,51.4161578085148],[-0.114654068730758,51.4163251931638],[-0.115216914986193,51.4160511260903],[-0.116767220951097,51.416949492853],[-0.118709077238728,51.4177951814099],[-0.11944830938058,51.4178934500475],[-0.119770013029093,51.4176321301114],[-0.120363120873223,51.417794146753],[-0.120020536049621,51.418620137694],[-0.119955258264919,51.4187224333486],[-0.115886154220681,51.420471759562],[-0.115387842161605,51.4208356122481],[-0.112686526500219,51.4232281402081],[-0.110054717845846,51.423133850295],[-0.107813120000074,51.4228538714723]]]},"properties":{"FID":186,"MSOA21CD":"E02000195","MSOA21NM":"Croydon 002","MSOA21NMW":" ","BNG_E":531793,"BNG_N":170156,"LAT":51.41511,"LONG":-0.10617,"Shape__Area":1933283.7114639282,"Shape__Length":8540.45005132782,"GlobalID":"98dfd149-3cb0-4c03-beeb-4022aa707eb8"}},{"type":"Feature","id":187,"geometry":{"type":"Polygon","coordinates":[[[-0.118709077238728,51.4177951814099],[-0.116767220951097,51.416949492853],[-0.115216914986193,51.4160511260903],[-0.114654068730758,51.4163251931638],[-0.114290804446707,51.4161578085148],[-0.115003811821741,51.4154878188134],[-0.114588256925812,51.415292264684],[-0.113984627087565,51.4155646829177],[-0.114872130663338,51.4148025316563],[-0.11470585112514,51.414233008227],[-0.113789183292355,51.4142124756417],[-0.113281196714839,51.4138683257702],[-0.110694808517604,51.4156783647643],[-0.110281144538777,51.4155055462497],[-0.110522912507457,51.4151092044875],[-0.109918492571866,51.415440154413],[-0.109389723092263,51.4153352216096],[-0.109854165006579,51.4149347599829],[-0.10860120032222,51.4134188223625],[-0.111146603198159,51.412377425667],[-0.111543766928577,51.4125717963627],[-0.112199423497057,51.4123261447275],[-0.10938543820419,51.4115393891178],[-0.109342048341976,51.4115210450656],[-0.107301399744941,51.4101208569634],[-0.107148453731272,51.4095116575068],[-0.107577782282957,51.407865081267],[-0.10555753510017,51.4073438593397],[-0.105704616093089,51.4072720416137],[-0.109992140216108,51.4053461421376],[-0.110535623350849,51.4049465993944],[-0.113737270061994,51.4029077319499],[-0.113756731014529,51.4028998393704],[-0.118056507430285,51.4020099352725],[-0.118379704060647,51.4031734677135],[-0.116988428877532,51.403514193462],[-0.117156946802905,51.4038193172468],[-0.118631620841761,51.4035209870175],[-0.11864563708217,51.4039629887347],[-0.118600493397625,51.4039891976405],[-0.118823960770506,51.4048294647889],[-0.117206519221848,51.4054059158926],[-0.117412808152058,51.4057010981789],[-0.118247762706843,51.4064036954183],[-0.119583477371665,51.406747435248],[-0.120771361958544,51.4064168532666],[-0.120903236889435,51.4066438036707],[-0.121682283719893,51.4067906844116],[-0.122247014622969,51.4080864507731],[-0.122592224817206,51.4083798291529],[-0.124154029971704,51.4080186011273],[-0.124519785575743,51.4082290659963],[-0.122378889693502,51.4086719323134],[-0.12274978399452,51.4091223939188],[-0.122151930653298,51.4091548050898],[-0.122225639408509,51.4094717892416],[-0.122886468031601,51.4108572865953],[-0.122185203663963,51.4107678213022],[-0.121580830927733,51.4113644468504],[-0.122747942868219,51.4118475769103],[-0.123593647823246,51.4123409554622],[-0.123148633500561,51.4127146555793],[-0.123211656087927,51.4134105716856],[-0.122488896736406,51.4133554972614],[-0.122386863271707,51.4138695074022],[-0.121463854674064,51.4135892859016],[-0.11896605337983,51.4140139757567],[-0.119603428222317,51.414566034805],[-0.118895873176281,51.4146881767242],[-0.118890845697728,51.4150377245406],[-0.122558959120883,51.4150301630491],[-0.120363120873223,51.417794146753],[-0.119770013029093,51.4176321301114],[-0.11944830938058,51.4178934500475],[-0.118709077238728,51.4177951814099]]]},"properties":{"FID":187,"MSOA21CD":"E02000196","MSOA21NM":"Croydon 003","MSOA21NMW":" ","BNG_E":531198,"BNG_N":169414,"LAT":51.40858,"LONG":-0.115,"Shape__Area":1219409.8103408813,"Shape__Length":7304.3254659765025,"GlobalID":"3bee304a-f6c3-478d-a35e-9023e6e7352a"}},{"type":"Feature","id":188,"geometry":{"type":"Polygon","coordinates":[[[-0.118890845697728,51.4150377245406],[-0.118895873176281,51.4146881767242],[-0.119603428222317,51.414566034805],[-0.11896605337983,51.4140139757567],[-0.121463854674064,51.4135892859016],[-0.122386863271707,51.4138695074022],[-0.122488896736406,51.4133554972614],[-0.123211656087927,51.4134105716856],[-0.123148633500561,51.4127146555793],[-0.123593647823246,51.4123409554622],[-0.122747942868219,51.4118475769103],[-0.121580830927733,51.4113644468504],[-0.122185203663963,51.4107678213022],[-0.122886468031601,51.4108572865953],[-0.122225639408509,51.4094717892416],[-0.122151930653298,51.4091548050898],[-0.12274978399452,51.4091223939188],[-0.122378889693502,51.4086719323134],[-0.124519785575743,51.4082290659963],[-0.124154029971704,51.4080186011273],[-0.122592224817206,51.4083798291529],[-0.122247014622969,51.4080864507731],[-0.121682283719893,51.4067906844116],[-0.120903236889435,51.4066438036707],[-0.120771361958544,51.4064168532666],[-0.119583477371665,51.406747435248],[-0.118247762706843,51.4064036954183],[-0.117412808152058,51.4057010981789],[-0.117206519221848,51.4054059158926],[-0.118823960770506,51.4048294647889],[-0.118600493397625,51.4039891976405],[-0.11864563708217,51.4039629887347],[-0.118631620841761,51.4035209870175],[-0.117156946802905,51.4038193172468],[-0.116988428877532,51.403514193462],[-0.118379704060647,51.4031734677135],[-0.118056507430285,51.4020099352725],[-0.118590551266653,51.4018966321209],[-0.119869370620108,51.4014320229877],[-0.121285113928838,51.400926201111],[-0.125470412312893,51.3987219608648],[-0.125838922183189,51.3995111809278],[-0.126861976016288,51.4005357326882],[-0.12737660025585,51.4010498054559],[-0.128235226030041,51.4019216791429],[-0.128719048420303,51.40227960791],[-0.129227157590537,51.4025802244678],[-0.130469766735481,51.4032660779408],[-0.131507012389567,51.4049271011503],[-0.131391143796848,51.4050616680253],[-0.132038639584228,51.4063109073202],[-0.132147989629556,51.4065761706789],[-0.132454672196155,51.408405505031],[-0.131937133085616,51.4085021153524],[-0.132063107142371,51.4091705460805],[-0.131386361624708,51.4092149398532],[-0.131232591393762,51.4095044853636],[-0.129452066190057,51.4095744667195],[-0.127836493685974,51.4117412262494],[-0.127698425845624,51.4120743800731],[-0.127781803098398,51.4123154643827],[-0.127619492674759,51.412388124091],[-0.127568125125693,51.412410256657],[-0.126911404520714,51.4127072534345],[-0.126516002064193,51.4129010679449],[-0.125745949084724,51.4126912653528],[-0.125009866589506,51.4132841210535],[-0.124467598959548,51.4133146033527],[-0.124143810932241,51.4146423924735],[-0.123039033940422,51.4150322057268],[-0.122969237362254,51.4150290914121],[-0.122558959120883,51.4150301630491],[-0.118890845697728,51.4150377245406]]]},"properties":{"FID":188,"MSOA21CD":"E02000197","MSOA21NM":"Croydon 004","MSOA21NMW":" ","BNG_E":530529,"BNG_N":169171,"LAT":51.40655,"LONG":-0.1247,"Shape__Area":996563.43863677979,"Shape__Length":6138.2346656959053,"GlobalID":"c22f02bb-a6e3-46ce-81dc-bec686652429"}},{"type":"Feature","id":189,"geometry":{"type":"Polygon","coordinates":[[[-0.0916649144876763,51.4128448747954],[-0.0905762167695585,51.4115052498435],[-0.0882212191323193,51.4121914666889],[-0.087863867522876,51.41164469029],[-0.08763863828814,51.4113000177576],[-0.0868120594443793,51.4096618630903],[-0.0865880544043767,51.4086660954349],[-0.0869810721961024,51.4085071612005],[-0.0890137182173058,51.4075714180961],[-0.0893922652620691,51.4074442512926],[-0.0897374845201269,51.4080311050577],[-0.0902751439275149,51.4084600747074],[-0.0913717563386267,51.4086224919242],[-0.0934616530967802,51.4079655645833],[-0.0931750913556607,51.4076575640387],[-0.0941412477666951,51.4073647164361],[-0.0944153643340106,51.4076616042433],[-0.0941888473067865,51.4074119193269],[-0.0975108589729167,51.4059039299527],[-0.097960898988321,51.4051225645268],[-0.0970472790695245,51.4050907581293],[-0.0967713363256833,51.4047083365615],[-0.0958546695353195,51.4038585541986],[-0.0965272356365065,51.4033505603549],[-0.0975129380580866,51.402924606616],[-0.0972540184496791,51.4023176208885],[-0.0968911689969423,51.4019539141043],[-0.097381310710726,51.401767924274],[-0.0971007060786881,51.4013087930797],[-0.0981171343390809,51.4009951734981],[-0.097439634485833,51.4002189299261],[-0.0982013177507028,51.3996019560331],[-0.0990925801628278,51.4006280667841],[-0.0997954569198322,51.400516797935],[-0.0985666340071899,51.3991883067695],[-0.0991018448092737,51.3993223229869],[-0.0999128943871559,51.3994643091851],[-0.100755339431252,51.3989459730847],[-0.100821563909008,51.3989896719074],[-0.102716148039229,51.4003124154733],[-0.104005150393375,51.4012321426198],[-0.104109427343545,51.4013038654709],[-0.105637254024622,51.4023542221864],[-0.107916815513433,51.4039207189914],[-0.108818709652211,51.4045400358771],[-0.109992140216108,51.4053461421376],[-0.105704616093089,51.4072720416137],[-0.10555753510017,51.4073438593397],[-0.101943638159756,51.4078593621478],[-0.101291625778678,51.4079333063442],[-0.0995831212350441,51.4081633897717],[-0.0987301403596348,51.4083895798001],[-0.096760617940644,51.4092411744197],[-0.0955763477795238,51.4098870697329],[-0.0972064109399804,51.4110172733414],[-0.0938517193535086,51.4109279315535],[-0.0924919862528393,51.4129174995203],[-0.0916649144876763,51.4128448747954]]]},"properties":{"FID":189,"MSOA21CD":"E02000198","MSOA21NM":"Croydon 005","MSOA21NMW":" ","BNG_E":532367,"BNG_N":168963,"LAT":51.40426,"LONG":-0.09837,"Shape__Area":889159.4133682251,"Shape__Length":6125.8971359212373,"GlobalID":"afe2eab0-8722-4f44-9b30-79a96cf4129d"}},{"type":"Feature","id":190,"geometry":{"type":"Polygon","coordinates":[[[-0.0856512496230198,51.4074486425137],[-0.0845012576909221,51.4063639143451],[-0.0829863391965716,51.405440148031],[-0.0834357610795933,51.4051815685061],[-0.0846185836832977,51.4045008636597],[-0.0853779371755062,51.4040742784584],[-0.0874141147119773,51.4032192299587],[-0.0860465829419026,51.4021612146168],[-0.0840043298303114,51.4016367327134],[-0.0855271951918816,51.4000033214805],[-0.0857425638164176,51.3997837848218],[-0.0867727909874517,51.3991463521166],[-0.0903153398911149,51.3983866786297],[-0.0903198060726597,51.3983884474397],[-0.0925088680606512,51.397691419341],[-0.0926889284483389,51.3975601196641],[-0.0930949422954631,51.3976598655903],[-0.0936850855373233,51.3976644877255],[-0.0944044666342582,51.397014044989],[-0.0948135959648722,51.3970360672544],[-0.0959093735992136,51.3976478005739],[-0.0952718566372482,51.3982910497142],[-0.0956879170601588,51.3984115343861],[-0.0954843962916336,51.3986346517433],[-0.0966454621639961,51.398716469584],[-0.0964122231950382,51.3990338522867],[-0.0967597179553326,51.3993841593355],[-0.0961410897916431,51.4000098512808],[-0.0970361996740826,51.4004218518609],[-0.097439634485833,51.4002189299261],[-0.0981171343390809,51.4009951734981],[-0.0971007060786881,51.4013087930797],[-0.097381310710726,51.401767924274],[-0.0968911689969423,51.4019539141043],[-0.0972540184496791,51.4023176208885],[-0.0975129380580866,51.402924606616],[-0.0965272356365065,51.4033505603549],[-0.0958546695353195,51.4038585541986],[-0.0967713363256833,51.4047083365615],[-0.0970472790695245,51.4050907581293],[-0.097960898988321,51.4051225645268],[-0.0975108589729167,51.4059039299527],[-0.0941888473067865,51.4074119193269],[-0.0944153643340106,51.4076616042433],[-0.0941412477666951,51.4073647164361],[-0.0931750913556607,51.4076575640387],[-0.0934616530967802,51.4079655645833],[-0.0913717563386267,51.4086224919242],[-0.0902751439275149,51.4084600747074],[-0.0897374845201269,51.4080311050577],[-0.0893922652620691,51.4074442512926],[-0.0890137182173058,51.4075714180961],[-0.0869810721961024,51.4085071612005],[-0.0865880544043767,51.4086660954349],[-0.0856512496230198,51.4074486425137]]]},"properties":{"FID":190,"MSOA21CD":"E02000199","MSOA21NM":"Croydon 006","MSOA21NMW":" ","BNG_E":532913,"BNG_N":168878,"LAT":51.40337,"LONG":-0.09056,"Shape__Area":865556.64418792725,"Shape__Length":4672.4258666827045,"GlobalID":"b98fd0c7-6952-4722-a77c-a6cdfc4508d4"}},{"type":"Feature","id":191,"geometry":{"type":"Polygon","coordinates":[[[-0.0772511967135186,51.4110513603354],[-0.0768735475583474,51.4106175171649],[-0.0749129910549052,51.4106603903912],[-0.074247975470143,51.4097353396879],[-0.0729846773407804,51.4088016053813],[-0.0728155585905792,51.4085524501247],[-0.071544435590996,51.4073953760749],[-0.0748714349669369,51.4060837462598],[-0.075893513372662,51.4056467693729],[-0.0771682014511407,51.4051696734013],[-0.0750314444900161,51.4035917465386],[-0.0749892184255664,51.4035461877646],[-0.0746177667880525,51.4033535437406],[-0.0739635536542989,51.4023922116731],[-0.0733079361766371,51.4022555216204],[-0.0731675318271745,51.4017253783001],[-0.0721721599728974,51.4017671563738],[-0.0726797714988026,51.4008551287547],[-0.0727162327798722,51.400832674927],[-0.0734363211992188,51.4003336808732],[-0.0744357302456107,51.400732401826],[-0.0746137344414509,51.400804401665],[-0.0744151952154579,51.3996518330533],[-0.0749930056542126,51.3996867811572],[-0.076132301221612,51.3988519988923],[-0.0742298908581386,51.3979131902178],[-0.0748181608758397,51.396819912485],[-0.077059318025324,51.3932394984252],[-0.0770684303676078,51.393226163765],[-0.0792067809309021,51.393655351547],[-0.0810283486453693,51.3957257560974],[-0.081265341204139,51.3960508823652],[-0.082087550711866,51.3969103340734],[-0.0827999248412468,51.3974774288422],[-0.0834172371010949,51.3979612191448],[-0.0842927444033549,51.3986544558272],[-0.0843659166145026,51.3987116220329],[-0.0854955825594165,51.3996096573779],[-0.0857425638164176,51.3997837848218],[-0.0855271951918816,51.4000033214805],[-0.0840043298303114,51.4016367327134],[-0.0860465829419026,51.4021612146168],[-0.0874141147119773,51.4032192299587],[-0.0853779371755062,51.4040742784584],[-0.0846185836832977,51.4045008636597],[-0.0834357610795933,51.4051815685061],[-0.0829863391965716,51.405440148031],[-0.0845012576909221,51.4063639143451],[-0.0856512496230198,51.4074486425137],[-0.0865880544043767,51.4086660954349],[-0.0868120594443793,51.4096618630903],[-0.0848557066148927,51.4097359404843],[-0.0839797054897636,51.4093663501519],[-0.0826207081468017,51.408874140191],[-0.0823624506595011,51.4105785166868],[-0.0812993822325869,51.4105650055141],[-0.081351442955939,51.4099969765544],[-0.0808616397059529,51.409906304565],[-0.0809419375777634,51.4105696533168],[-0.0796851530707818,51.4110611413035],[-0.0789236629748897,51.4107244336482],[-0.0786043602646692,51.4110384522067],[-0.0782087915835041,51.4108701082922],[-0.0775132044000448,51.4106886617726],[-0.0772511967135186,51.4110513603354]]]},"properties":{"FID":191,"MSOA21CD":"E02000200","MSOA21NM":"Croydon 007","MSOA21NMW":" ","BNG_E":533678,"BNG_N":168811,"LAT":51.40258,"LONG":-0.07959,"Shape__Area":1249949.552520752,"Shape__Length":6521.9736404535506,"GlobalID":"4f558fc0-47d7-4359-b01f-59640a30bfa4"}},{"type":"Feature","id":192,"geometry":{"type":"Polygon","coordinates":[[[-0.0644300074879713,51.4018280975328],[-0.0637295776425841,51.4015598386531],[-0.063089318561312,51.4009517042363],[-0.0658285217106132,51.3997837449159],[-0.066234322059403,51.399624636196],[-0.0664829345508807,51.3998277784215],[-0.0665917824099646,51.3996331416525],[-0.0662277667826499,51.3990435671854],[-0.066857007321461,51.3986237654231],[-0.0663459898299511,51.3980991531357],[-0.0668150702629003,51.3978633294536],[-0.0661728813890547,51.3973942274589],[-0.0652758194622939,51.3978529505927],[-0.0628854125110193,51.3964450483129],[-0.0624060267898161,51.3965630076973],[-0.0621449440486936,51.3974503527951],[-0.0615299183280782,51.3976068173706],[-0.0588175857234745,51.3970491393944],[-0.0595842606119408,51.3966601169387],[-0.0608035107490799,51.3949824304832],[-0.0619006581656708,51.3951563199967],[-0.0635360805023966,51.3947538533132],[-0.0637864023017412,51.3949715499907],[-0.0641496503556716,51.3961242520476],[-0.0659188282658473,51.3956800760252],[-0.0654618728098309,51.3947753417593],[-0.0668474307805735,51.3943860498004],[-0.0667282662171258,51.3941428888196],[-0.0671416644337734,51.3940334360959],[-0.066855219372998,51.3933273125573],[-0.0675622661105981,51.3932347162609],[-0.06767683375328,51.3935184381384],[-0.06790991436123,51.3945128359037],[-0.0694684537386506,51.3943478618642],[-0.0696742166084337,51.3947529307698],[-0.0691839157234185,51.3949641156153],[-0.0694635038478333,51.3952443139266],[-0.0702609048240663,51.3952446005271],[-0.0702839897476001,51.3947307288393],[-0.0714196160584139,51.3945259874589],[-0.0708635023563473,51.393576378905],[-0.0709421361690255,51.3935568215776],[-0.0729028517041201,51.3936036485074],[-0.074613837748945,51.3952571903743],[-0.0738297274418545,51.3951629904846],[-0.0729800798847389,51.3960286845727],[-0.073831395954689,51.3966708557242],[-0.0748181608758397,51.396819912485],[-0.0742298908581386,51.3979131902178],[-0.076132301221612,51.3988519988923],[-0.0749930056542126,51.3996867811572],[-0.0744151952154579,51.3996518330533],[-0.0746137344414509,51.400804401665],[-0.0744357302456107,51.400732401826],[-0.0734363211992188,51.4003336808732],[-0.0727162327798722,51.400832674927],[-0.0726797714988026,51.4008551287547],[-0.0721721599728974,51.4017671563738],[-0.0731675318271745,51.4017253783001],[-0.0733079361766371,51.4022555216204],[-0.0739635536542989,51.4023922116731],[-0.0746177667880525,51.4033535437406],[-0.0749892184255664,51.4035461877646],[-0.0750314444900161,51.4035917465386],[-0.0771682014511407,51.4051696734013],[-0.075893513372662,51.4056467693729],[-0.0748714349669369,51.4060837462598],[-0.071544435590996,51.4073953760749],[-0.07127692886752,51.4072075588466],[-0.0698771752461786,51.4059907243165],[-0.0694645475673687,51.4054218247863],[-0.0685784883450089,51.4038442143801],[-0.0685727550437917,51.4038393554416],[-0.0681675221053943,51.4035811456239],[-0.0656765204172431,51.4023532924106],[-0.0644300074879713,51.4018280975328]]]},"properties":{"FID":192,"MSOA21CD":"E02000201","MSOA21NM":"Croydon 008","MSOA21NMW":" ","BNG_E":534489,"BNG_N":168432,"LAT":51.39899,"LONG":-0.06808,"Shape__Area":858549.21952056885,"Shape__Length":6721.5381620883172,"GlobalID":"0bb04bd2-58da-4c3b-a310-54acf30779e1"}},{"type":"Feature","id":193,"geometry":{"type":"Polygon","coordinates":[[[-0.105721366729558,51.3970493191357],[-0.105654872494046,51.3965954530533],[-0.10598392298446,51.3959942114405],[-0.105711487673153,51.3953652125302],[-0.105289971749922,51.3952811091362],[-0.104621365927704,51.3940937517137],[-0.104406518239788,51.3938892467852],[-0.107679853932196,51.3924037430447],[-0.108134134414634,51.392197841844],[-0.108756749858593,51.392806050289],[-0.109363085649905,51.3933789192162],[-0.110781710912502,51.3947174481205],[-0.108598425679135,51.3958836388179],[-0.109233747900651,51.3959540767456],[-0.111192857408159,51.3958388687702],[-0.111295052569424,51.3958290313992],[-0.112156588880225,51.3956972245724],[-0.113151332999307,51.3970386101727],[-0.114801180847961,51.3963778237216],[-0.114923066213637,51.3963281938078],[-0.115212885276892,51.3962108411815],[-0.116358247829505,51.3983143707998],[-0.116907880207846,51.3990954759872],[-0.117642502958062,51.4002428855974],[-0.117771193490798,51.4004436041844],[-0.118071533627308,51.4008982204431],[-0.118590551266653,51.4018966321209],[-0.118056507430285,51.4020099352725],[-0.113756731014529,51.4028998393704],[-0.113737270061994,51.4029077319499],[-0.110535623350849,51.4049465993944],[-0.109992140216108,51.4053461421376],[-0.108818709652211,51.4045400358771],[-0.107916815513433,51.4039207189914],[-0.105637254024622,51.4023542221864],[-0.107959773544272,51.4016812648752],[-0.106460796521551,51.4007176436771],[-0.106433670990817,51.4007015673086],[-0.106099146088028,51.4000567471693],[-0.104771904556318,51.3993208516985],[-0.105524484963706,51.3988361078638],[-0.106829413252206,51.3981371656791],[-0.105721366729558,51.3970493191357]]]},"properties":{"FID":193,"MSOA21CD":"E02000202","MSOA21NM":"Croydon 009","MSOA21NMW":" ","BNG_E":531473,"BNG_N":168478,"LAT":51.40011,"LONG":-0.1114,"Shape__Area":735518.01324462891,"Shape__Length":4558.0514939199747,"GlobalID":"5ce9c5e0-db49-4190-ac54-b490be55cd46"}},{"type":"Feature","id":194,"geometry":{"type":"Polygon","coordinates":[[[-0.100821563909008,51.3989896719074],[-0.100755339431252,51.3989459730847],[-0.0999128943871559,51.3994643091851],[-0.0991018448092737,51.3993223229869],[-0.0985666340071899,51.3991883067695],[-0.0997954569198322,51.400516797935],[-0.0990925801628278,51.4006280667841],[-0.0982013177507028,51.3996019560331],[-0.097439634485833,51.4002189299261],[-0.0970361996740826,51.4004218518609],[-0.0961410897916431,51.4000098512808],[-0.0967597179553326,51.3993841593355],[-0.0964122231950382,51.3990338522867],[-0.0966454621639961,51.398716469584],[-0.0954843962916336,51.3986346517433],[-0.0956879170601588,51.3984115343861],[-0.0952718566372482,51.3982910497142],[-0.0959093735992136,51.3976478005739],[-0.0948135959648722,51.3970360672544],[-0.0944044666342582,51.397014044989],[-0.0936850855373233,51.3976644877255],[-0.0930949422954631,51.3976598655903],[-0.0926889284483389,51.3975601196641],[-0.0925088680606512,51.397691419341],[-0.0903198060726597,51.3983884474397],[-0.0903153398911149,51.3983866786297],[-0.0867727909874517,51.3991463521166],[-0.0857425638164176,51.3997837848218],[-0.0854955825594165,51.3996096573779],[-0.0843659166145026,51.3987116220329],[-0.0842927444033549,51.3986544558272],[-0.0834172371010949,51.3979612191448],[-0.0827999248412468,51.3974774288422],[-0.0849256944634887,51.3961744497471],[-0.0854373614321226,51.3966191153516],[-0.0859096450722878,51.3964539943383],[-0.0861937865901277,51.3966929654861],[-0.0865887926011149,51.396477021071],[-0.0873437928679805,51.3966683496522],[-0.0885464209525098,51.396078913056],[-0.0891263913018443,51.3963532243128],[-0.0899795156902346,51.395947359951],[-0.0894806214531376,51.3954822782174],[-0.0912972006165783,51.3944628473608],[-0.0911246685492011,51.3942566502794],[-0.0931113764251578,51.3950268016988],[-0.0931050663771951,51.3950388804268],[-0.0945654937938991,51.3955606879506],[-0.0966735817074251,51.396462505565],[-0.0976917391995743,51.3969571504756],[-0.0979190511105411,51.3970765711963],[-0.0987523372283244,51.3961075949964],[-0.0997484362009373,51.3953761770718],[-0.099470597932702,51.3951668356671],[-0.0997411192592631,51.3947037218917],[-0.0988549456361386,51.3945013994423],[-0.0984199158148243,51.3944614446654],[-0.0986985298044852,51.3942080836463],[-0.097838115699515,51.3934589325739],[-0.0987256845221044,51.3929989303631],[-0.0981136746226319,51.3927620142518],[-0.0978284460690401,51.3922928413787],[-0.0988481951075873,51.3917394457172],[-0.101218095212639,51.3904495268337],[-0.101297029036446,51.390944040465],[-0.101515921830605,51.3920228446339],[-0.103005116873996,51.3920342299758],[-0.103139764426723,51.3925538861915],[-0.103252546293927,51.3928757243264],[-0.102689976883763,51.3933741072861],[-0.103666585640648,51.3933069568415],[-0.104422092413946,51.3933978372162],[-0.104406518239788,51.3938892467852],[-0.104621365927704,51.3940937517137],[-0.105289971749922,51.3952811091362],[-0.105711487673153,51.3953652125302],[-0.10598392298446,51.3959942114405],[-0.105654872494046,51.3965954530533],[-0.105721366729558,51.3970493191357],[-0.106829413252206,51.3981371656791],[-0.105524484963706,51.3988361078638],[-0.104771904556318,51.3993208516985],[-0.106099146088028,51.4000567471693],[-0.106433670990817,51.4007015673086],[-0.106460796521551,51.4007176436771],[-0.107959773544272,51.4016812648752],[-0.105637254024622,51.4023542221864],[-0.104109427343545,51.4013038654709],[-0.104005150393375,51.4012321426198],[-0.102716148039229,51.4003124154733],[-0.100821563909008,51.3989896719074]]]},"properties":{"FID":194,"MSOA21CD":"E02000203","MSOA21NM":"Croydon 010","MSOA21NMW":" ","BNG_E":532132,"BNG_N":168080,"LAT":51.39638,"LONG":-0.10208,"Shape__Area":774098.44500732422,"Shape__Length":7219.75818410976,"GlobalID":"2d7eabaf-f06b-403b-8c69-f1278eeb53fa"}},{"type":"Feature","id":195,"geometry":{"type":"Polygon","coordinates":[[[-0.116358247829505,51.3983143707998],[-0.115212885276892,51.3962108411815],[-0.114923066213637,51.3963281938078],[-0.114801180847961,51.3963778237216],[-0.113151332999307,51.3970386101727],[-0.112156588880225,51.3956972245724],[-0.111295052569424,51.3958290313992],[-0.111192857408159,51.3958388687702],[-0.109233747900651,51.3959540767456],[-0.108598425679135,51.3958836388179],[-0.110781710912502,51.3947174481205],[-0.109363085649905,51.3933789192162],[-0.108756749858593,51.392806050289],[-0.108134134414634,51.392197841844],[-0.107147610799772,51.3912196281405],[-0.107308173778466,51.3906691754845],[-0.106540787766265,51.389922648118],[-0.107319296096445,51.3897612403369],[-0.107971779456325,51.3903736616201],[-0.108688544840161,51.3902832453114],[-0.110153188041211,51.3918851756605],[-0.11101541709728,51.3912344344322],[-0.111176049398614,51.3906480619683],[-0.112472835358863,51.3907981249865],[-0.112618096526319,51.3910161746338],[-0.112242697492739,51.391374279537],[-0.113361379249941,51.3928186429551],[-0.113851455760281,51.3925444143646],[-0.114497529361557,51.3923040047115],[-0.114247908150147,51.3920271215247],[-0.113744255422701,51.3912039090332],[-0.115505145885939,51.390701111652],[-0.115053106202148,51.3900005467677],[-0.115871190168714,51.3897339308521],[-0.116819242172128,51.3905716190671],[-0.118304008934091,51.391159818018],[-0.119132132476171,51.390677630356],[-0.120446958633101,51.3899484884458],[-0.120932391934101,51.3899750075586],[-0.120946364858667,51.3898189718621],[-0.122411016743627,51.3907554694564],[-0.122757582734948,51.390224459639],[-0.122335176453748,51.3900919155462],[-0.123241502560485,51.3892288293332],[-0.124542591758985,51.3895635537896],[-0.125656572401954,51.3894196974578],[-0.12755885482045,51.3903345866831],[-0.127655581131378,51.3907326322496],[-0.126659891656091,51.3918140178672],[-0.126429965630324,51.3926770468524],[-0.126283491679275,51.3934872009772],[-0.126748055041669,51.3943172496996],[-0.127872144166795,51.3948306477371],[-0.126987741738467,51.3954721063176],[-0.124196215422337,51.3976010492354],[-0.124436637489308,51.3979617860108],[-0.125332297410265,51.3983065338978],[-0.125668771851603,51.3983645203648],[-0.125470412312893,51.3987219608648],[-0.121285113928838,51.400926201111],[-0.119869370620108,51.4014320229877],[-0.118590551266653,51.4018966321209],[-0.118071533627308,51.4008982204431],[-0.117771193490798,51.4004436041844],[-0.117642502958062,51.4002428855974],[-0.116907880207846,51.3990954759872],[-0.116358247829505,51.3983143707998]]]},"properties":{"FID":195,"MSOA21CD":"E02000204","MSOA21NM":"Croydon 011","MSOA21NMW":" ","BNG_E":531025,"BNG_N":167956,"LAT":51.39552,"LONG":-0.11802,"Shape__Area":1084960.4901046753,"Shape__Length":6436.7396354324928,"GlobalID":"5fb3d3a7-fc3d-4111-9be0-732741140d11"}},{"type":"Feature","id":196,"geometry":{"type":"Polygon","coordinates":[[[-0.082087550711866,51.3969103340734],[-0.081265341204139,51.3960508823652],[-0.0810283486453693,51.3957257560974],[-0.0792067809309021,51.393655351547],[-0.0770684303676078,51.393226163765],[-0.0771393565069087,51.3931287434135],[-0.0786240984599916,51.3912793429826],[-0.0808278121941461,51.3896173663707],[-0.0811656895934206,51.38941732983],[-0.0824044106685647,51.3884415724805],[-0.084815548344192,51.3868109983777],[-0.0870154683780836,51.3851116045748],[-0.0873296158557602,51.3848372559075],[-0.0881079054239707,51.3840981018906],[-0.0889869253857991,51.383140501596],[-0.0892460155016871,51.3828158719321],[-0.090547583836498,51.3811229403815],[-0.0927439909420362,51.3815758017471],[-0.092332645732271,51.3824995768762],[-0.092260454915948,51.3828032677804],[-0.0929169773709865,51.3829028102029],[-0.0922630171162332,51.3841579075675],[-0.0919862851433916,51.3845676925828],[-0.0928649878314309,51.3845925417863],[-0.0919134075517058,51.386688186385],[-0.0923378283441864,51.3867657788587],[-0.0922007556250253,51.3871278459472],[-0.0944645904362754,51.3874747301165],[-0.0956550830499584,51.3873626776846],[-0.0956114110813895,51.3870283073975],[-0.0965764169255853,51.386880917162],[-0.0964975135141114,51.3870504993856],[-0.0989747084829223,51.3890684040427],[-0.0994917483348962,51.3887529940274],[-0.100363641356326,51.3887858987468],[-0.0970143828305955,51.3908718521386],[-0.0969967023549156,51.3908819157463],[-0.0980245783559689,51.3917102701842],[-0.0988481951075873,51.3917394457172],[-0.0978284460690401,51.3922928413787],[-0.0981136746226319,51.3927620142518],[-0.0987256845221044,51.3929989303631],[-0.097838115699515,51.3934589325739],[-0.0986985298044852,51.3942080836463],[-0.0984199158148243,51.3944614446654],[-0.0988549456361386,51.3945013994423],[-0.0997411192592631,51.3947037218917],[-0.099470597932702,51.3951668356671],[-0.0997484362009373,51.3953761770718],[-0.0987523372283244,51.3961075949964],[-0.0979190511105411,51.3970765711963],[-0.0976917391995743,51.3969571504756],[-0.0966735817074251,51.396462505565],[-0.0945654937938991,51.3955606879506],[-0.0931050663771951,51.3950388804268],[-0.0931113764251578,51.3950268016988],[-0.0911246685492011,51.3942566502794],[-0.0912972006165783,51.3944628473608],[-0.0894806214531376,51.3954822782174],[-0.0899795156902346,51.395947359951],[-0.0891263913018443,51.3963532243128],[-0.0885464209525098,51.396078913056],[-0.0873437928679805,51.3966683496522],[-0.0865887926011149,51.396477021071],[-0.0861937865901277,51.3966929654861],[-0.0859096450722878,51.3964539943383],[-0.0854373614321226,51.3966191153516],[-0.0849256944634887,51.3961744497471],[-0.0827999248412468,51.3974774288422],[-0.082087550711866,51.3969103340734]]]},"properties":{"FID":196,"MSOA21CD":"E02000206","MSOA21NM":"Croydon 013","MSOA21NMW":" ","BNG_E":533077,"BNG_N":167349,"LAT":51.38959,"LONG":-0.08877,"Shape__Area":1466122.2163772583,"Shape__Length":6812.4473467261905,"GlobalID":"f06a2f99-3997-4a59-8ff5-1ba51bb64c25"}},{"type":"Feature","id":197,"geometry":{"type":"Polygon","coordinates":[[[-0.0729800798847389,51.3960286845727],[-0.0738297274418545,51.3951629904846],[-0.074613837748945,51.3952571903743],[-0.0729028517041201,51.3936036485074],[-0.0709421361690255,51.3935568215776],[-0.0708635023563473,51.393576378905],[-0.0714196160584139,51.3945259874589],[-0.0702839897476001,51.3947307288393],[-0.0702609048240663,51.3952446005271],[-0.0694635038478333,51.3952443139266],[-0.0691839157234185,51.3949641156153],[-0.0696742166084337,51.3947529307698],[-0.0694684537386506,51.3943478618642],[-0.06790991436123,51.3945128359037],[-0.06767683375328,51.3935184381384],[-0.0675622661105981,51.3932347162609],[-0.066855219372998,51.3933273125573],[-0.0671416644337734,51.3940334360959],[-0.0667282662171258,51.3941428888196],[-0.0663266790997235,51.3933145391214],[-0.0658876883072889,51.3924869123746],[-0.0656219938447842,51.3919003203743],[-0.0659205538934407,51.3916302338016],[-0.0655766883282928,51.3911879340264],[-0.0652091230888963,51.3912869523035],[-0.0648126304654369,51.3907089251161],[-0.0639529927049896,51.3905267608268],[-0.0644980554194547,51.3896795144404],[-0.0639983040154582,51.3892368062103],[-0.064623042404676,51.3890644224593],[-0.0648521045972494,51.3880530352311],[-0.0645498628809787,51.387454226229],[-0.0630141929289269,51.3859964476497],[-0.0622067841400124,51.3863269456098],[-0.0599544580499384,51.3875561145666],[-0.059471661083709,51.3871086315332],[-0.0590236784657827,51.3870201603066],[-0.0573418314519996,51.3873317761827],[-0.0558400469163181,51.387022828428],[-0.056269609281415,51.3878107428347],[-0.055876269977609,51.3882127268461],[-0.0539902460390304,51.3879613200273],[-0.0540133710316814,51.3884681839523],[-0.0534041039580751,51.3887373687358],[-0.0535066350301474,51.3881824434343],[-0.0527484272649995,51.3873534363363],[-0.0518722590526244,51.3872251826021],[-0.050970745503753,51.3862299136562],[-0.0526140336354386,51.3856100447072],[-0.050562996478695,51.3840903222113],[-0.0527238394854703,51.3831978278613],[-0.0570391476937584,51.3844597296159],[-0.0573947710049331,51.3845465713374],[-0.0576726901313823,51.3840925582477],[-0.0573405491266004,51.3837902817274],[-0.0576120067468769,51.3834890363484],[-0.0598216505419083,51.3831237440757],[-0.0601801258156343,51.3838196430074],[-0.060888505819397,51.3837180988449],[-0.0606264478270071,51.3830400145576],[-0.0620901294605697,51.3827763263456],[-0.0621835382249716,51.3814911584184],[-0.0630990271006586,51.3811755669067],[-0.0636701534252803,51.3822855348531],[-0.0649994965506338,51.3833168243],[-0.0652989096540078,51.383535509559],[-0.0670227468416067,51.3827196481746],[-0.0673485206539526,51.382974611206],[-0.0665934941409831,51.3833773128857],[-0.0684105137901737,51.3848871525891],[-0.0678325354107132,51.3851421272579],[-0.0679478786394826,51.3855085158532],[-0.0681159677779234,51.3859005684124],[-0.0687136830456987,51.3856955649047],[-0.0708174048795952,51.3845325824095],[-0.0712550724644128,51.3849787515331],[-0.0716173201430905,51.3856787256605],[-0.0722425700623457,51.3858040903767],[-0.0712586359929255,51.386671570982],[-0.0729942735269236,51.3881413050053],[-0.0730805226129926,51.3882426794882],[-0.0749526392279388,51.3889157387809],[-0.0761440364592291,51.3885442598922],[-0.077491788814152,51.3897193528205],[-0.0778668977139483,51.3894864804004],[-0.0782428100549027,51.3896867815943],[-0.0798565226185653,51.388626833275],[-0.0800818737072901,51.3889574757549],[-0.0794746551426528,51.3893542511496],[-0.0808278121941461,51.3896173663707],[-0.0786240984599916,51.3912793429826],[-0.0771393565069087,51.3931287434135],[-0.0770684303676078,51.393226163765],[-0.077059318025324,51.3932394984252],[-0.0748181608758397,51.396819912485],[-0.073831395954689,51.3966708557242],[-0.0729800798847389,51.3960286845727]]]},"properties":{"FID":197,"MSOA21CD":"E02000207","MSOA21NM":"Croydon 014","MSOA21NMW":" ","BNG_E":534691,"BNG_N":167130,"LAT":51.38724,"LONG":-0.06567,"Shape__Area":1239854.6737976074,"Shape__Length":9129.9314753827857,"GlobalID":"d4660fa2-ca3c-4b83-aba9-1e86c4a85de0"}},{"type":"Feature","id":198,"geometry":{"type":"Polygon","coordinates":[[[-0.104422092413946,51.3933978372162],[-0.103666585640648,51.3933069568415],[-0.102689976883763,51.3933741072861],[-0.103252546293927,51.3928757243264],[-0.103139764426723,51.3925538861915],[-0.103005116873996,51.3920342299758],[-0.101515921830605,51.3920228446339],[-0.101297029036446,51.390944040465],[-0.101218095212639,51.3904495268337],[-0.0988481951075873,51.3917394457172],[-0.0980245783559689,51.3917102701842],[-0.0969967023549156,51.3908819157463],[-0.0970143828305955,51.3908718521386],[-0.100363641356326,51.3887858987468],[-0.0994917483348962,51.3887529940274],[-0.0989747084829223,51.3890684040427],[-0.0964975135141114,51.3870504993856],[-0.0977581708234173,51.386568897904],[-0.0987900001003461,51.387127189608],[-0.099265351029411,51.3869560592049],[-0.0998271957573674,51.38783742223],[-0.100127954862518,51.3880795386921],[-0.10088752731907,51.3875893473487],[-0.100292640608268,51.3870311419424],[-0.100682752356581,51.3868438216301],[-0.0999496369812684,51.3868884226223],[-0.0995356417787874,51.3864949277544],[-0.0999709511634179,51.3860052925541],[-0.100403839574608,51.3864949918991],[-0.101100437089774,51.3864168823188],[-0.100586233466828,51.3854649837057],[-0.101326668663602,51.3851709626202],[-0.104148380114988,51.3838588186644],[-0.10430214346083,51.383865390901],[-0.105558128324951,51.3836029663883],[-0.107499779231844,51.3831885858743],[-0.108746042087465,51.3841196399424],[-0.109018487270546,51.3843839049521],[-0.109397010856159,51.3848199796201],[-0.110211463822319,51.3857772324992],[-0.110380764997365,51.3860146384724],[-0.110446483170768,51.3861067951279],[-0.11070001882788,51.3864624651003],[-0.11089441717286,51.3867577929801],[-0.11115467664206,51.3872022668091],[-0.114179441339289,51.386084962547],[-0.114242757077155,51.3862465212878],[-0.115010132503212,51.386337906399],[-0.114736957951729,51.3868985991244],[-0.117535873674377,51.386509316896],[-0.11743608172706,51.3868420288729],[-0.116699474122655,51.3869607818399],[-0.117195799975203,51.3876994575533],[-0.115084908027934,51.3872185919303],[-0.114633854253642,51.3874126225198],[-0.115313483874529,51.3887039828757],[-0.115675176619156,51.3890231155556],[-0.115203361613391,51.3891183195395],[-0.115871190168714,51.3897339308521],[-0.115053106202148,51.3900005467677],[-0.115505145885939,51.390701111652],[-0.113744255422701,51.3912039090332],[-0.114247908150147,51.3920271215247],[-0.114497529361557,51.3923040047115],[-0.113851455760281,51.3925444143646],[-0.113361379249941,51.3928186429551],[-0.112242697492739,51.391374279537],[-0.112618096526319,51.3910161746338],[-0.112472835358863,51.3907981249865],[-0.111176049398614,51.3906480619683],[-0.11101541709728,51.3912344344322],[-0.110153188041211,51.3918851756605],[-0.108688544840161,51.3902832453114],[-0.107971779456325,51.3903736616201],[-0.107319296096445,51.3897612403369],[-0.106540787766265,51.389922648118],[-0.107308173778466,51.3906691754845],[-0.107147610799772,51.3912196281405],[-0.108134134414634,51.392197841844],[-0.107679853932196,51.3924037430447],[-0.104406518239788,51.3938892467852],[-0.104422092413946,51.3933978372162]]]},"properties":{"FID":198,"MSOA21CD":"E02000208","MSOA21NM":"Croydon 015","MSOA21NMW":" ","BNG_E":531833,"BNG_N":167200,"LAT":51.38854,"LONG":-0.1067,"Shape__Area":873080.22653198242,"Shape__Length":7047.9504414962,"GlobalID":"61247055-ca4b-4057-8b4f-a265cafdf027"}},{"type":"Feature","id":199,"geometry":{"type":"Polygon","coordinates":[[[-0.12755885482045,51.3903345866831],[-0.125656572401954,51.3894196974578],[-0.124542591758985,51.3895635537896],[-0.123241502560485,51.3892288293332],[-0.122335176453748,51.3900919155462],[-0.122757582734948,51.390224459639],[-0.122411016743627,51.3907554694564],[-0.120946364858667,51.3898189718621],[-0.120932391934101,51.3899750075586],[-0.120446958633101,51.3899484884458],[-0.119132132476171,51.390677630356],[-0.118304008934091,51.391159818018],[-0.116819242172128,51.3905716190671],[-0.115871190168714,51.3897339308521],[-0.115203361613391,51.3891183195395],[-0.115675176619156,51.3890231155556],[-0.115313483874529,51.3887039828757],[-0.114633854253642,51.3874126225198],[-0.115084908027934,51.3872185919303],[-0.117195799975203,51.3876994575533],[-0.116699474122655,51.3869607818399],[-0.11743608172706,51.3868420288729],[-0.117535873674377,51.386509316896],[-0.114736957951729,51.3868985991244],[-0.115010132503212,51.386337906399],[-0.114242757077155,51.3862465212878],[-0.114179441339289,51.386084962547],[-0.115845399443121,51.3856522702076],[-0.117833275689144,51.3855674259945],[-0.117914626515925,51.3855730527686],[-0.119825087353943,51.3856245067718],[-0.120819161652295,51.3854792636315],[-0.120446521529321,51.3850886765289],[-0.120790328686014,51.384796663689],[-0.121206428104787,51.3847611672327],[-0.12088754828864,51.3824888902508],[-0.123139906615488,51.3823541831022],[-0.12327943215104,51.381686759809],[-0.123717103404552,51.3821744934122],[-0.124111843372892,51.3820099484363],[-0.124765783964224,51.3814808485974],[-0.124055985574795,51.3805533859941],[-0.126389982945161,51.3799303270307],[-0.126042950977623,51.3795058944252],[-0.127522312468403,51.378821454798],[-0.12819543185325,51.3805564580986],[-0.130300971779158,51.3821992528875],[-0.128697248399963,51.3824883059136],[-0.128883896937423,51.3828473393293],[-0.129567225959077,51.3854038871101],[-0.12895485402129,51.3854555228665],[-0.128810103039418,51.3857047220563],[-0.130602970544963,51.38632684857],[-0.12962644437619,51.3871607356043],[-0.130280796903693,51.387628461796],[-0.133293316594531,51.3895673338941],[-0.132641019924613,51.3900993225349],[-0.134353571611586,51.3908852220239],[-0.128922187386436,51.3934370912352],[-0.129730279644745,51.3936717305543],[-0.128607392568081,51.3943470010063],[-0.127872144166795,51.3948306477371],[-0.126748055041669,51.3943172496996],[-0.126283491679275,51.3934872009772],[-0.126429965630324,51.3926770468524],[-0.126659891656091,51.3918140178672],[-0.127655581131378,51.3907326322496],[-0.12755885482045,51.3903345866831]]]},"properties":{"FID":199,"MSOA21CD":"E02000209","MSOA21NM":"Croydon 016","MSOA21NMW":" ","BNG_E":530610,"BNG_N":166832,"LAT":51.38551,"LONG":-0.1244,"Shape__Area":1000610.9459228516,"Shape__Length":7021.662313866027,"GlobalID":"6e3eeb66-e209-4fee-9eec-f60b6a5e28c1"}},{"type":"Feature","id":200,"geometry":{"type":"Polygon","coordinates":[[[-0.077491788814152,51.3897193528205],[-0.0761440364592291,51.3885442598922],[-0.0749526392279388,51.3889157387809],[-0.0730805226129926,51.3882426794882],[-0.0729942735269236,51.3881413050053],[-0.0712586359929255,51.386671570982],[-0.0722425700623457,51.3858040903767],[-0.0716173201430905,51.3856787256605],[-0.0712550724644128,51.3849787515331],[-0.0708174048795952,51.3845325824095],[-0.0722115799950491,51.3831928863501],[-0.0725700836393224,51.3826508723761],[-0.0729622074849142,51.3816850291103],[-0.0731556410538846,51.3805061830816],[-0.0732097773257324,51.3798833211234],[-0.0751932705691641,51.379265228889],[-0.0765756486910511,51.3809063429169],[-0.0767668526829848,51.3804986353355],[-0.0776583331836717,51.380357526368],[-0.0778745093975493,51.3800510837594],[-0.0788478561064083,51.3798166868819],[-0.079429704889776,51.3796765686612],[-0.0800506766809959,51.3799475427918],[-0.0803542981379975,51.3795653796818],[-0.0811406591664645,51.3798756890537],[-0.0805481238887614,51.3802910748638],[-0.079947408574387,51.381853249023],[-0.0802926212803704,51.3822762727542],[-0.0797024677501818,51.3826471684044],[-0.0799958240228869,51.3829772458965],[-0.0805837359109232,51.3828243086818],[-0.0807277036312515,51.3832321415187],[-0.0819051009572095,51.3830646562076],[-0.0823968767222451,51.3826522894656],[-0.0834141534385473,51.3833396070481],[-0.0840749968817388,51.3829562019972],[-0.0845773261600615,51.3831949051175],[-0.0842339303217219,51.3834979559601],[-0.0859436196513946,51.3845696613848],[-0.0859531418110119,51.3845881666128],[-0.0863435393440333,51.3848078225303],[-0.0867572286362521,51.3845457372301],[-0.0873296158557602,51.3848372559075],[-0.0870154683780836,51.3851116045748],[-0.084815548344192,51.3868109983777],[-0.0824044106685647,51.3884415724805],[-0.0811656895934206,51.38941732983],[-0.0808278121941461,51.3896173663707],[-0.0794746551426528,51.3893542511496],[-0.0800818737072901,51.3889574757549],[-0.0798565226185653,51.388626833275],[-0.0782428100549027,51.3896867815943],[-0.0778668977139483,51.3894864804004],[-0.077491788814152,51.3897193528205]]]},"properties":{"FID":200,"MSOA21CD":"E02000210","MSOA21NM":"Croydon 017","MSOA21NMW":" ","BNG_E":533766,"BNG_N":166798,"LAT":51.38447,"LONG":-0.07909,"Shape__Area":774994.30955505371,"Shape__Length":4579.2071485864662,"GlobalID":"26f19658-a076-48a1-8cc7-a5960f5aa057"}},{"type":"Feature","id":201,"geometry":{"type":"Polygon","coordinates":[[[-0.0472026637357843,51.3922893885341],[-0.0468012584859199,51.3918413059469],[-0.0462103357457005,51.3919935723953],[-0.0450296679074547,51.3907559150512],[-0.0449228028836702,51.3906765395239],[-0.0442635346695819,51.3902357603373],[-0.0427461802384462,51.3894504578126],[-0.041658360684913,51.3893434879763],[-0.0413288696777409,51.3892615117304],[-0.0394441535536585,51.3888567215511],[-0.036591061958942,51.3884783692324],[-0.0367090532278948,51.3875324734977],[-0.0374430844866925,51.3848515115265],[-0.037871619641589,51.3832303583305],[-0.0378336785354469,51.3826212330573],[-0.0376134588594621,51.3814314481643],[-0.0382867173909075,51.381359574208],[-0.0383460140664679,51.380721171902],[-0.0409237572304506,51.3799991434344],[-0.0408306448897173,51.3797571174821],[-0.0418472155801802,51.3783235657401],[-0.0431535613495077,51.3785450836331],[-0.0433741814614387,51.378324099857],[-0.0437060627913614,51.3783541312306],[-0.0448569190541832,51.3777243165289],[-0.0457876502072833,51.3758152985539],[-0.0464012432218991,51.3757199569281],[-0.0462613739580401,51.3753147022919],[-0.0466570032343621,51.3752388566826],[-0.0518156114835208,51.3742059522078],[-0.0529406775144635,51.3740627852117],[-0.0532635209311692,51.3747900236891],[-0.0522567117214096,51.3752999092851],[-0.052134258366837,51.3757729393031],[-0.0532684325920464,51.3770939224554],[-0.0539440120789065,51.3785236432503],[-0.057359512707232,51.3782137471501],[-0.0575405817552798,51.3803349774019],[-0.0569846200504725,51.3826710923634],[-0.0561945335599462,51.3828952384139],[-0.0556625785562283,51.3819285332424],[-0.0527238394854703,51.3831978278613],[-0.050562996478695,51.3840903222113],[-0.0526140336354386,51.3856100447072],[-0.050970745503753,51.3862299136562],[-0.0518722590526244,51.3872251826021],[-0.0527484272649995,51.3873534363363],[-0.0535066350301474,51.3881824434343],[-0.0534041039580751,51.3887373687358],[-0.0526694492195645,51.3888931509699],[-0.05181433206363,51.3878589470195],[-0.0512585008904997,51.3879156979102],[-0.0507522484915169,51.3881069292232],[-0.0515615057387519,51.3882264868478],[-0.051454137581497,51.3886538352625],[-0.0523281563561505,51.3893808092662],[-0.0511852121231526,51.3902892059862],[-0.0502788007740108,51.3909200669659],[-0.049877642617939,51.3909720115623],[-0.0505906575374484,51.3918361384821],[-0.0501851701341678,51.3920351378407],[-0.0492448426698993,51.3909746381171],[-0.0487336859351213,51.3911739961523],[-0.047290796466404,51.3924136568276],[-0.0472026637357843,51.3922893885341]]]},"properties":{"FID":201,"MSOA21CD":"E02000211","MSOA21NM":"Croydon 018","MSOA21NMW":" ","BNG_E":535994,"BNG_N":166743,"LAT":51.38345,"LONG":-0.04711,"Shape__Area":1673834.5874404907,"Shape__Length":7125.5009993154217,"GlobalID":"7b531973-d663-4fa1-8201-801f79f59931"}},{"type":"Feature","id":202,"geometry":{"type":"Polygon","coordinates":[[[-0.110211463822319,51.3857772324992],[-0.109397010856159,51.3848199796201],[-0.109018487270546,51.3843839049521],[-0.108746042087465,51.3841196399424],[-0.107499779231844,51.3831885858743],[-0.105558128324951,51.3836029663883],[-0.105440637858577,51.3833030766877],[-0.106573976408658,51.3828995069748],[-0.105725128596885,51.382192666199],[-0.105413840721225,51.3815299997931],[-0.105727333268932,51.3814176377356],[-0.105480351114049,51.3811348733274],[-0.107553856369347,51.3807184064127],[-0.107817886493596,51.3810192559309],[-0.108213805043938,51.3808729300883],[-0.109190789571763,51.3815518418232],[-0.110429418383078,51.380996806204],[-0.11066775653,51.3815329469679],[-0.111439743000966,51.3813022745667],[-0.110905275779183,51.3808980135272],[-0.111411221619717,51.3802781676901],[-0.112355234373119,51.3804262268229],[-0.112200364378709,51.3802180886315],[-0.111364229782368,51.3795841278373],[-0.111642213566052,51.3794326987146],[-0.110994429692043,51.3784346860829],[-0.110589635360418,51.3790443796026],[-0.108657658846075,51.3776763573357],[-0.108757430318301,51.3772849403644],[-0.108840329526979,51.3770164962569],[-0.111172749428001,51.3769040606125],[-0.113421793270059,51.3775251110291],[-0.113932606343858,51.3769777913188],[-0.116176263549904,51.3759133519789],[-0.115498656361055,51.3751112665606],[-0.116348553013803,51.3753839058008],[-0.117862711534267,51.3767030432501],[-0.119580355394645,51.376164073169],[-0.118756378580637,51.3745321736068],[-0.121733136542402,51.3737126165544],[-0.125304042991448,51.3738417867764],[-0.127117390442555,51.3744479175103],[-0.127879963528128,51.3746952091389],[-0.126779990572824,51.3749156048599],[-0.126926308854883,51.3754201827966],[-0.125935868505546,51.3755703791002],[-0.127522312468403,51.378821454798],[-0.126042950977623,51.3795058944252],[-0.126389982945161,51.3799303270307],[-0.124055985574795,51.3805533859941],[-0.124765783964224,51.3814808485974],[-0.124111843372892,51.3820099484363],[-0.123717103404552,51.3821744934122],[-0.12327943215104,51.381686759809],[-0.123139906615488,51.3823541831022],[-0.12088754828864,51.3824888902508],[-0.121206428104787,51.3847611672327],[-0.120790328686014,51.384796663689],[-0.120446521529321,51.3850886765289],[-0.120819161652295,51.3854792636315],[-0.119825087353943,51.3856245067718],[-0.117914626515925,51.3855730527686],[-0.117833275689144,51.3855674259945],[-0.115845399443121,51.3856522702076],[-0.114179441339289,51.386084962547],[-0.11115467664206,51.3872022668091],[-0.11089441717286,51.3867577929801],[-0.11070001882788,51.3864624651003],[-0.110446483170768,51.3861067951279],[-0.110380764997365,51.3860146384724],[-0.110211463822319,51.3857772324992]]]},"properties":{"FID":202,"MSOA21CD":"E02000212","MSOA21NM":"Croydon 019","MSOA21NMW":" ","BNG_E":531171,"BNG_N":166300,"LAT":51.3806,"LONG":-0.11654,"Shape__Area":1242134.6122817993,"Shape__Length":6893.82622755996,"GlobalID":"47145b51-9522-4157-99e0-0b9ba1936c56"}},{"type":"Feature","id":203,"geometry":{"type":"Polygon","coordinates":[[[-0.0998271957573674,51.38783742223],[-0.099265351029411,51.3869560592049],[-0.0987900001003461,51.387127189608],[-0.0977581708234173,51.386568897904],[-0.0964975135141114,51.3870504993856],[-0.0965764169255853,51.386880917162],[-0.0956114110813895,51.3870283073975],[-0.0956550830499584,51.3873626776846],[-0.0944645904362754,51.3874747301165],[-0.0922007556250253,51.3871278459472],[-0.0923378283441864,51.3867657788587],[-0.0919134075517058,51.386688186385],[-0.0928649878314309,51.3845925417863],[-0.0919862851433916,51.3845676925828],[-0.0922630171162332,51.3841579075675],[-0.0929169773709865,51.3829028102029],[-0.092260454915948,51.3828032677804],[-0.092332645732271,51.3824995768762],[-0.0927439909420362,51.3815758017471],[-0.090547583836498,51.3811229403815],[-0.0905515157873387,51.3811170988417],[-0.0913979425519998,51.3797382149737],[-0.0919114603314518,51.3787259672507],[-0.0920940140597255,51.3782109659868],[-0.0934958726076961,51.3784221670798],[-0.0939581064556731,51.3775719345033],[-0.094846388463357,51.3771621646173],[-0.0956870181012196,51.3771452471552],[-0.095781160392793,51.3777145287417],[-0.0957096472196009,51.3780150316672],[-0.0954192215778291,51.3787506055788],[-0.0951480906613967,51.379408122389],[-0.0957225344461731,51.3799918652527],[-0.0964014620824834,51.3790955149102],[-0.097228566458954,51.3791699291935],[-0.0972968470989285,51.3792054353578],[-0.0987299117364743,51.379525179434],[-0.098969378343041,51.379361261543],[-0.0991752967174614,51.3791795680073],[-0.0998044838343246,51.3784116301739],[-0.0980723600478104,51.3761048596796],[-0.0972003665087443,51.374964500388],[-0.0994851548113899,51.3746778752283],[-0.100397357287152,51.3756152875102],[-0.101191726762637,51.3754658014392],[-0.102117376229833,51.3772844506306],[-0.10264674346077,51.3771631454392],[-0.103163146834019,51.3774211483547],[-0.104184245891176,51.3778289460693],[-0.10424797222992,51.3781719967839],[-0.105399837357813,51.3785187686972],[-0.106716027400507,51.3780749889911],[-0.106386195323909,51.3778625512224],[-0.107188702569269,51.3778180100269],[-0.10755293047432,51.3780945881205],[-0.106775582986195,51.3784838872174],[-0.107347735748629,51.3788780934298],[-0.108210094390285,51.3781705972355],[-0.108303019322342,51.3776042248444],[-0.108657658846075,51.3776763573357],[-0.110589635360418,51.3790443796026],[-0.110994429692043,51.3784346860829],[-0.111642213566052,51.3794326987146],[-0.111364229782368,51.3795841278373],[-0.112200364378709,51.3802180886315],[-0.112355234373119,51.3804262268229],[-0.111411221619717,51.3802781676901],[-0.110905275779183,51.3808980135272],[-0.111439743000966,51.3813022745667],[-0.11066775653,51.3815329469679],[-0.110429418383078,51.380996806204],[-0.109190789571763,51.3815518418232],[-0.108213805043938,51.3808729300883],[-0.107817886493596,51.3810192559309],[-0.107553856369347,51.3807184064127],[-0.105480351114049,51.3811348733274],[-0.105727333268932,51.3814176377356],[-0.105413840721225,51.3815299997931],[-0.105725128596885,51.382192666199],[-0.106573976408658,51.3828995069748],[-0.105440637858577,51.3833030766877],[-0.105558128324951,51.3836029663883],[-0.10430214346083,51.383865390901],[-0.104148380114988,51.3838588186644],[-0.101326668663602,51.3851709626202],[-0.100586233466828,51.3854649837057],[-0.101100437089774,51.3864168823188],[-0.100403839574608,51.3864949918991],[-0.0999709511634179,51.3860052925541],[-0.0995356417787874,51.3864949277544],[-0.0999496369812684,51.3868884226223],[-0.100682752356581,51.3868438216301],[-0.100292640608268,51.3870311419424],[-0.10088752731907,51.3875893473487],[-0.100127954862518,51.3880795386921],[-0.0998271957573674,51.38783742223]]]},"properties":{"FID":203,"MSOA21CD":"E02000213","MSOA21NM":"Croydon 020","MSOA21NMW":" ","BNG_E":532435,"BNG_N":166416,"LAT":51.38135,"LONG":-0.09834,"Shape__Area":1029601.6985626221,"Shape__Length":7568.4401871733116,"GlobalID":"55c34647-7ea2-43b7-89bc-0f24e1127e5c"}},{"type":"Feature","id":204,"geometry":{"type":"Polygon","coordinates":[[[-0.0673485206539526,51.382974611206],[-0.0670227468416067,51.3827196481746],[-0.0652989096540078,51.383535509559],[-0.0649994965506338,51.3833168243],[-0.0636701534252803,51.3822855348531],[-0.0630990271006586,51.3811755669067],[-0.0621835382249716,51.3814911584184],[-0.0620901294605697,51.3827763263456],[-0.0606264478270071,51.3830400145576],[-0.060888505819397,51.3837180988449],[-0.0601801258156343,51.3838196430074],[-0.0598216505419083,51.3831237440757],[-0.0576120067468769,51.3834890363484],[-0.0573405491266004,51.3837902817274],[-0.0576726901313823,51.3840925582477],[-0.0573947710049331,51.3845465713374],[-0.0570391476937584,51.3844597296159],[-0.0527238394854703,51.3831978278613],[-0.0556625785562283,51.3819285332424],[-0.0561945335599462,51.3828952384139],[-0.0569846200504725,51.3826710923634],[-0.0575405817552798,51.3803349774019],[-0.057359512707232,51.3782137471501],[-0.0609686608438695,51.3775979614566],[-0.0607673449251806,51.3773115772603],[-0.0599941854039017,51.3763353915718],[-0.0637674973332917,51.3755595987144],[-0.0646822990954774,51.3753240180952],[-0.0693419932356367,51.3742292839977],[-0.072894065499115,51.3741922268054],[-0.0747254896953774,51.3748052689866],[-0.0736272495010129,51.3764795533417],[-0.0735588100864144,51.3766955954639],[-0.07321688790773,51.3797495094173],[-0.0732097773257324,51.3798833211234],[-0.0731556410538846,51.3805061830816],[-0.0729622074849142,51.3816850291103],[-0.0725700836393224,51.3826508723761],[-0.0722115799950491,51.3831928863501],[-0.0708174048795952,51.3845325824095],[-0.0687136830456987,51.3856955649047],[-0.0681159677779234,51.3859005684124],[-0.0679478786394826,51.3855085158532],[-0.0678325354107132,51.3851421272579],[-0.0684105137901737,51.3848871525891],[-0.0665934941409831,51.3833773128857],[-0.0673485206539526,51.382974611206]]]},"properties":{"FID":204,"MSOA21CD":"E02000214","MSOA21NM":"Croydon 021","MSOA21NMW":" ","BNG_E":534729,"BNG_N":166321,"LAT":51.37996,"LONG":-0.06544,"Shape__Area":1037668.1614761353,"Shape__Length":5894.2634204765181,"GlobalID":"feed7a4d-7b7f-481e-8f48-b1b8eb2a0385"}},{"type":"Feature","id":205,"geometry":{"type":"Polygon","coordinates":[[[-0.0873296158557602,51.3848372559075],[-0.0867572286362521,51.3845457372301],[-0.0863435393440333,51.3848078225303],[-0.0859531418110119,51.3845881666128],[-0.0859436196513946,51.3845696613848],[-0.0842339303217219,51.3834979559601],[-0.0845773261600615,51.3831949051175],[-0.0840749968817388,51.3829562019972],[-0.0834141534385473,51.3833396070481],[-0.0823968767222451,51.3826522894656],[-0.0819051009572095,51.3830646562076],[-0.0807277036312515,51.3832321415187],[-0.0805837359109232,51.3828243086818],[-0.0799958240228869,51.3829772458965],[-0.0797024677501818,51.3826471684044],[-0.0802926212803704,51.3822762727542],[-0.079947408574387,51.381853249023],[-0.0805481238887614,51.3802910748638],[-0.0811406591664645,51.3798756890537],[-0.0803542981379975,51.3795653796818],[-0.0800506766809959,51.3799475427918],[-0.079429704889776,51.3796765686612],[-0.0788478561064083,51.3798166868819],[-0.0778745093975493,51.3800510837594],[-0.0776583331836717,51.380357526368],[-0.0767668526829848,51.3804986353355],[-0.0765756486910511,51.3809063429169],[-0.0751932705691641,51.379265228889],[-0.0732097773257324,51.3798833211234],[-0.07321688790773,51.3797495094173],[-0.0735588100864144,51.3766955954639],[-0.0736272495010129,51.3764795533417],[-0.0747254896953774,51.3748052689866],[-0.0760014293464278,51.3749898923541],[-0.0777033624983821,51.3751190557488],[-0.0780406218895209,51.3751295736378],[-0.0795469990175269,51.3751412867905],[-0.0802748900674143,51.3751457211728],[-0.0832098250302122,51.3749957874528],[-0.0835068610178551,51.3750157120225],[-0.0846904507356588,51.3751492728014],[-0.0857686084710759,51.3751890224973],[-0.0868513762197771,51.3750731121297],[-0.0879626902781137,51.3749867951479],[-0.0889908820370874,51.3750075938818],[-0.09093432716877,51.3752870308248],[-0.0920457106261514,51.3748647356975],[-0.0926424467231678,51.3748122048741],[-0.0924718630296082,51.3769558173545],[-0.0922633021710064,51.3777217900807],[-0.0920940140597255,51.3782109659868],[-0.0919114603314518,51.3787259672507],[-0.0913979425519998,51.3797382149737],[-0.0905515157873387,51.3811170988417],[-0.090547583836498,51.3811229403815],[-0.0892460155016871,51.3828158719321],[-0.0889869253857991,51.383140501596],[-0.0881079054239707,51.3840981018906],[-0.0873296158557602,51.3848372559075]]]},"properties":{"FID":205,"MSOA21CD":"E02000215","MSOA21NM":"Croydon 022","MSOA21NMW":" ","BNG_E":533518,"BNG_N":166180,"LAT":51.37898,"LONG":-0.08288,"Shape__Area":982067.71342468262,"Shape__Length":5013.7409055662547,"GlobalID":"4c5785e1-b97e-4436-aeda-586b2720dca5"}},{"type":"Feature","id":206,"geometry":{"type":"Polygon","coordinates":[[[-0.0637674973332917,51.3755595987144],[-0.0634443249830383,51.3726284291065],[-0.0641687944630157,51.372548374852],[-0.0641813170627233,51.3718872550918],[-0.0638484008603066,51.3706785484984],[-0.0636452148849307,51.3700366128113],[-0.0650685431020244,51.3689907033902],[-0.0648543401316855,51.3675959374986],[-0.0653065453798255,51.3669859872443],[-0.0664866859370947,51.3664127883304],[-0.0666562828289867,51.3655091354],[-0.0674640530455728,51.364907893734],[-0.0686076743446931,51.3641131533231],[-0.0676484435953716,51.3633192267469],[-0.0688598827658718,51.3627179521476],[-0.0691805356038593,51.3627602823931],[-0.0727666093287324,51.3629763451645],[-0.0751745991128458,51.3634546064547],[-0.0789159093358132,51.3640052160581],[-0.0816351095828527,51.3640629385031],[-0.0838858274348827,51.3645478887998],[-0.084322780257798,51.364660012145],[-0.085386966843252,51.3647896023441],[-0.0856413090764001,51.3648989195149],[-0.0888335594544219,51.3658135117612],[-0.0892490617917656,51.3659014436452],[-0.0896729066319771,51.3659836413291],[-0.0917759721115717,51.366371914798],[-0.0929451741488173,51.3666968663993],[-0.0928465868262546,51.3705028855279],[-0.0918570231471239,51.3705119593622],[-0.0918181028567362,51.3710590412262],[-0.0906184365408786,51.3712990705898],[-0.0901750667533571,51.3717996382124],[-0.0903595986198123,51.3718682958107],[-0.0906315700478417,51.3724188546257],[-0.0900210967582935,51.3724126599638],[-0.0887079894350228,51.3724694239552],[-0.0890201050069236,51.3730158218635],[-0.0880904169327252,51.3732271108714],[-0.0884700701924115,51.3735862008431],[-0.0889851344819466,51.3741456768044],[-0.0884164659076978,51.3744560528044],[-0.0889742566638706,51.374636564981],[-0.0889908820370874,51.3750075938818],[-0.0879626902781137,51.3749867951479],[-0.0868513762197771,51.3750731121297],[-0.0857686084710759,51.3751890224973],[-0.0846904507356588,51.3751492728014],[-0.0835068610178551,51.3750157120225],[-0.0832098250302122,51.3749957874528],[-0.0802748900674143,51.3751457211728],[-0.0795469990175269,51.3751412867905],[-0.0780406218895209,51.3751295736378],[-0.0777033624983821,51.3751190557488],[-0.0760014293464278,51.3749898923541],[-0.0747254896953774,51.3748052689866],[-0.072894065499115,51.3741922268054],[-0.0693419932356367,51.3742292839977],[-0.0646822990954774,51.3753240180952],[-0.0637674973332917,51.3755595987144]]]},"properties":{"FID":206,"MSOA21CD":"E02000216","MSOA21NM":"Croydon 023","MSOA21NMW":" ","BNG_E":533830,"BNG_N":165116,"LAT":51.36934,"LONG":-0.0788,"Shape__Area":2188624.1965866089,"Shape__Length":6540.3869191661906,"GlobalID":"20e84cfe-edbd-4511-a1bd-fa23296d6ae9"}},{"type":"Feature","id":207,"geometry":{"type":"Polygon","coordinates":[[[-0.10755293047432,51.3780945881205],[-0.107188702569269,51.3778180100269],[-0.106386195323909,51.3778625512224],[-0.106716027400507,51.3780749889911],[-0.105399837357813,51.3785187686972],[-0.10424797222992,51.3781719967839],[-0.104184245891176,51.3778289460693],[-0.103163146834019,51.3774211483547],[-0.10264674346077,51.3771631454392],[-0.102117376229833,51.3772844506306],[-0.101191726762637,51.3754658014392],[-0.100382812952965,51.3737460329671],[-0.101682421548578,51.3735431965079],[-0.101266227852723,51.3728832712367],[-0.100592902604629,51.3717932065539],[-0.101030589044651,51.371677605803],[-0.101197105013621,51.3716336225547],[-0.101595782863599,51.3712418009468],[-0.102171570980314,51.3707936027552],[-0.101762994752418,51.370598134764],[-0.101712621508074,51.3704264538969],[-0.101407636689955,51.3698525040491],[-0.100314822426007,51.3696852752025],[-0.101162222105776,51.3694912643628],[-0.101466933370818,51.3690273421679],[-0.102444035927847,51.3684867901684],[-0.100534049881475,51.3684944840949],[-0.100449590280774,51.368310639112],[-0.101899912450291,51.3679864703135],[-0.101181490610199,51.3676956413474],[-0.101614651600269,51.3672682893671],[-0.101031422376134,51.3668152277981],[-0.101346211465855,51.3666611558536],[-0.101929684583306,51.3665952882978],[-0.102548755533026,51.3659837139841],[-0.102884559127325,51.3659444486378],[-0.103004776890467,51.366326393124],[-0.104098684846003,51.3659946357045],[-0.104407798440626,51.3673559170488],[-0.105210168910857,51.3674884384855],[-0.105496463851775,51.3678617660689],[-0.106866172161168,51.3679021883891],[-0.108104625071152,51.3680208259751],[-0.110677345800865,51.3683511027488],[-0.115247975486373,51.3680980751851],[-0.115700336281874,51.3683273632853],[-0.116369871175946,51.3686126222577],[-0.118684854034109,51.3682363262172],[-0.118209564635371,51.3674038525426],[-0.117636758740919,51.3672578180617],[-0.118460937766219,51.3668883215484],[-0.119036809292186,51.3689930067313],[-0.119928335250083,51.3690635377419],[-0.120467769706701,51.3697286437742],[-0.120656727326938,51.3703384361682],[-0.120161539373108,51.3705491726796],[-0.120093275353679,51.3710884844766],[-0.120004408243464,51.371430616014],[-0.123402534784423,51.3705328919317],[-0.123400388453169,51.3706382427776],[-0.123336690339829,51.3711648416336],[-0.124699250452485,51.3728847524236],[-0.124751260774217,51.3736394355334],[-0.125304042991448,51.3738417867764],[-0.121733136542402,51.3737126165544],[-0.118756378580637,51.3745321736068],[-0.119580355394645,51.376164073169],[-0.117862711534267,51.3767030432501],[-0.116348553013803,51.3753839058008],[-0.115498656361055,51.3751112665606],[-0.116176263549904,51.3759133519789],[-0.113932606343858,51.3769777913188],[-0.113421793270059,51.3775251110291],[-0.111172749428001,51.3769040606125],[-0.108840329526979,51.3770164962569],[-0.108757430318301,51.3772849403644],[-0.108657658846075,51.3776763573357],[-0.108303019322342,51.3776042248444],[-0.108210094390285,51.3781705972355],[-0.107347735748629,51.3788780934298],[-0.106775582986195,51.3784838872174],[-0.10755293047432,51.3780945881205]]]},"properties":{"FID":207,"MSOA21CD":"E02000217","MSOA21NM":"Croydon 024","MSOA21NMW":" ","BNG_E":531458,"BNG_N":165409,"LAT":51.37253,"LONG":-0.11275,"Shape__Area":1429756.1130981445,"Shape__Length":7377.7096377908911,"GlobalID":"ccf95566-1b78-4616-99d7-e992b8a14258"}},{"type":"Feature","id":208,"geometry":{"type":"Polygon","coordinates":[[[-0.0259372416211319,51.3761252288704],[-0.0238386523407525,51.3724217917041],[-0.0236307090033294,51.3718830221081],[-0.0236475210582419,51.3699606531087],[-0.023168088151789,51.3672556981788],[-0.0232544874853513,51.3669911514206],[-0.024448328693664,51.3667511363997],[-0.0235977307944441,51.3652773067209],[-0.0243182057220948,51.364790315834],[-0.0254224035016608,51.3649767994977],[-0.0270673556224755,51.3650262061416],[-0.0298645548263079,51.365730361435],[-0.03152783825944,51.3660607238881],[-0.0314849408371194,51.3667318410558],[-0.0318775389066579,51.3670534737421],[-0.0332035698242803,51.3667706281532],[-0.0362636293757313,51.3670205101853],[-0.0388352845109055,51.367250288712],[-0.0395444487995545,51.3676742816902],[-0.0405103908529803,51.3672137360587],[-0.0411177755232193,51.3675334073979],[-0.0421688000160563,51.3681118797427],[-0.041677510380833,51.3684688960411],[-0.0404296534153906,51.3685977122999],[-0.0390442405345501,51.3694197303913],[-0.0384362655943461,51.3694106835571],[-0.0384657680969215,51.369779843926],[-0.0379178941955411,51.3698246340754],[-0.0377648463356179,51.3693724236254],[-0.0373677500143973,51.3693604256492],[-0.0370672472183599,51.3698495144619],[-0.0379341413700255,51.3719807470683],[-0.0364542370682267,51.37212931696],[-0.0363875449194017,51.371843194099],[-0.0345353052455624,51.3719560415947],[-0.0346071857468601,51.3723142137713],[-0.0314767290090905,51.3724981786606],[-0.0316396996367399,51.3729533981408],[-0.0333930854751372,51.3727901046429],[-0.0344421480523456,51.3731331419933],[-0.0354947509815724,51.3727068675485],[-0.0357314224242894,51.3735651074435],[-0.0345493593339887,51.3736621886837],[-0.0346743986946188,51.3746241071799],[-0.0355228879282121,51.3746624557885],[-0.0341241693844278,51.3754304654092],[-0.0343337021702255,51.3757484517402],[-0.0365351429250752,51.3750318659619],[-0.0370807619206412,51.3749456174188],[-0.0369361930770404,51.3769729204641],[-0.0369256449438391,51.3770082288559],[-0.0316140917084099,51.3771460516507],[-0.0291537919858542,51.3775335684485],[-0.0281090205199233,51.3783764949078],[-0.0280156516319615,51.3793583448445],[-0.0267962652142076,51.3793736192901],[-0.026421965284157,51.3779902510732],[-0.0259278564298418,51.3766559096868],[-0.0259372416211319,51.3761252288704]]]},"properties":{"FID":208,"MSOA21CD":"E02000218","MSOA21NM":"Croydon 025","MSOA21NMW":" ","BNG_E":537281,"BNG_N":165519,"LAT":51.37214,"LONG":-0.0291,"Shape__Area":1144100.976272583,"Shape__Length":6655.8046963827619,"GlobalID":"72cdcf40-1e9c-4635-9f20-add9b3c46701"}},{"type":"Feature","id":209,"geometry":{"type":"Polygon","coordinates":[[[-0.0376134588594621,51.3814314481643],[-0.0369040435645187,51.3789521267584],[-0.036487004583096,51.3789889226354],[-0.0369256449438391,51.3770082288559],[-0.0369361930770404,51.3769729204641],[-0.0370807619206412,51.3749456174188],[-0.0365351429250752,51.3750318659619],[-0.0343337021702255,51.3757484517402],[-0.0341241693844278,51.3754304654092],[-0.0355228879282121,51.3746624557885],[-0.0346743986946188,51.3746241071799],[-0.0345493593339887,51.3736621886837],[-0.0357314224242894,51.3735651074435],[-0.0354947509815724,51.3727068675485],[-0.0344421480523456,51.3731331419933],[-0.0333930854751372,51.3727901046429],[-0.0316396996367399,51.3729533981408],[-0.0314767290090905,51.3724981786606],[-0.0346071857468601,51.3723142137713],[-0.0345353052455624,51.3719560415947],[-0.0363875449194017,51.371843194099],[-0.0364542370682267,51.37212931696],[-0.0379341413700255,51.3719807470683],[-0.0370672472183599,51.3698495144619],[-0.0373677500143973,51.3693604256492],[-0.0377648463356179,51.3693724236254],[-0.0379178941955411,51.3698246340754],[-0.0384657680969215,51.369779843926],[-0.0384362655943461,51.3694106835571],[-0.0390442405345501,51.3694197303913],[-0.0404296534153906,51.3685977122999],[-0.041677510380833,51.3684688960411],[-0.0421688000160563,51.3681118797427],[-0.0411177755232193,51.3675334073979],[-0.0405103908529803,51.3672137360587],[-0.0395444487995545,51.3676742816902],[-0.0388352845109055,51.367250288712],[-0.0362636293757313,51.3670205101853],[-0.0332035698242803,51.3667706281532],[-0.0318775389066579,51.3670534737421],[-0.0314849408371194,51.3667318410558],[-0.03152783825944,51.3660607238881],[-0.0298645548263079,51.365730361435],[-0.0270673556224755,51.3650262061416],[-0.0254224035016608,51.3649767994977],[-0.0243182057220948,51.364790315834],[-0.0235977307944441,51.3652773067209],[-0.0222140716058655,51.3658444741746],[-0.0198378663581837,51.3635907421837],[-0.0238061836012227,51.3617099535857],[-0.0275298033024528,51.3619265720214],[-0.0285699580943645,51.3608210189563],[-0.0287681599244325,51.3593532807386],[-0.0298838299224972,51.3590027974748],[-0.0310910034757668,51.3591696175599],[-0.0308332835206568,51.3587566426775],[-0.033655250889526,51.3583131935817],[-0.0332885547507223,51.3579279009567],[-0.037348225513926,51.3539246849784],[-0.036824492478405,51.3538121692266],[-0.0355703908789664,51.3543513885507],[-0.0337842850186769,51.3530016587732],[-0.0368185017658228,51.3520596731678],[-0.0371705200352785,51.3523984663389],[-0.0375572809059181,51.3520376627615],[-0.0382488383559978,51.3520540025068],[-0.039338018953025,51.3521802665402],[-0.0424220776190845,51.3507808068403],[-0.0430446703423715,51.3509520426519],[-0.0454273620131372,51.3506160678053],[-0.0473758036084778,51.351472651666],[-0.0468717645398461,51.3524637799435],[-0.0470585082728654,51.3535223988141],[-0.0498256916963097,51.3536632417832],[-0.054256069523154,51.3551597477442],[-0.0553155246068107,51.3548951151233],[-0.056584347167779,51.3553193106218],[-0.057307738436933,51.3561281491574],[-0.0590801411703478,51.3563521460116],[-0.0588619981015184,51.3582086884096],[-0.0566243805180131,51.3588577987263],[-0.0618564975668768,51.3599076961808],[-0.0641084634703929,51.3607925290088],[-0.0652361437848651,51.3619424521314],[-0.0688598827658718,51.3627179521476],[-0.0676484435953716,51.3633192267469],[-0.0686076743446931,51.3641131533231],[-0.0674640530455728,51.364907893734],[-0.0666562828289867,51.3655091354],[-0.0664866859370947,51.3664127883304],[-0.0653065453798255,51.3669859872443],[-0.0648543401316855,51.3675959374986],[-0.0650685431020244,51.3689907033902],[-0.0636452148849307,51.3700366128113],[-0.0638484008603066,51.3706785484984],[-0.0641813170627233,51.3718872550918],[-0.0641687944630157,51.372548374852],[-0.0634443249830383,51.3726284291065],[-0.0637674973332917,51.3755595987144],[-0.0599941854039017,51.3763353915718],[-0.0607673449251806,51.3773115772603],[-0.0609686608438695,51.3775979614566],[-0.057359512707232,51.3782137471501],[-0.0539440120789065,51.3785236432503],[-0.0532684325920464,51.3770939224554],[-0.052134258366837,51.3757729393031],[-0.0522567117214096,51.3752999092851],[-0.0532635209311692,51.3747900236891],[-0.0529406775144635,51.3740627852117],[-0.0518156114835208,51.3742059522078],[-0.0466570032343621,51.3752388566826],[-0.0462613739580401,51.3753147022919],[-0.0464012432218991,51.3757199569281],[-0.0457876502072833,51.3758152985539],[-0.0448569190541832,51.3777243165289],[-0.0437060627913614,51.3783541312306],[-0.0433741814614387,51.378324099857],[-0.0431535613495077,51.3785450836331],[-0.0418472155801802,51.3783235657401],[-0.0408306448897173,51.3797571174821],[-0.0409237572304506,51.3799991434344],[-0.0383460140664679,51.380721171902],[-0.0382867173909075,51.381359574208],[-0.0376134588594621,51.3814314481643]]]},"properties":{"FID":209,"MSOA21CD":"E02000219","MSOA21NM":"Croydon 026","MSOA21NMW":" ","BNG_E":536246,"BNG_N":164638,"LAT":51.36447,"LONG":-0.0443,"Shape__Area":5723374.528175354,"Shape__Length":15713.946766340734,"GlobalID":"02187c2b-440d-438b-bf36-6789871824e9"}},{"type":"Feature","id":210,"geometry":{"type":"Polygon","coordinates":[[[-0.119036809292186,51.3689930067313],[-0.118460937766219,51.3668883215484],[-0.117636758740919,51.3672578180617],[-0.118209564635371,51.3674038525426],[-0.118684854034109,51.3682363262172],[-0.116369871175946,51.3686126222577],[-0.115700336281874,51.3683273632853],[-0.115247975486373,51.3680980751851],[-0.110677345800865,51.3683511027488],[-0.108104625071152,51.3680208259751],[-0.106866172161168,51.3679021883891],[-0.105496463851775,51.3678617660689],[-0.105210168910857,51.3674884384855],[-0.105204756354605,51.367478427338],[-0.104976790131195,51.3661806809865],[-0.105753364396587,51.365883092227],[-0.104992171747815,51.3644700669888],[-0.105322697331965,51.3643362372438],[-0.104359273549964,51.3639588287238],[-0.104210987403978,51.3631993298432],[-0.103443597447549,51.3632279140462],[-0.103740872854458,51.3626862701479],[-0.103744155343466,51.3626843538357],[-0.104319586395938,51.3625152219107],[-0.10397952971556,51.3619274770792],[-0.102797788080517,51.3620542770485],[-0.100358543893093,51.3617492870947],[-0.0995149020350504,51.3611181477917],[-0.100338325028483,51.3605632070154],[-0.100570195325588,51.3590695733776],[-0.0977682192564083,51.3586886162231],[-0.0977631209479333,51.3581481182721],[-0.0977951486578729,51.3576878632606],[-0.0999398250433134,51.3575796731419],[-0.100569924536935,51.3570766528036],[-0.10110657122911,51.3565286858127],[-0.102214514235737,51.3553299214322],[-0.103052742114937,51.3542114831489],[-0.104341133342485,51.3542173049955],[-0.104758741175555,51.3534966406628],[-0.10501194507675,51.3523763935545],[-0.105363509182074,51.3508628091712],[-0.106632697905259,51.3489191958408],[-0.107219381039582,51.3482115943637],[-0.107693540707946,51.348379589617],[-0.10707276127304,51.3490475274629],[-0.107901940718623,51.3492691956869],[-0.111311092416753,51.3499344127417],[-0.111343095424045,51.3487904809856],[-0.113664931526937,51.3488269212697],[-0.114034003732734,51.3479004434358],[-0.113975624087308,51.3457278208803],[-0.117182029197173,51.3450644594026],[-0.117287288251235,51.3456787248299],[-0.116894170616217,51.3457533157947],[-0.116965684962787,51.346656423252],[-0.117341446226335,51.3466416355842],[-0.118348700939325,51.3506074307446],[-0.118682942996997,51.351930690696],[-0.119090230360503,51.3531428509338],[-0.12020460486156,51.3532140265865],[-0.121405214060898,51.3577301912654],[-0.124171311399722,51.3574303143902],[-0.124689504576423,51.3588332161551],[-0.121884986942261,51.3590504785884],[-0.122301795769223,51.3593237838865],[-0.122910182003879,51.3599390316075],[-0.121863317097849,51.3599305008602],[-0.121939675623143,51.3609280109207],[-0.121435344373212,51.3610588275148],[-0.121251343060123,51.3631167127702],[-0.12096714649112,51.3632875401086],[-0.121317472696152,51.3646605968545],[-0.122307719619376,51.3645085479459],[-0.122618690861925,51.3647830903161],[-0.124068260197513,51.3653476173547],[-0.122069684842176,51.3658078285928],[-0.122285183566925,51.3672226176347],[-0.122449713811923,51.36760934098],[-0.123402534784423,51.3705328919317],[-0.120004408243464,51.371430616014],[-0.120093275353679,51.3710884844766],[-0.120161539373108,51.3705491726796],[-0.120656727326938,51.3703384361682],[-0.120467769706701,51.3697286437742],[-0.119928335250083,51.3690635377419],[-0.119036809292186,51.3689930067313]]]},"properties":{"FID":210,"MSOA21CD":"E02000221","MSOA21NM":"Croydon 028","MSOA21NMW":" ","BNG_E":531605,"BNG_N":163861,"LAT":51.35858,"LONG":-0.11121,"Shape__Area":2814742.4732208252,"Shape__Length":10213.517993066989,"GlobalID":"d036c29f-aaf9-41d7-a16a-69035d5a3fcf"}},{"type":"Feature","id":211,"geometry":{"type":"Polygon","coordinates":[[[-0.0751745991128458,51.3634546064547],[-0.0727666093287324,51.3629763451645],[-0.0691805356038593,51.3627602823931],[-0.0708916872687479,51.3609724899708],[-0.0767102692315287,51.3596636046922],[-0.0770716670821439,51.358996781058],[-0.0773054368537773,51.3582039364911],[-0.0781153526555041,51.3577518164797],[-0.0795412202179993,51.3548176637267],[-0.0779210196849165,51.3541670804601],[-0.0767073560417982,51.3522663723606],[-0.0799011292891751,51.3526569986431],[-0.0841592614199749,51.3515981192731],[-0.0850629654656838,51.3521066143458],[-0.0852662909127506,51.3516498868509],[-0.0854160650090613,51.351222045838],[-0.0862401602633653,51.3512911877145],[-0.0874194626464287,51.3496566655095],[-0.0885915403799953,51.3500302516426],[-0.0911939240385306,51.3512954619241],[-0.0916511334869422,51.351514433908],[-0.0914469334436978,51.3526471714706],[-0.0919487323136467,51.3533341333314],[-0.0921099478042204,51.3555230823466],[-0.0939637806535194,51.3547456345403],[-0.094177761209089,51.3537581058614],[-0.0952979228330392,51.3538158925722],[-0.0972332057840135,51.353869894534],[-0.097717979482992,51.3541327612834],[-0.0977476074984871,51.3541328703372],[-0.097612299431341,51.3549639717632],[-0.0970444335813863,51.3553467923899],[-0.0971662451300609,51.3557860989493],[-0.097749371646872,51.3558026063156],[-0.0977491130396335,51.355391938779],[-0.0983891559754509,51.3554056356631],[-0.0987467958268552,51.3559086889991],[-0.0985832605430349,51.3568233396179],[-0.099721994123748,51.3569948465463],[-0.100569924536935,51.3570766528036],[-0.0999398250433134,51.3575796731419],[-0.0977951486578729,51.3576878632606],[-0.0977631209479333,51.3581481182721],[-0.0977682192564083,51.3586886162231],[-0.0979348407205599,51.3602781521197],[-0.0979795409319721,51.3605430535491],[-0.0984658545687973,51.3638229328832],[-0.0967848539601584,51.3626386871721],[-0.0960652162415756,51.3621848531621],[-0.0954770550926218,51.3621953244275],[-0.0934138998705842,51.362327884978],[-0.0913273716879923,51.3620468452894],[-0.0915968056148541,51.3617316170783],[-0.0903915928527193,51.3614037240056],[-0.0900788324332045,51.361693970689],[-0.090751659299278,51.3622572840094],[-0.0892161881259222,51.362057602226],[-0.0886421187142561,51.3627106645837],[-0.0881566821224169,51.362610175538],[-0.0878999556492633,51.3617035276932],[-0.087260623732961,51.3614325765936],[-0.0854296770484886,51.3626072734254],[-0.0846589858785099,51.3624867531791],[-0.0844753403673981,51.3628637838251],[-0.0853238403959197,51.3632866091988],[-0.0865549348973269,51.3629243514396],[-0.0871627838798987,51.3631262024161],[-0.0871944887718177,51.3638718706086],[-0.086130896058095,51.3638698241055],[-0.0856413090764001,51.3648989195149],[-0.085386966843252,51.3647896023441],[-0.084322780257798,51.364660012145],[-0.0838858274348827,51.3645478887998],[-0.0816351095828527,51.3640629385031],[-0.0789159093358132,51.3640052160581],[-0.0751745991128458,51.3634546064547]]]},"properties":{"FID":211,"MSOA21CD":"E02000222","MSOA21NM":"Croydon 029","MSOA21NMW":" ","BNG_E":533137,"BNG_N":163760,"LAT":51.35732,"LONG":-0.08926,"Shape__Area":1852330.5743484497,"Shape__Length":8651.9437847546669,"GlobalID":"8aff8652-1bf9-44d0-a107-cb2d2bffd22f"}},{"type":"Feature","id":212,"geometry":{"type":"Polygon","coordinates":[[[-0.013441120474423,51.3574303498727],[-0.0137773388298736,51.3564761951626],[-0.0150235809381703,51.3554634703046],[-0.016052418883875,51.3564804675092],[-0.0166676532416463,51.3563320952527],[-0.0164631765574671,51.3556398354688],[-0.018160588037675,51.3552065479123],[-0.0185521222686006,51.3544178668475],[-0.0195041094882061,51.3552216773281],[-0.0202180826434324,51.3543860737639],[-0.0202211956893854,51.354366872074],[-0.0187869588135585,51.3538068448665],[-0.0180883548174407,51.3528709148287],[-0.0181915951682539,51.3522840295846],[-0.0200965240221123,51.3513513682271],[-0.0198484201763386,51.3510694312982],[-0.0165551780003826,51.3523806425775],[-0.015598105838988,51.3526638996817],[-0.0157855310535888,51.3530226143945],[-0.013262152765992,51.3536603104703],[-0.0123303266886884,51.3533790815005],[-0.0115069413051258,51.353066915747],[-0.0112518692739217,51.3529091249779],[-0.0140354265298115,51.35197684528],[-0.0137600166741831,51.351672759265],[-0.0131367670808842,51.351758197747],[-0.0129634604147961,51.3515108019412],[-0.0131823970518135,51.3503111163494],[-0.0123406517780093,51.3495949224033],[-0.0150901076680867,51.3494216297622],[-0.0153677366082176,51.3487889788015],[-0.0158810565265713,51.3486784840589],[-0.0166139511278424,51.348712408105],[-0.0190991002265279,51.3480026130179],[-0.0188046837131176,51.3476328196682],[-0.0199020290916958,51.3471742106425],[-0.0205475219222112,51.3469118120809],[-0.021601246384796,51.3470544301461],[-0.0218486341526334,51.3473450898881],[-0.022327575727939,51.3480302491074],[-0.0237681271868049,51.3505525466341],[-0.0249890387821986,51.3522679922918],[-0.0265423357729158,51.3532909928907],[-0.0305116128462428,51.355615168798],[-0.0286904404251296,51.356815420993],[-0.0263533746853205,51.3579359317287],[-0.0252551785191814,51.3572121221062],[-0.0190981005477692,51.36074837475],[-0.0182618449282158,51.3612520539161],[-0.0151975397520707,51.3586034446149],[-0.013441120474423,51.3574303498727]]]},"properties":{"FID":212,"MSOA21CD":"E02000223","MSOA21NM":"Croydon 030","MSOA21NMW":" ","BNG_E":537906,"BNG_N":163459,"LAT":51.35348,"LONG":-0.02092,"Shape__Area":961217.54565429688,"Shape__Length":6436.6833721146259,"GlobalID":"8be7cda9-e408-4926-bb66-88a49d1c64b1"}},{"type":"Feature","id":213,"geometry":{"type":"Polygon","coordinates":[[[-0.0983891559754509,51.3554056356631],[-0.0977491130396335,51.355391938779],[-0.097749371646872,51.3558026063156],[-0.0971662451300609,51.3557860989493],[-0.0970444335813863,51.3553467923899],[-0.097612299431341,51.3549639717632],[-0.0977476074984871,51.3541328703372],[-0.097717979482992,51.3541327612834],[-0.0972332057840135,51.353869894534],[-0.0952979228330392,51.3538158925722],[-0.094177761209089,51.3537581058614],[-0.0939637806535194,51.3547456345403],[-0.0921099478042204,51.3555230823466],[-0.0919487323136467,51.3533341333314],[-0.0914469334436978,51.3526471714706],[-0.0916511334869422,51.351514433908],[-0.0911939240385306,51.3512954619241],[-0.0885915403799953,51.3500302516426],[-0.0921542660171232,51.3465829096551],[-0.0922651814361723,51.3464058689019],[-0.0914259538654755,51.3462123365417],[-0.092198407626138,51.3456483772295],[-0.0925718509832084,51.3460440955098],[-0.0938557422989888,51.3475102220938],[-0.0947635445376256,51.3458960399227],[-0.0950057836063512,51.3455203537792],[-0.0953161852960036,51.3450771359996],[-0.0966507368155331,51.3457472705809],[-0.0976958881353157,51.343980221029],[-0.0992990279763232,51.3428634467296],[-0.0986927693168069,51.3423657637567],[-0.0990389252929068,51.3425373099303],[-0.0998099984316616,51.3423061132673],[-0.101706929601174,51.3428766493816],[-0.103296443099307,51.343812851918],[-0.103833195491554,51.3435279788962],[-0.103000022411607,51.3430820833615],[-0.103313253917007,51.3428957874762],[-0.10428018356341,51.3432897442152],[-0.106328006256115,51.3421741231857],[-0.106595754408025,51.3420196538798],[-0.108434669725038,51.3409622303867],[-0.108963726912444,51.3419194815046],[-0.110991885082345,51.3406463789014],[-0.111231804645415,51.3407841591707],[-0.111381561745442,51.3410325736058],[-0.10975687011619,51.3419353806087],[-0.110179798337051,51.3422818543492],[-0.108031960065433,51.3434207357884],[-0.108572535314006,51.3432682214488],[-0.109048848792937,51.3436143063076],[-0.108213941292343,51.3441140104425],[-0.107688723951276,51.3449175106359],[-0.104868058162343,51.3459657026723],[-0.105167602277368,51.3465793884854],[-0.103540724853444,51.3468683909653],[-0.103570099734758,51.3473565877474],[-0.104720686782479,51.3470740511302],[-0.105210714993619,51.3474635484784],[-0.105395870082132,51.348640608957],[-0.106632697905259,51.3489191958408],[-0.105363509182074,51.3508628091712],[-0.10501194507675,51.3523763935545],[-0.104758741175555,51.3534966406628],[-0.104341133342485,51.3542173049955],[-0.103052742114937,51.3542114831489],[-0.102214514235737,51.3553299214322],[-0.10110657122911,51.3565286858127],[-0.100569924536935,51.3570766528036],[-0.099721994123748,51.3569948465463],[-0.0985832605430349,51.3568233396179],[-0.0987467958268552,51.3559086889991],[-0.0983891559754509,51.3554056356631]]]},"properties":{"FID":213,"MSOA21CD":"E02000224","MSOA21NM":"Croydon 031","MSOA21NMW":" ","BNG_E":532427,"BNG_N":162895,"LAT":51.34971,"LONG":-0.09977,"Shape__Area":1280603.0860137939,"Shape__Length":7548.7526394356337,"GlobalID":"2b662df8-9dc1-4247-961a-78b3c67d19ff"}},{"type":"Feature","id":214,"geometry":{"type":"Polygon","coordinates":[[[-0.013441120474423,51.3574303498727],[-0.0122485776769339,51.3570207999856],[-0.0119636588663089,51.3573189141595],[-0.0106947185044353,51.3568058341448],[-0.00798319583648034,51.3553084291689],[-0.0053840318630232,51.3526478318466],[-0.00281911844592453,51.3455356300957],[-0.0023720971398552,51.3434956618146],[-0.00399253184782801,51.3429850359211],[-0.00420268807772638,51.3442382968083],[-0.00594997826235466,51.3440161483073],[-0.00609713485217827,51.3446041355201],[-0.00676401496125797,51.3446043368902],[-0.0081488682376835,51.343467622077],[-0.00852738598191388,51.3420987561143],[-0.00921420340533509,51.3415700039922],[-0.0102181020499266,51.3421986435747],[-0.00999733501129012,51.3431712791899],[-0.0115176063692008,51.3432222220288],[-0.0117370946950527,51.3430260317834],[-0.01213812651636,51.3424736725478],[-0.0134561565982624,51.3419625363798],[-0.0138258707289677,51.3421976785475],[-0.0137382958392344,51.3430775498652],[-0.0150427678784337,51.3431841338616],[-0.015449056351943,51.3428639310215],[-0.0168297720320347,51.3432091853731],[-0.0172016484168779,51.3429000667748],[-0.0176511368179002,51.3425448307706],[-0.0174844910955616,51.3418218846369],[-0.0183114315219191,51.3419551780272],[-0.0170688783823156,51.3402774045887],[-0.0164974812065434,51.3405626780056],[-0.01561453386437,51.3400250427744],[-0.0146337974394791,51.3401253820002],[-0.0144997144633854,51.3396293494598],[-0.0146993727356988,51.3388479366187],[-0.0159076819008212,51.3390960852037],[-0.0163001961959894,51.3388665990878],[-0.0177524348607993,51.3398941052795],[-0.0180873688541384,51.3396895991519],[-0.0173362583107038,51.339055930233],[-0.0176315038465488,51.3388883630635],[-0.01731033973292,51.3386658367186],[-0.0179718928596949,51.3383722367834],[-0.0210511127686243,51.3408822565116],[-0.0204834779040717,51.3415832574508],[-0.0219578923124216,51.3414709132934],[-0.0225573661490802,51.3420870299219],[-0.0224934474895611,51.3426548200445],[-0.0284584319465039,51.3477020954667],[-0.0261871617812823,51.3474420530101],[-0.022327575727939,51.3480302491074],[-0.0218486341526334,51.3473450898881],[-0.021601246384796,51.3470544301461],[-0.0205475219222112,51.3469118120809],[-0.0199020290916958,51.3471742106425],[-0.0188046837131176,51.3476328196682],[-0.0190991002265279,51.3480026130179],[-0.0166139511278424,51.348712408105],[-0.0158810565265713,51.3486784840589],[-0.0153677366082176,51.3487889788015],[-0.0150901076680867,51.3494216297622],[-0.0123406517780093,51.3495949224033],[-0.0131823970518135,51.3503111163494],[-0.0129634604147961,51.3515108019412],[-0.0131367670808842,51.351758197747],[-0.0137600166741831,51.351672759265],[-0.0140354265298115,51.35197684528],[-0.0112518692739217,51.3529091249779],[-0.0115069413051258,51.353066915747],[-0.0123303266886884,51.3533790815005],[-0.013262152765992,51.3536603104703],[-0.0157855310535888,51.3530226143945],[-0.015598105838988,51.3526638996817],[-0.0165551780003826,51.3523806425775],[-0.0198484201763386,51.3510694312982],[-0.0200965240221123,51.3513513682271],[-0.0181915951682539,51.3522840295846],[-0.0180883548174407,51.3528709148287],[-0.0187869588135585,51.3538068448665],[-0.0202211956893854,51.354366872074],[-0.0202180826434324,51.3543860737639],[-0.0195041094882061,51.3552216773281],[-0.0185521222686006,51.3544178668475],[-0.018160588037675,51.3552065479123],[-0.0164631765574671,51.3556398354688],[-0.0166676532416463,51.3563320952527],[-0.016052418883875,51.3564804675092],[-0.0150235809381703,51.3554634703046],[-0.0137773388298736,51.3564761951626],[-0.013441120474423,51.3574303498727]]]},"properties":{"FID":214,"MSOA21CD":"E02000225","MSOA21NM":"Croydon 032","MSOA21NMW":" ","BNG_E":538587,"BNG_N":162849,"LAT":51.34783,"LONG":-0.01139,"Shape__Area":1634469.1265563965,"Shape__Length":10480.055072524989,"GlobalID":"20565ffc-359f-4978-ae48-697291d34093"}},{"type":"Feature","id":215,"geometry":{"type":"Polygon","coordinates":[[[-0.056530817096551,51.3487821089177],[-0.0559798276718496,51.3481512865354],[-0.0548586387047444,51.3481417649212],[-0.0516328882773633,51.3473951711779],[-0.0512418934774164,51.3470551726249],[-0.053637736223743,51.3466766758526],[-0.0539001014785185,51.3462757159262],[-0.0550154320247436,51.3460215352638],[-0.0544459725699374,51.3454181477276],[-0.0551296116582375,51.3454650487499],[-0.0548352235852455,51.3452143763004],[-0.0565602385349472,51.3444185172368],[-0.0552460391970162,51.3430092473812],[-0.0549222602624719,51.3426428230842],[-0.0539422408023768,51.3429426304285],[-0.0529838405560067,51.3421803087936],[-0.0556466363464373,51.3406687646098],[-0.0573276667686758,51.3398854355045],[-0.0591040964957058,51.3404920198796],[-0.0596520723589142,51.3412357776319],[-0.059723633070962,51.3412184197411],[-0.0609129883164708,51.3407778242062],[-0.0611791454860447,51.3401791770081],[-0.0643689523376597,51.3400046512075],[-0.0649076096270259,51.3420271759916],[-0.0652358986907665,51.3418712853274],[-0.0660626672716407,51.3421270705816],[-0.0665167987765981,51.3418133300794],[-0.0669656025057044,51.3422169836194],[-0.068098956481935,51.3419359687236],[-0.0683494182414268,51.342220765156],[-0.0692198640050429,51.342799277259],[-0.0699457821159271,51.3425489248858],[-0.0708086892082245,51.3415607803843],[-0.072588802357818,51.3410014182473],[-0.0737748441420879,51.3407421500034],[-0.0751599789749407,51.34030088739],[-0.0757810264197585,51.3406199418362],[-0.077253372520805,51.3431124955352],[-0.077741841854074,51.3431718177074],[-0.0783698433957145,51.3430675921816],[-0.0787897570749087,51.3437665183386],[-0.0793730144510662,51.3446163225112],[-0.0791751055468246,51.3451632258595],[-0.0774751414151177,51.3477174971826],[-0.0772004656469986,51.347956043171],[-0.0780469691037585,51.3483716899433],[-0.076833111680581,51.3491199117276],[-0.0760146971887242,51.3490307312369],[-0.0742783304567667,51.3498176054907],[-0.074925050088284,51.350693106545],[-0.0767073560417982,51.3522663723606],[-0.0779210196849165,51.3541670804601],[-0.0795412202179993,51.3548176637267],[-0.0781153526555041,51.3577518164797],[-0.0773054368537773,51.3582039364911],[-0.0770716670821439,51.358996781058],[-0.0767102692315287,51.3596636046922],[-0.0708916872687479,51.3609724899708],[-0.0691805356038593,51.3627602823931],[-0.0688598827658718,51.3627179521476],[-0.0652361437848651,51.3619424521314],[-0.0641084634703929,51.3607925290088],[-0.0618564975668768,51.3599076961808],[-0.0566243805180131,51.3588577987263],[-0.0588619981015184,51.3582086884096],[-0.0590801411703478,51.3563521460116],[-0.057307738436933,51.3561281491574],[-0.056584347167779,51.3553193106218],[-0.0553155246068107,51.3548951151233],[-0.0544908501042955,51.354179149988],[-0.0545023692833669,51.353187613189],[-0.0562740605930444,51.3527339851693],[-0.0578802540847892,51.3520376540776],[-0.0577422303691475,51.3518376149358],[-0.0572951696110844,51.3511931601351],[-0.056530817096551,51.3487821089177]]]},"properties":{"FID":215,"MSOA21CD":"E02000226","MSOA21NM":"Croydon 033","MSOA21NMW":" ","BNG_E":534817,"BNG_N":163205,"LAT":51.35194,"LONG":-0.06535,"Shape__Area":3274456.6206283569,"Shape__Length":9562.5208143041873,"GlobalID":"ceaff6a3-8401-4c55-8607-93f1644715bd"}},{"type":"Feature","id":216,"geometry":{"type":"Polygon","coordinates":[[[-0.0187420720414645,51.3625469668357],[-0.0182618449282158,51.3612520539161],[-0.0190981005477692,51.36074837475],[-0.0252551785191814,51.3572121221062],[-0.0263533746853205,51.3579359317287],[-0.0286904404251296,51.356815420993],[-0.0305116128462428,51.355615168798],[-0.0265423357729158,51.3532909928907],[-0.0249890387821986,51.3522679922918],[-0.0237681271868049,51.3505525466341],[-0.022327575727939,51.3480302491074],[-0.0261871617812823,51.3474420530101],[-0.0284584319465039,51.3477020954667],[-0.0224934474895611,51.3426548200445],[-0.0225573661490802,51.3420870299219],[-0.0219578923124216,51.3414709132934],[-0.0204834779040717,51.3415832574508],[-0.0210511127686243,51.3408822565116],[-0.0179718928596949,51.3383722367834],[-0.014989323374824,51.3364471307062],[-0.015155904020045,51.3362376261437],[-0.0130815874709467,51.3349702900688],[-0.0116326604254007,51.3352973432128],[-0.0122916519279972,51.3346116303983],[-0.0106568927166042,51.3337574493009],[-0.0109936101153323,51.3335573700467],[-0.0106642443154658,51.3330898371276],[-0.0118865415722762,51.332891923112],[-0.0135168845731658,51.3315293317039],[-0.014327761651326,51.3298052925357],[-0.0159399225399156,51.3320141554864],[-0.0170293874236783,51.3329043140571],[-0.0177827617904173,51.3329329227134],[-0.0205575053521078,51.3371445578573],[-0.0223713148980392,51.3382056224598],[-0.0259582400280908,51.3385600815303],[-0.030681046048205,51.3375151632143],[-0.032770744896387,51.3374379297529],[-0.0342825842751273,51.3379998395214],[-0.0379669315366574,51.3386436745754],[-0.039468986117372,51.337614919761],[-0.0405906834480186,51.3360584445781],[-0.0480843635059534,51.3370460916057],[-0.0530700406464442,51.3373273875901],[-0.0543239062160074,51.3377425134403],[-0.052948346854201,51.3389512527595],[-0.0535966432914388,51.3402375558701],[-0.0540878510147573,51.3401361526012],[-0.0539422760999551,51.3397456167965],[-0.054796751961384,51.340201103622],[-0.0556466363464373,51.3406687646098],[-0.0529838405560067,51.3421803087936],[-0.0539422408023768,51.3429426304285],[-0.0549222602624719,51.3426428230842],[-0.0552460391970162,51.3430092473812],[-0.0565602385349472,51.3444185172368],[-0.0548352235852455,51.3452143763004],[-0.0551296116582375,51.3454650487499],[-0.0544459725699374,51.3454181477276],[-0.0550154320247436,51.3460215352638],[-0.0539001014785185,51.3462757159262],[-0.053637736223743,51.3466766758526],[-0.0512418934774164,51.3470551726249],[-0.0516328882773633,51.3473951711779],[-0.0548586387047444,51.3481417649212],[-0.0559798276718496,51.3481512865354],[-0.056530817096551,51.3487821089177],[-0.0572951696110844,51.3511931601351],[-0.0577422303691475,51.3518376149358],[-0.0578802540847892,51.3520376540776],[-0.0562740605930444,51.3527339851693],[-0.0545023692833669,51.353187613189],[-0.0544908501042955,51.354179149988],[-0.0553155246068107,51.3548951151233],[-0.054256069523154,51.3551597477442],[-0.0498256916963097,51.3536632417832],[-0.0470585082728654,51.3535223988141],[-0.0468717645398461,51.3524637799435],[-0.0473758036084778,51.351472651666],[-0.0454273620131372,51.3506160678053],[-0.0430446703423715,51.3509520426519],[-0.0424220776190845,51.3507808068403],[-0.039338018953025,51.3521802665402],[-0.0382488383559978,51.3520540025068],[-0.0375572809059181,51.3520376627615],[-0.0371705200352785,51.3523984663389],[-0.0368185017658228,51.3520596731678],[-0.0337842850186769,51.3530016587732],[-0.0355703908789664,51.3543513885507],[-0.036824492478405,51.3538121692266],[-0.037348225513926,51.3539246849784],[-0.0332885547507223,51.3579279009567],[-0.033655250889526,51.3583131935817],[-0.0308332835206568,51.3587566426775],[-0.0310910034757668,51.3591696175599],[-0.0298838299224972,51.3590027974748],[-0.0287681599244325,51.3593532807386],[-0.0285699580943645,51.3608210189563],[-0.0275298033024528,51.3619265720214],[-0.0238061836012227,51.3617099535857],[-0.0198378663581837,51.3635907421837],[-0.0198334894942098,51.3635739937192],[-0.0187420720414645,51.3625469668357]]]},"properties":{"FID":216,"MSOA21CD":"E02000227","MSOA21NM":"Croydon 034","MSOA21NMW":" ","BNG_E":536628,"BNG_N":162712,"LAT":51.34707,"LONG":-0.03955,"Shape__Area":4598836.0163192749,"Shape__Length":16685.15486766518,"GlobalID":"f32ffdcd-3e79-4475-b939-bbd6d154c6a4"}},{"type":"Feature","id":217,"geometry":{"type":"Polygon","coordinates":[[[-0.0767073560417982,51.3522663723606],[-0.074925050088284,51.350693106545],[-0.0742783304567667,51.3498176054907],[-0.0760146971887242,51.3490307312369],[-0.076833111680581,51.3491199117276],[-0.0780469691037585,51.3483716899433],[-0.0772004656469986,51.347956043171],[-0.0774751414151177,51.3477174971826],[-0.0791751055468246,51.3451632258595],[-0.0793730144510662,51.3446163225112],[-0.0787897570749087,51.3437665183386],[-0.0783698433957145,51.3430675921816],[-0.077741841854074,51.3431718177074],[-0.077253372520805,51.3431124955352],[-0.0757810264197585,51.3406199418362],[-0.0751599789749407,51.34030088739],[-0.0737748441420879,51.3407421500034],[-0.072588802357818,51.3410014182473],[-0.0708086892082245,51.3415607803843],[-0.0699457821159271,51.3425489248858],[-0.0692198640050429,51.342799277259],[-0.0683494182414268,51.342220765156],[-0.0693425236489295,51.3419838766179],[-0.0689598153353706,51.340845092758],[-0.0697326295072649,51.340428156615],[-0.0684976907259832,51.3393985129756],[-0.0718922883592721,51.3386211166571],[-0.0734614008498005,51.3374302514106],[-0.0726901485762259,51.3363933604368],[-0.0727345506244075,51.3358054850261],[-0.0733228749486599,51.3355663628249],[-0.0715727095265103,51.3335022105722],[-0.0712808225364059,51.3329811644754],[-0.0723746012648238,51.3324356825308],[-0.0724649194764845,51.3320075811005],[-0.0743882081686943,51.3322861775543],[-0.0757078373834491,51.3319672448625],[-0.075485863415001,51.3314909948225],[-0.0749111871322454,51.3316093649998],[-0.0744881352834307,51.3312813569849],[-0.0739545706923213,51.3300900506173],[-0.0735091492437901,51.3299878544616],[-0.0735686448754471,51.3297017217771],[-0.0755509437252342,51.3300420736781],[-0.0750777323853645,51.3307692945924],[-0.0760990451797396,51.3308340732639],[-0.0759353655766938,51.3312177373609],[-0.0767076497181075,51.3317872699624],[-0.0793182093403506,51.3315763014066],[-0.0793639676030928,51.3332586194911],[-0.0819969738041194,51.3334160732043],[-0.0834157334663447,51.3327433825123],[-0.0828009359490869,51.3319395228832],[-0.0830018544967533,51.3307600712081],[-0.0834442468635508,51.3305266792498],[-0.0858840338787264,51.33102295618],[-0.0918601898095599,51.330222079184],[-0.091827561964785,51.3306901377352],[-0.0895400006538345,51.3309766808054],[-0.0898162712527256,51.3318591569456],[-0.0931006202343663,51.3315740957355],[-0.0934996102120223,51.3318828832819],[-0.0926263748043418,51.3305709802339],[-0.0938421464721655,51.3306049480322],[-0.0956541788199413,51.3326176510107],[-0.0959266786246346,51.3334217509554],[-0.0951703400795023,51.3358301156616],[-0.095447721168027,51.3362281789879],[-0.0959820986635207,51.3392121885235],[-0.0962955463468989,51.3388959545706],[-0.0995235616468302,51.3399654069505],[-0.0989201554150567,51.3408573177177],[-0.098338561654214,51.3415835559652],[-0.0955278501674595,51.3447852818893],[-0.0953161852960036,51.3450771359996],[-0.0950057836063512,51.3455203537792],[-0.0947635445376256,51.3458960399227],[-0.0938557422989888,51.3475102220938],[-0.0925718509832084,51.3460440955098],[-0.092198407626138,51.3456483772295],[-0.0914259538654755,51.3462123365417],[-0.0922651814361723,51.3464058689019],[-0.0921542660171232,51.3465829096551],[-0.0885915403799953,51.3500302516426],[-0.0874194626464287,51.3496566655095],[-0.0862401602633653,51.3512911877145],[-0.0854160650090613,51.351222045838],[-0.0852662909127506,51.3516498868509],[-0.0850629654656838,51.3521066143458],[-0.0841592614199749,51.3515981192731],[-0.0799011292891751,51.3526569986431],[-0.0767073560417982,51.3522663723606]]]},"properties":{"FID":217,"MSOA21CD":"E02000228","MSOA21NM":"Croydon 035","MSOA21NMW":" ","BNG_E":533555,"BNG_N":161987,"LAT":51.34129,"LONG":-0.08392,"Shape__Area":3147050.3332595825,"Shape__Length":11469.365743812428,"GlobalID":"e6209ef0-d9ac-4939-88c2-8df6d9166608"}},{"type":"Feature","id":218,"geometry":{"type":"Polygon","coordinates":[[[-0.00609713485217827,51.3446041355201],[-0.00594997826235466,51.3440161483073],[-0.00420268807772638,51.3442382968083],[-0.00399253184782801,51.3429850359211],[-0.0023720971398552,51.3434956618146],[-0.000817086235079688,51.3388496140506],[0.000879858884978763,51.3336006241895],[0.00229838910108586,51.3324904226006],[0.00331089488076659,51.3321543889896],[0.00291529125437761,51.3303415875581],[0.00220863170080457,51.3297708682733],[0.00229479293732579,51.3291384597649],[-0.000502829627857391,51.3287783840351],[-0.0016771157042165,51.3303069064493],[-0.00720941886007175,51.3333872933168],[-0.00712578526079441,51.3336688852917],[-0.00887389074615965,51.3339046915887],[-0.0106568927166042,51.3337574493009],[-0.0122916519279972,51.3346116303983],[-0.0116326604254007,51.3352973432128],[-0.0130815874709467,51.3349702900688],[-0.015155904020045,51.3362376261437],[-0.014989323374824,51.3364471307062],[-0.0179718928596949,51.3383722367834],[-0.01731033973292,51.3386658367186],[-0.0176315038465488,51.3388883630635],[-0.0173362583107038,51.339055930233],[-0.0180873688541384,51.3396895991519],[-0.0177524348607993,51.3398941052795],[-0.0163001961959894,51.3388665990878],[-0.0159076819008212,51.3390960852037],[-0.0146993727356988,51.3388479366187],[-0.0144997144633854,51.3396293494598],[-0.0146337974394791,51.3401253820002],[-0.01561453386437,51.3400250427744],[-0.0164974812065434,51.3405626780056],[-0.0170688783823156,51.3402774045887],[-0.0183114315219191,51.3419551780272],[-0.0174844910955616,51.3418218846369],[-0.0176511368179002,51.3425448307706],[-0.0172016484168779,51.3429000667748],[-0.0168297720320347,51.3432091853731],[-0.015449056351943,51.3428639310215],[-0.0150427678784337,51.3431841338616],[-0.0137382958392344,51.3430775498652],[-0.0138258707289677,51.3421976785475],[-0.0134561565982624,51.3419625363798],[-0.01213812651636,51.3424736725478],[-0.0117370946950527,51.3430260317834],[-0.0115176063692008,51.3432222220288],[-0.00999733501129012,51.3431712791899],[-0.0102181020499266,51.3421986435747],[-0.00921420340533509,51.3415700039922],[-0.00852738598191388,51.3420987561143],[-0.0081488682376835,51.343467622077],[-0.00676401496125797,51.3446043368902],[-0.00609713485217827,51.3446041355201]]]},"properties":{"FID":218,"MSOA21CD":"E02000229","MSOA21NM":"Croydon 036","MSOA21NMW":" ","BNG_E":538889,"BNG_N":161866,"LAT":51.33892,"LONG":-0.00743,"Shape__Area":1322178.1439666748,"Shape__Length":6863.8214275289474,"GlobalID":"5d61032c-d194-4791-825d-44fa3c6be34e"}},{"type":"Feature","id":219,"geometry":{"type":"Polygon","coordinates":[[[-0.107693540707946,51.348379589617],[-0.107219381039582,51.3482115943637],[-0.106632697905259,51.3489191958408],[-0.105395870082132,51.348640608957],[-0.105210714993619,51.3474635484784],[-0.104720686782479,51.3470740511302],[-0.103570099734758,51.3473565877474],[-0.103540724853444,51.3468683909653],[-0.105167602277368,51.3465793884854],[-0.104868058162343,51.3459657026723],[-0.107688723951276,51.3449175106359],[-0.108213941292343,51.3441140104425],[-0.109048848792937,51.3436143063076],[-0.108572535314006,51.3432682214488],[-0.108031960065433,51.3434207357884],[-0.110179798337051,51.3422818543492],[-0.10975687011619,51.3419353806087],[-0.111381561745442,51.3410325736058],[-0.111231804645415,51.3407841591707],[-0.110991885082345,51.3406463789014],[-0.108963726912444,51.3419194815046],[-0.108434669725038,51.3409622303867],[-0.106595754408025,51.3420196538798],[-0.106328006256115,51.3421741231857],[-0.10428018356341,51.3432897442152],[-0.103313253917007,51.3428957874762],[-0.103000022411607,51.3430820833615],[-0.103833195491554,51.3435279788962],[-0.103296443099307,51.343812851918],[-0.101706929601174,51.3428766493816],[-0.0998099984316616,51.3423061132673],[-0.0990389252929068,51.3425373099303],[-0.0986927693168069,51.3423657637567],[-0.0992990279763232,51.3428634467296],[-0.0976958881353157,51.343980221029],[-0.0966507368155331,51.3457472705809],[-0.0953161852960036,51.3450771359996],[-0.0955278501674595,51.3447852818893],[-0.098338561654214,51.3415835559652],[-0.0989201554150567,51.3408573177177],[-0.0995235616468302,51.3399654069505],[-0.100521070049815,51.3370455120455],[-0.0999411273220285,51.3333737604115],[-0.100618539740905,51.3332942977114],[-0.101140890024445,51.3332514698225],[-0.101869227288176,51.3328703952699],[-0.102935693301845,51.3331612417507],[-0.10164964611283,51.3313456575418],[-0.102061150660161,51.3306685910302],[-0.103874948768024,51.3330460086844],[-0.104680708421899,51.3329787644084],[-0.10390275817511,51.3319587395079],[-0.104244567091944,51.3312390753095],[-0.104872003582608,51.3310137706071],[-0.105734329661528,51.3313798640068],[-0.105303273264371,51.3316751562079],[-0.105973986950961,51.3324174430644],[-0.106765190975267,51.3322884994199],[-0.107239639824103,51.3317732393656],[-0.107870976973115,51.3318815883581],[-0.108188635235227,51.332646052925],[-0.108712491103845,51.3324962349442],[-0.1099054422723,51.3328601940015],[-0.110901830398975,51.3336752418313],[-0.111620076451425,51.33379772367],[-0.111126978028671,51.3331888731292],[-0.113321911402526,51.3322804409825],[-0.111742376189938,51.3305911821938],[-0.111517361985239,51.3302385134204],[-0.112314154448113,51.3300295467372],[-0.111667564422943,51.3291163378288],[-0.113173599865049,51.3287592195295],[-0.114756727976534,51.3306752654059],[-0.116049248369946,51.3311181394251],[-0.116878878249008,51.3308391362545],[-0.117316639246867,51.3301938777193],[-0.1166425581222,51.328710458728],[-0.11790527701582,51.3280487936084],[-0.118358787717072,51.3285798748469],[-0.119206246510481,51.3299231424135],[-0.118790320960243,51.3304007464714],[-0.118756121169488,51.3306755004807],[-0.119735531068126,51.3306656631379],[-0.120692197069792,51.3304393488529],[-0.120822815975081,51.3314563314993],[-0.120511485558956,51.3320041499252],[-0.121153794129528,51.3322873531054],[-0.120122234045646,51.3331687160214],[-0.120984435683676,51.333231991998],[-0.119903369518859,51.3341442885042],[-0.120447998803584,51.3343454074114],[-0.121419802015247,51.3335385790829],[-0.122247914458057,51.3337348635136],[-0.119762360580352,51.3358334550529],[-0.118345623179344,51.3371649701767],[-0.117455401677666,51.3380145034834],[-0.117272919185686,51.338214403599],[-0.118464389560062,51.3387771059288],[-0.121079894520306,51.3397663431403],[-0.12243526017048,51.3393748908135],[-0.124076303848736,51.3396262683062],[-0.127885223026779,51.3412878677887],[-0.130270163587059,51.3416046875979],[-0.130770379616923,51.3423680606519],[-0.130009226020605,51.3427246504333],[-0.125927288594042,51.3442517249982],[-0.125343647905654,51.3442791258214],[-0.125169322954235,51.3452727972628],[-0.118904804847187,51.3455102984592],[-0.118638517273755,51.3457954040373],[-0.117287288251235,51.3456787248299],[-0.117182029197173,51.3450644594026],[-0.113975624087308,51.3457278208803],[-0.114034003732734,51.3479004434358],[-0.113664931526937,51.3488269212697],[-0.111343095424045,51.3487904809856],[-0.111311092416753,51.3499344127417],[-0.107901940718623,51.3492691956869],[-0.10707276127304,51.3490475274629],[-0.107693540707946,51.348379589617]]]},"properties":{"FID":219,"MSOA21CD":"E02000230","MSOA21NM":"Croydon 037","MSOA21NMW":" ","BNG_E":531518,"BNG_N":161683,"LAT":51.33903,"LONG":-0.11326,"Shape__Area":2608634.6916275024,"Shape__Length":13845.392000061589,"GlobalID":"185d217f-fb83-4abf-84d2-ba5173562d0c"}},{"type":"Feature","id":220,"geometry":{"type":"Polygon","coordinates":[[[-0.127289440779201,51.3471848664747],[-0.126898808648547,51.344870615377],[-0.125976014743717,51.3451982844971],[-0.125169322954235,51.3452727972628],[-0.125343647905654,51.3442791258214],[-0.125927288594042,51.3442517249982],[-0.130009226020605,51.3427246504333],[-0.130770379616923,51.3423680606519],[-0.130270163587059,51.3416046875979],[-0.127885223026779,51.3412878677887],[-0.124076303848736,51.3396262683062],[-0.12243526017048,51.3393748908135],[-0.121079894520306,51.3397663431403],[-0.118464389560062,51.3387771059288],[-0.117272919185686,51.338214403599],[-0.117455401677666,51.3380145034834],[-0.118345623179344,51.3371649701767],[-0.119762360580352,51.3358334550529],[-0.122247914458057,51.3337348635136],[-0.122320382477301,51.333674656371],[-0.124735640171749,51.3316634851151],[-0.125063127036763,51.3312968192292],[-0.126876142802327,51.3290684648862],[-0.129728314472495,51.3269102755346],[-0.130218648358204,51.3271223203773],[-0.131173913013694,51.326877107702],[-0.133260356738194,51.3253941859237],[-0.134999613085326,51.3253591357032],[-0.136978080690216,51.3239048441804],[-0.137382274955579,51.3232165721694],[-0.13675248373282,51.323118806437],[-0.13667870946664,51.3227842209146],[-0.136854623400511,51.3222924011874],[-0.137767111156973,51.3221471318801],[-0.138484832637879,51.321354293786],[-0.139606866019803,51.3211748014566],[-0.139388183917353,51.3215138172053],[-0.140630435305298,51.3211754117253],[-0.140322500404339,51.3224025570554],[-0.142827081414751,51.3213787876451],[-0.143013886093831,51.3221553172164],[-0.144203155419358,51.3229956701805],[-0.145260225081325,51.322639099365],[-0.145170094048267,51.3219370587314],[-0.146632774392371,51.3221789721043],[-0.147374439619396,51.3219206837263],[-0.147683105606576,51.3220536921428],[-0.147339171059131,51.3228065380689],[-0.145513097461705,51.3235245885356],[-0.145062879597102,51.324415167641],[-0.144441663180506,51.3259514605082],[-0.14437172568972,51.3263336802718],[-0.149304810914087,51.3287632962892],[-0.1488320486916,51.3289501492787],[-0.144043403079911,51.3306690095187],[-0.145337365745099,51.3319313713389],[-0.147523009653591,51.3387802969384],[-0.144501960032071,51.3394922019324],[-0.14429872646179,51.3402012836335],[-0.144299638027338,51.3402052351757],[-0.143440289897741,51.3405610185039],[-0.144584155331139,51.342000286869],[-0.142116275368674,51.3429958962119],[-0.141585635383923,51.3433740087068],[-0.136303144321637,51.3448189939735],[-0.136235353408168,51.3443880889945],[-0.134548952850938,51.3444700748759],[-0.132567973913874,51.3443043875507],[-0.132873910877036,51.3454601999444],[-0.131112338814559,51.3455087779659],[-0.131404828282976,51.3460051818534],[-0.129118384491977,51.3464906594917],[-0.128875325925315,51.3472550431253],[-0.128308875912597,51.3474331323304],[-0.127289440779201,51.3471848664747]]]},"properties":{"FID":220,"MSOA21CD":"E02000231","MSOA21NM":"Croydon 038","MSOA21NMW":" ","BNG_E":530139,"BNG_N":161190,"LAT":51.33492,"LONG":-0.13323,"Shape__Area":3359710.1352767944,"Shape__Length":10352.392028093747,"GlobalID":"932fddd2-1bde-4e3f-b6c8-3e6d9f0f952f"}},{"type":"Feature","id":221,"geometry":{"type":"Polygon","coordinates":[[[-0.0669656025057044,51.3422169836194],[-0.0665167987765981,51.3418133300794],[-0.0660626672716407,51.3421270705816],[-0.0652358986907665,51.3418712853274],[-0.0649076096270259,51.3420271759916],[-0.0643689523376597,51.3400046512075],[-0.0611791454860447,51.3401791770081],[-0.0609129883164708,51.3407778242062],[-0.059723633070962,51.3412184197411],[-0.0596520723589142,51.3412357776319],[-0.0591040964957058,51.3404920198796],[-0.0573276667686758,51.3398854355045],[-0.0556466363464373,51.3406687646098],[-0.054796751961384,51.340201103622],[-0.0539422760999551,51.3397456167965],[-0.0540878510147573,51.3401361526012],[-0.0535966432914388,51.3402375558701],[-0.052948346854201,51.3389512527595],[-0.0543239062160074,51.3377425134403],[-0.0530700406464442,51.3373273875901],[-0.0480843635059534,51.3370460916057],[-0.0405906834480186,51.3360584445781],[-0.0419675905071055,51.3338102880997],[-0.0465529373235114,51.3334831412381],[-0.0484737305036487,51.3327895352829],[-0.050260481778277,51.3326393314449],[-0.0500723982066243,51.3320525781088],[-0.0510420190961974,51.3315938733924],[-0.0510808995511962,51.3308453405809],[-0.0487494839378248,51.3287184494882],[-0.0490699817465988,51.3286077180698],[-0.0478284444974036,51.326509670295],[-0.0478685940206328,51.3252450019284],[-0.0497650920053898,51.3252666997541],[-0.0512670475503167,51.323438287345],[-0.0513071353485482,51.3224479081576],[-0.0524814468898527,51.3223820104402],[-0.054882719923065,51.321257340869],[-0.0561370751736094,51.3215894277968],[-0.0562512474695483,51.321663641062],[-0.0583927711265283,51.3203831289077],[-0.0606576345449638,51.3200644360899],[-0.0620789596931103,51.3191997617945],[-0.0639942812906085,51.3186365105282],[-0.0639981252319761,51.3186348563699],[-0.0694109093934863,51.3188720201949],[-0.0700281972340508,51.3188925951106],[-0.0710164828151732,51.3212327062701],[-0.0758661964833561,51.3200598567095],[-0.0788626198057478,51.3197747143246],[-0.0788574344920102,51.3194601746839],[-0.0814390920489991,51.3208253445624],[-0.0813347341353534,51.32117770344],[-0.0763969109976799,51.3248080578953],[-0.0778223280974196,51.3277643859963],[-0.0778360670313498,51.3274647571636],[-0.0794096017143163,51.3269060364014],[-0.0807192175362417,51.3288879915325],[-0.0813515975319748,51.3292131123696],[-0.0811481372520598,51.3297661663552],[-0.0834442468635508,51.3305266792498],[-0.0830018544967533,51.3307600712081],[-0.0828009359490869,51.3319395228832],[-0.0834157334663447,51.3327433825123],[-0.0819969738041194,51.3334160732043],[-0.0793639676030928,51.3332586194911],[-0.0793182093403506,51.3315763014066],[-0.0767076497181075,51.3317872699624],[-0.0759353655766938,51.3312177373609],[-0.0760990451797396,51.3308340732639],[-0.0750777323853645,51.3307692945924],[-0.0755509437252342,51.3300420736781],[-0.0735686448754471,51.3297017217771],[-0.0735091492437901,51.3299878544616],[-0.0739545706923213,51.3300900506173],[-0.0744881352834307,51.3312813569849],[-0.0749111871322454,51.3316093649998],[-0.075485863415001,51.3314909948225],[-0.0757078373834491,51.3319672448625],[-0.0743882081686943,51.3322861775543],[-0.0724649194764845,51.3320075811005],[-0.0723746012648238,51.3324356825308],[-0.0712808225364059,51.3329811644754],[-0.0715727095265103,51.3335022105722],[-0.0733228749486599,51.3355663628249],[-0.0727345506244075,51.3358054850261],[-0.0726901485762259,51.3363933604368],[-0.0734614008498005,51.3374302514106],[-0.0718922883592721,51.3386211166571],[-0.0684976907259832,51.3393985129756],[-0.0697326295072649,51.340428156615],[-0.0689598153353706,51.340845092758],[-0.0693425236489295,51.3419838766179],[-0.0683494182414268,51.342220765156],[-0.068098956481935,51.3419359687236],[-0.0669656025057044,51.3422169836194]]]},"properties":{"FID":221,"MSOA21CD":"E02000232","MSOA21NM":"Croydon 039","MSOA21NMW":" ","BNG_E":535102,"BNG_N":160728,"LAT":51.32961,"LONG":-0.0622,"Shape__Area":4357259.7417449951,"Shape__Length":12839.196999145972,"GlobalID":"1de34069-9d35-4ced-a8d0-a8ef1c575af2"}},{"type":"Feature","id":222,"geometry":{"type":"Polygon","coordinates":[[[-0.1099054422723,51.3328601940015],[-0.108712491103845,51.3324962349442],[-0.108188635235227,51.332646052925],[-0.107870976973115,51.3318815883581],[-0.107239639824103,51.3317732393656],[-0.106765190975267,51.3322884994199],[-0.105973986950961,51.3324174430644],[-0.105303273264371,51.3316751562079],[-0.105734329661528,51.3313798640068],[-0.104872003582608,51.3310137706071],[-0.104244567091944,51.3312390753095],[-0.10390275817511,51.3319587395079],[-0.104680708421899,51.3329787644084],[-0.103874948768024,51.3330460086844],[-0.102061150660161,51.3306685910302],[-0.10105113223641,51.3294337193165],[-0.0991143935120671,51.3279544452942],[-0.0970648010851711,51.3270726610372],[-0.0962166093056426,51.3267088678],[-0.0972122828845043,51.3248579666317],[-0.097693036123233,51.324709312858],[-0.0997189419776907,51.3255466657216],[-0.0999411222626975,51.3253014322201],[-0.100974920573299,51.3256269933491],[-0.101559401860007,51.3254685944026],[-0.102012265266012,51.3248909822523],[-0.100150556325394,51.3241327469035],[-0.100349674314681,51.323728414981],[-0.101032792325144,51.3238985457644],[-0.101433836201978,51.3236918910484],[-0.101476776143214,51.3231977286035],[-0.103019439097542,51.3216204197555],[-0.10276032202839,51.3211909087886],[-0.103778003153048,51.3190091393035],[-0.103304637123433,51.316984577064],[-0.103843539801225,51.3164566429511],[-0.103672331552039,51.3159829434141],[-0.104247796727484,51.3159767287286],[-0.104897303121236,51.3186608011198],[-0.104116586427903,51.3206282769389],[-0.106420492901872,51.3200074059229],[-0.106450265285141,51.3192882723327],[-0.105772538370685,51.3188393579912],[-0.105748323588591,51.3172288759359],[-0.107071720396043,51.3171057728421],[-0.107204096658809,51.3181055420261],[-0.106562972404666,51.3186703875605],[-0.107008615413096,51.3189998443841],[-0.108118428394424,51.3181552471948],[-0.108129073667205,51.3165006895577],[-0.108830181848696,51.3163355586189],[-0.110354886443382,51.3160470819803],[-0.110454480763999,51.3163407511188],[-0.111749280957894,51.3159059383023],[-0.111674220516439,51.3146585615458],[-0.111660255430446,51.3140378111265],[-0.112482131341383,51.3131529905148],[-0.11375609992522,51.3146005398678],[-0.114553411091933,51.3151263705052],[-0.115221460493399,51.3147813606478],[-0.116545907829869,51.3159427383294],[-0.117140796339934,51.317037355997],[-0.116864139946949,51.3184880160206],[-0.119037396998354,51.3219085896082],[-0.118196764692419,51.3220214561899],[-0.118505127903645,51.3228009520283],[-0.116554901120386,51.3231292176052],[-0.116175705997327,51.3218552498675],[-0.115313409797381,51.3208998884927],[-0.114447290692156,51.3212714877556],[-0.115081607606346,51.3217452182224],[-0.114880414291966,51.322219617007],[-0.11461037583544,51.3218044790302],[-0.112197280627757,51.3221566210179],[-0.113043732599154,51.3233814746819],[-0.112830985477986,51.3239688090711],[-0.113291979177663,51.3242729368379],[-0.112406502517497,51.3244007604386],[-0.110733103323098,51.3245195823346],[-0.111354236042014,51.3252486958131],[-0.112542715805825,51.3267601271052],[-0.111887818587288,51.32701641867],[-0.112374881452743,51.3277559108268],[-0.113173599865049,51.3287592195295],[-0.111667564422943,51.3291163378288],[-0.112314154448113,51.3300295467372],[-0.111517361985239,51.3302385134204],[-0.111742376189938,51.3305911821938],[-0.113321911402526,51.3322804409825],[-0.111126978028671,51.3331888731292],[-0.111620076451425,51.33379772367],[-0.110901830398975,51.3336752418313],[-0.1099054422723,51.3328601940015]]]},"properties":{"FID":222,"MSOA21CD":"E02000233","MSOA21NM":"Croydon 040","MSOA21NMW":" ","BNG_E":531953,"BNG_N":160143,"LAT":51.32509,"LONG":-0.10759,"Shape__Area":1599584.658241272,"Shape__Length":10124.823238483454,"GlobalID":"c3c5a64d-53a5-44e5-80b7-28e8d680f3ff"}},{"type":"Feature","id":223,"geometry":{"type":"Polygon","coordinates":[[[-0.119903369518859,51.3341442885042],[-0.120984435683676,51.333231991998],[-0.120122234045646,51.3331687160214],[-0.121153794129528,51.3322873531054],[-0.120511485558956,51.3320041499252],[-0.120822815975081,51.3314563314993],[-0.120692197069792,51.3304393488529],[-0.119735531068126,51.3306656631379],[-0.118756121169488,51.3306755004807],[-0.118790320960243,51.3304007464714],[-0.119206246510481,51.3299231424135],[-0.118358787717072,51.3285798748469],[-0.11790527701582,51.3280487936084],[-0.1166425581222,51.328710458728],[-0.117316639246867,51.3301938777193],[-0.116878878249008,51.3308391362545],[-0.116049248369946,51.3311181394251],[-0.114756727976534,51.3306752654059],[-0.113173599865049,51.3287592195295],[-0.112374881452743,51.3277559108268],[-0.111887818587288,51.32701641867],[-0.112542715805825,51.3267601271052],[-0.111354236042014,51.3252486958131],[-0.110733103323098,51.3245195823346],[-0.112406502517497,51.3244007604386],[-0.113291979177663,51.3242729368379],[-0.112830985477986,51.3239688090711],[-0.113043732599154,51.3233814746819],[-0.112197280627757,51.3221566210179],[-0.11461037583544,51.3218044790302],[-0.114880414291966,51.322219617007],[-0.115081607606346,51.3217452182224],[-0.114447290692156,51.3212714877556],[-0.115313409797381,51.3208998884927],[-0.116175705997327,51.3218552498675],[-0.116554901120386,51.3231292176052],[-0.118505127903645,51.3228009520283],[-0.118196764692419,51.3220214561899],[-0.119037396998354,51.3219085896082],[-0.116864139946949,51.3184880160206],[-0.117140796339934,51.317037355997],[-0.116545907829869,51.3159427383294],[-0.118872978554176,51.3134534193392],[-0.123321060490189,51.3125322200642],[-0.124978049859994,51.3131278886936],[-0.126806489895903,51.312789769681],[-0.126573439482295,51.3136302722265],[-0.12680371357422,51.3138234235649],[-0.127464186968019,51.3136693246181],[-0.127631318174795,51.3142817037456],[-0.128285445609321,51.314189225965],[-0.128757264254141,51.3133163629624],[-0.129214217368141,51.3133195915622],[-0.127606851254484,51.3126487599777],[-0.127219757062089,51.3119749521623],[-0.127494449463773,51.3117505430942],[-0.128648467741663,51.3115817940173],[-0.128047368122175,51.3111199341729],[-0.128342823344723,51.3106470213311],[-0.12834697927013,51.3106436164322],[-0.12869726899319,51.3103567817387],[-0.129807858815706,51.3105587946121],[-0.133253327467983,51.3120913547395],[-0.133386477586731,51.311480727459],[-0.136467882983497,51.3109902752304],[-0.136070032840351,51.3136478705674],[-0.135977497768305,51.3155798650556],[-0.137551738447934,51.3149753890413],[-0.140721226845709,51.3120209399602],[-0.140966690175246,51.3117831770847],[-0.141653563883768,51.3120340078956],[-0.139652033178091,51.3137398749475],[-0.142313774204857,51.3142485254426],[-0.143398255904342,51.3137551834187],[-0.145484818330211,51.3136083489239],[-0.145932033138598,51.3141889075389],[-0.144182620920013,51.3146056136131],[-0.144161942731257,51.3150379210492],[-0.14351118449638,51.3172187917045],[-0.143202172912901,51.3174240003179],[-0.141362890430733,51.3186512102656],[-0.140652541367012,51.3187977730704],[-0.140245694146326,51.3194662557559],[-0.1405908559023,51.3198266551072],[-0.140763341438626,51.3200174330176],[-0.140630435305298,51.3211754117253],[-0.139388183917353,51.3215138172053],[-0.139606866019803,51.3211748014566],[-0.138484832637879,51.321354293786],[-0.137767111156973,51.3221471318801],[-0.136854623400511,51.3222924011874],[-0.13667870946664,51.3227842209146],[-0.13675248373282,51.323118806437],[-0.137382274955579,51.3232165721694],[-0.136978080690216,51.3239048441804],[-0.134999613085326,51.3253591357032],[-0.133260356738194,51.3253941859237],[-0.131173913013694,51.326877107702],[-0.130218648358204,51.3271223203773],[-0.129728314472495,51.3269102755346],[-0.126876142802327,51.3290684648862],[-0.125063127036763,51.3312968192292],[-0.124735640171749,51.3316634851151],[-0.122320382477301,51.333674656371],[-0.122247914458057,51.3337348635136],[-0.121419802015247,51.3335385790829],[-0.120447998803584,51.3343454074114],[-0.119903369518859,51.3341442885042]]]},"properties":{"FID":223,"MSOA21CD":"E02000234","MSOA21NM":"Croydon 041","MSOA21NMW":" ","BNG_E":530524,"BNG_N":159629,"LAT":51.3208,"LONG":-0.12827,"Shape__Area":3110508.7170257568,"Shape__Length":12183.833332087668,"GlobalID":"fb42b903-18cc-43d4-9b97-e06ec9916722"}},{"type":"Feature","id":224,"geometry":{"type":"Polygon","coordinates":[[[-0.0995235616468302,51.3399654069505],[-0.0962955463468989,51.3388959545706],[-0.0959820986635207,51.3392121885235],[-0.095447721168027,51.3362281789879],[-0.0951703400795023,51.3358301156616],[-0.0959266786246346,51.3334217509554],[-0.0956541788199413,51.3326176510107],[-0.0938421464721655,51.3306049480322],[-0.0926263748043418,51.3305709802339],[-0.0934996102120223,51.3318828832819],[-0.0931006202343663,51.3315740957355],[-0.0898162712527256,51.3318591569456],[-0.0895400006538345,51.3309766808054],[-0.091827561964785,51.3306901377352],[-0.0918601898095599,51.330222079184],[-0.0858840338787264,51.33102295618],[-0.0834442468635508,51.3305266792498],[-0.0811481372520598,51.3297661663552],[-0.0813515975319748,51.3292131123696],[-0.0807192175362417,51.3288879915325],[-0.0794096017143163,51.3269060364014],[-0.0778360670313498,51.3274647571636],[-0.0778223280974196,51.3277643859963],[-0.0763969109976799,51.3248080578953],[-0.0813347341353534,51.32117770344],[-0.0814390920489991,51.3208253445624],[-0.0788574344920102,51.3194601746839],[-0.0788263804112632,51.3181406752856],[-0.0801931267711842,51.3178223384562],[-0.0813337143278639,51.3167869610756],[-0.0821628664755474,51.3169189650345],[-0.0836438529884377,51.3166063791925],[-0.0836343324300294,51.3163151023667],[-0.0843163941795907,51.3161489024887],[-0.0847539357233074,51.3158844049934],[-0.0839398353629864,51.3151988846828],[-0.0823812704067307,51.313512560474],[-0.0823453488227699,51.3134618164862],[-0.0815259951723902,51.3120750916715],[-0.0819316470621124,51.3106473213419],[-0.083499302000423,51.3100077356046],[-0.0838693771788938,51.3098661323262],[-0.0866494589153144,51.3088197829795],[-0.0887879719972628,51.3070843810164],[-0.0887315661875724,51.305104615233],[-0.0897056317453431,51.3039749889725],[-0.0907168567848315,51.3039534068887],[-0.0911716258525263,51.3033917210812],[-0.0908765460862385,51.3031772754025],[-0.0911677184221208,51.3014725170913],[-0.093974780834559,51.300709702477],[-0.0947795431270489,51.3006861549811],[-0.095279398240104,51.3013263207517],[-0.0960308673267398,51.3015183933749],[-0.0973772530330071,51.3011139707967],[-0.0972449804467015,51.3002955814362],[-0.100439657076531,51.3022351134268],[-0.100403350798631,51.3015492369123],[-0.101286044482346,51.3019311404929],[-0.103394604508617,51.3035699357269],[-0.103833087350708,51.3047947616823],[-0.103353574013916,51.3057488190493],[-0.102704413421289,51.3060527827161],[-0.103856034917211,51.3073114547274],[-0.10668900387889,51.3067345397463],[-0.107824433456352,51.3070649777106],[-0.109688698934622,51.3082872784078],[-0.110429667433747,51.3105550531747],[-0.110102149497103,51.3109094925173],[-0.111974094802442,51.3122472538616],[-0.112482131341383,51.3131529905148],[-0.111660255430446,51.3140378111265],[-0.111674220516439,51.3146585615458],[-0.111749280957894,51.3159059383023],[-0.110454480763999,51.3163407511188],[-0.110354886443382,51.3160470819803],[-0.108830181848696,51.3163355586189],[-0.108129073667205,51.3165006895577],[-0.108118428394424,51.3181552471948],[-0.107008615413096,51.3189998443841],[-0.106562972404666,51.3186703875605],[-0.107204096658809,51.3181055420261],[-0.107071720396043,51.3171057728421],[-0.105748323588591,51.3172288759359],[-0.105772538370685,51.3188393579912],[-0.106450265285141,51.3192882723327],[-0.106420492901872,51.3200074059229],[-0.104116586427903,51.3206282769389],[-0.104897303121236,51.3186608011198],[-0.104247796727484,51.3159767287286],[-0.103672331552039,51.3159829434141],[-0.103843539801225,51.3164566429511],[-0.103304637123433,51.316984577064],[-0.103778003153048,51.3190091393035],[-0.10276032202839,51.3211909087886],[-0.103019439097542,51.3216204197555],[-0.101476776143214,51.3231977286035],[-0.101433836201978,51.3236918910484],[-0.101032792325144,51.3238985457644],[-0.100349674314681,51.323728414981],[-0.100150556325394,51.3241327469035],[-0.102012265266012,51.3248909822523],[-0.101559401860007,51.3254685944026],[-0.100974920573299,51.3256269933491],[-0.0999411222626975,51.3253014322201],[-0.0997189419776907,51.3255466657216],[-0.097693036123233,51.324709312858],[-0.0972122828845043,51.3248579666317],[-0.0962166093056426,51.3267088678],[-0.0970648010851711,51.3270726610372],[-0.0991143935120671,51.3279544452942],[-0.10105113223641,51.3294337193165],[-0.102061150660161,51.3306685910302],[-0.10164964611283,51.3313456575418],[-0.102935693301845,51.3331612417507],[-0.101869227288176,51.3328703952699],[-0.101140890024445,51.3332514698225],[-0.100618539740905,51.3332942977114],[-0.0999411273220285,51.3333737604115],[-0.100521070049815,51.3370455120455],[-0.0995235616468302,51.3399654069505]]]},"properties":{"FID":224,"MSOA21CD":"E02000235","MSOA21NM":"Croydon 042","MSOA21NMW":" ","BNG_E":532887,"BNG_N":159153,"LAT":51.31598,"LONG":-0.09456,"Shape__Area":5379782.4791793823,"Shape__Length":16196.867143080593,"GlobalID":"74d71133-987c-4a0b-a744-22a7c79a9897"}},{"type":"Feature","id":225,"geometry":{"type":"Polygon","coordinates":[[[-0.143013886093831,51.3221553172164],[-0.142827081414751,51.3213787876451],[-0.140322500404339,51.3224025570554],[-0.140630435305298,51.3211754117253],[-0.140763341438626,51.3200174330176],[-0.1405908559023,51.3198266551072],[-0.140245694146326,51.3194662557559],[-0.140652541367012,51.3187977730704],[-0.141362890430733,51.3186512102656],[-0.143202172912901,51.3174240003179],[-0.14351118449638,51.3172187917045],[-0.144161942731257,51.3150379210492],[-0.144182620920013,51.3146056136131],[-0.145932033138598,51.3141889075389],[-0.145484818330211,51.3136083489239],[-0.143398255904342,51.3137551834187],[-0.142313774204857,51.3142485254426],[-0.139652033178091,51.3137398749475],[-0.141653563883768,51.3120340078956],[-0.140966690175246,51.3117831770847],[-0.140721226845709,51.3120209399602],[-0.137551738447934,51.3149753890413],[-0.135977497768305,51.3155798650556],[-0.136070032840351,51.3136478705674],[-0.136467882983497,51.3109902752304],[-0.136384832147898,51.3071718013328],[-0.132088474000664,51.3076746862216],[-0.132297269934939,51.3053237325022],[-0.131545556549268,51.305394287076],[-0.130988676693296,51.3027215924632],[-0.131852186162354,51.3026544248239],[-0.132110626744085,51.3004895317607],[-0.131370064424725,51.2994384677335],[-0.129241359192447,51.2978057297476],[-0.132033879749891,51.2960605232861],[-0.134442556862467,51.2983836657845],[-0.13627297426275,51.2982158002308],[-0.136419177335687,51.2986736223265],[-0.137376197681602,51.3007952659445],[-0.140962354752583,51.2995598037883],[-0.142832704860636,51.2999800737159],[-0.143558569884942,51.3012601264815],[-0.144422998227155,51.300541207655],[-0.144852764510503,51.3007129394454],[-0.145626874339019,51.2998429968085],[-0.145652238805933,51.29983406388],[-0.14845213244941,51.3007033995685],[-0.149496783691906,51.3007006469704],[-0.149993056326468,51.3002861407781],[-0.152537024041718,51.3013930715446],[-0.1533605175189,51.3016777462668],[-0.155364172447243,51.3013522101788],[-0.156100272408586,51.3025987309288],[-0.157702611327388,51.3045923569475],[-0.155022946810605,51.3057912699584],[-0.154509101515389,51.3064483316847],[-0.157027594906645,51.3066849822597],[-0.154345575195858,51.3102512688007],[-0.156417107863793,51.3104085164062],[-0.158331058072033,51.310985341269],[-0.15719341380558,51.3134185743554],[-0.158059152170452,51.3146297789973],[-0.159142094788276,51.3156816919811],[-0.15958141993616,51.3171048034905],[-0.160548656292759,51.3168482627175],[-0.161185888097871,51.3174412378898],[-0.161880273316548,51.3196252689276],[-0.161520663053092,51.3197441156757],[-0.156483530550524,51.3214380209686],[-0.156543545739579,51.3215079407306],[-0.155773909818974,51.3216744879914],[-0.155934886315026,51.3218842655707],[-0.153192963216885,51.3227831700885],[-0.152770192977427,51.3229403916348],[-0.152128225514185,51.3222854608116],[-0.150649786031588,51.3222005947996],[-0.149085716632357,51.3227357086235],[-0.147339171059131,51.3228065380689],[-0.147683105606576,51.3220536921428],[-0.147374439619396,51.3219206837263],[-0.146632774392371,51.3221789721043],[-0.145170094048267,51.3219370587314],[-0.145260225081325,51.322639099365],[-0.144203155419358,51.3229956701805],[-0.143013886093831,51.3221553172164]]]},"properties":{"FID":225,"MSOA21CD":"E02000236","MSOA21NM":"Croydon 043","MSOA21NMW":" ","BNG_E":529354,"BNG_N":158035,"LAT":51.30674,"LONG":-0.14563,"Shape__Area":3585443.9242401123,"Shape__Length":12405.93017647102,"GlobalID":"06d9b43d-e086-4b4e-b7b2-4b37737dc729"}},{"type":"Feature","id":226,"geometry":{"type":"Polygon","coordinates":[[[-0.116545907829869,51.3159427383294],[-0.115221460493399,51.3147813606478],[-0.114553411091933,51.3151263705052],[-0.11375609992522,51.3146005398678],[-0.112482131341383,51.3131529905148],[-0.111974094802442,51.3122472538616],[-0.110102149497103,51.3109094925173],[-0.110429667433747,51.3105550531747],[-0.109688698934622,51.3082872784078],[-0.107824433456352,51.3070649777106],[-0.10668900387889,51.3067345397463],[-0.103856034917211,51.3073114547274],[-0.102704413421289,51.3060527827161],[-0.103353574013916,51.3057488190493],[-0.103833087350708,51.3047947616823],[-0.103394604508617,51.3035699357269],[-0.101286044482346,51.3019311404929],[-0.100403350798631,51.3015492369123],[-0.100439657076531,51.3022351134268],[-0.0972449804467015,51.3002955814362],[-0.0957746571758012,51.2996013003462],[-0.0942761806441452,51.2994386038116],[-0.0950198780277382,51.2990316229668],[-0.0961555793552339,51.2985053022783],[-0.101138452283564,51.2962867779675],[-0.102535151310897,51.2960383852176],[-0.105356726469825,51.2948084973308],[-0.10870872362314,51.2933242059172],[-0.111051750909618,51.2922525743929],[-0.114822739171149,51.292433892806],[-0.114594577877616,51.291532728856],[-0.11511588856822,51.2914635257464],[-0.115729029848665,51.2907281530107],[-0.116980494320862,51.2893742432832],[-0.117774868472408,51.2870947443201],[-0.122364779812916,51.2868828979362],[-0.124292566634326,51.2867586579859],[-0.126056542746545,51.2883850406078],[-0.126248999363018,51.2894902727876],[-0.127414443421063,51.2906041347241],[-0.13018871937583,51.2926826447758],[-0.131455106635689,51.2946992914799],[-0.131083331204515,51.2954433418689],[-0.132033879749891,51.2960605232861],[-0.129241359192447,51.2978057297476],[-0.131370064424725,51.2994384677335],[-0.132110626744085,51.3004895317607],[-0.131852186162354,51.3026544248239],[-0.130988676693296,51.3027215924632],[-0.131545556549268,51.305394287076],[-0.132297269934939,51.3053237325022],[-0.132088474000664,51.3076746862216],[-0.136384832147898,51.3071718013328],[-0.136467882983497,51.3109902752304],[-0.133386477586731,51.311480727459],[-0.133253327467983,51.3120913547395],[-0.129807858815706,51.3105587946121],[-0.12869726899319,51.3103567817387],[-0.12834697927013,51.3106436164322],[-0.128342823344723,51.3106470213311],[-0.128047368122175,51.3111199341729],[-0.128648467741663,51.3115817940173],[-0.127494449463773,51.3117505430942],[-0.127219757062089,51.3119749521623],[-0.127606851254484,51.3126487599777],[-0.129214217368141,51.3133195915622],[-0.128757264254141,51.3133163629624],[-0.128285445609321,51.314189225965],[-0.127631318174795,51.3142817037456],[-0.127464186968019,51.3136693246181],[-0.12680371357422,51.3138234235649],[-0.126573439482295,51.3136302722265],[-0.126806489895903,51.312789769681],[-0.124978049859994,51.3131278886936],[-0.123321060490189,51.3125322200642],[-0.118872978554176,51.3134534193392],[-0.116545907829869,51.3159427383294]]]},"properties":{"FID":226,"MSOA21CD":"E02000237","MSOA21NM":"Croydon 044","MSOA21NMW":" ","BNG_E":531467,"BNG_N":157638,"LAT":51.30269,"LONG":-0.11548,"Shape__Area":4948451.1464614868,"Shape__Length":11771.562320914265,"GlobalID":"625db5ec-1a4a-4c38-97c5-6ecf7a00496e"}},{"type":"Feature","id":298,"geometry":{"type":"Polygon","coordinates":[[[0.118717647683277,51.5070138873791],[0.12079000922662,51.5068325714999],[0.120872044122492,51.5059145468513],[0.120869545840138,51.5057940124984],[0.120867320971803,51.5057070956137],[0.120958186337994,51.5022100617023],[0.120944208179009,51.5018443634632],[0.121009496015061,51.5007719211302],[0.118344656758662,51.4999256490762],[0.118109440137384,51.4998544333849],[0.115746160604981,51.4990858255982],[0.114032814094977,51.4985601201751],[0.113491163054222,51.4983893365747],[0.10966917118033,51.4971824239447],[0.108779586637382,51.4982332640233],[0.105603138545299,51.4986898564142],[0.106670637359544,51.5002107002906],[0.10809242761282,51.5013489184661],[0.109505896725695,51.5020627518279],[0.109277878567838,51.502602167405],[0.110264744459751,51.5027652814685],[0.109925326263426,51.5035167795701],[0.111196059417864,51.5035748477221],[0.111364371911645,51.5038057256134],[0.112604789370898,51.5037731863318],[0.112967845639846,51.5042203972761],[0.112760249330158,51.5048628677426],[0.113140535076679,51.5050506190285],[0.112164247416261,51.5052188364914],[0.111530427193054,51.5051965411427],[0.11099007152454,51.5056649118717],[0.111834329199477,51.5058475479303],[0.112137246783804,51.5064331298062],[0.112790096543599,51.5070952272812],[0.113293223960683,51.506779058684],[0.112958119414277,51.5065889295899],[0.112733567953873,51.5067997688629],[0.112559990969486,51.5063687120066],[0.112955908209073,51.5061049724876],[0.11353367918335,51.5064464199784],[0.113708239511042,51.5071042753326],[0.114371335093746,51.507076577343],[0.115583096953852,51.5079259061178],[0.117539045503806,51.5079170896694],[0.119420420644445,51.5078419535081],[0.11879654137368,51.5075143072816],[0.118717647683277,51.5070138873791]]]},"properties":{"FID":298,"MSOA21CD":"E02000313","MSOA21NM":"Greenwich 001","MSOA21NMW":" ","BNG_E":546783,"BNG_N":180285,"LAT":51.50245,"LONG":0.113435,"Shape__Area":730337.44736480713,"Shape__Length":4393.3896995764071,"GlobalID":"a0386804-d747-4684-88e7-bf35fe277d9b"}},{"type":"Feature","id":299,"geometry":{"type":"Polygon","coordinates":[[[0.120661440994235,51.5093668717381],[0.12079000922662,51.5068325714999],[0.118717647683277,51.5070138873791],[0.11879654137368,51.5075143072816],[0.119420420644445,51.5078419535081],[0.117539045503806,51.5079170896694],[0.115583096953852,51.5079259061178],[0.114371335093746,51.507076577343],[0.113708239511042,51.5071042753326],[0.11353367918335,51.5064464199784],[0.112955908209073,51.5061049724876],[0.112559990969486,51.5063687120066],[0.112733567953873,51.5067997688629],[0.112958119414277,51.5065889295899],[0.113293223960683,51.506779058684],[0.112790096543599,51.5070952272812],[0.112137246783804,51.5064331298062],[0.111834329199477,51.5058475479303],[0.11099007152454,51.5056649118717],[0.111530427193054,51.5051965411427],[0.112164247416261,51.5052188364914],[0.113140535076679,51.5050506190285],[0.112760249330158,51.5048628677426],[0.112967845639846,51.5042203972761],[0.112604789370898,51.5037731863318],[0.111364371911645,51.5038057256134],[0.111196059417864,51.5035748477221],[0.109925326263426,51.5035167795701],[0.110264744459751,51.5027652814685],[0.109277878567838,51.502602167405],[0.109505896725695,51.5020627518279],[0.10809242761282,51.5013489184661],[0.106670637359544,51.5002107002906],[0.105603138545299,51.4986898564142],[0.108779586637382,51.4982332640233],[0.10966917118033,51.4971824239447],[0.108796333247073,51.4969035915694],[0.105392676600931,51.4958312191669],[0.104133949325537,51.4954440897596],[0.103595722997434,51.4952838911721],[0.100770769559696,51.4943746116363],[0.0944169409484838,51.4923583281146],[0.0925443145079069,51.4917830639638],[0.0872034317164116,51.4900923007959],[0.0855084955339848,51.4898213959974],[0.0851310946657777,51.4901235185942],[0.086049510383736,51.4909237524671],[0.0860969266075014,51.492238019078],[0.0856156170308937,51.4925963920371],[0.0838488005738556,51.4924521526258],[0.0837404982225942,51.4924207400379],[0.0825297459252496,51.4935284449995],[0.0836197256892315,51.4940420875271],[0.0841862397261263,51.495788111701],[0.0842862247067396,51.496037791138],[0.0844761795824952,51.4966153151083],[0.0846690282693548,51.4972952565552],[0.0846629004902232,51.4982139351188],[0.0841742564474662,51.4980312557672],[0.0824291441375221,51.4988622021002],[0.0823143480837819,51.498940857072],[0.0823150428814321,51.4989412116382],[0.0837067285429202,51.5004152483111],[0.0840615786286591,51.5007910984826],[0.0847991882098892,51.5015723494148],[0.0850558016000413,51.5018441384227],[0.0865043739516875,51.5033783024639],[0.0866364833900006,51.5035182115931],[0.0866635665009232,51.5035468940618],[0.0867526500596073,51.5034768404994],[0.0868624816858324,51.5033904710095],[0.0869083123358572,51.5034214033976],[0.0876452915359463,51.5039188155343],[0.0880324498322693,51.5055009958442],[0.0902590713493175,51.5074631550024],[0.0919847169887287,51.5089836917763],[0.0941096749078341,51.5089595869312],[0.0945674880814375,51.5089543889142],[0.0964225183119092,51.5092141210049],[0.0994590834076674,51.5096392085094],[0.106885907869927,51.5094132894151],[0.111051653663243,51.5098765441662],[0.11254800824745,51.5100429087777],[0.11348803527867,51.5101474108681],[0.116891426950076,51.5108050466926],[0.120208688945246,51.5114459333409],[0.120563375844368,51.5110433363083],[0.120660773920501,51.5093745172269],[0.120661440994235,51.5093668717381]]]},"properties":{"FID":299,"MSOA21CD":"E02000314","MSOA21NM":"Greenwich 002","MSOA21NMW":" ","BNG_E":545957,"BNG_N":180217,"LAT":51.50205,"LONG":0.101515,"Shape__Area":3191459.9418411255,"Shape__Length":9974.207044049228,"GlobalID":"36a972cf-178d-4ed3-b682-a60f3dd3d512"}},{"type":"Feature","id":300,"geometry":{"type":"Polygon","coordinates":[[[0.121339533864153,51.4908378335341],[0.121362144257334,51.4897852577062],[0.118006272865314,51.4895213682485],[0.115839863557316,51.4893544522685],[0.115652335552023,51.4893488430071],[0.112796603806556,51.4892481337706],[0.112365006833492,51.4892313176468],[0.112061883664625,51.4896313400247],[0.108744962956155,51.4894994618117],[0.108836690353579,51.4899302521642],[0.110410509405053,51.4899573516719],[0.109886740971705,51.490883249146],[0.108057316374843,51.4908345596501],[0.107883047106364,51.4889312049992],[0.107283653756581,51.4885403119245],[0.105613627145449,51.4883264707841],[0.105696269463326,51.4894996706843],[0.105199343125487,51.4894828699957],[0.101896874445623,51.4893815135951],[0.101994485657553,51.4896635965168],[0.102487201849719,51.4912577762584],[0.102906267120788,51.4926466406009],[0.103120801245127,51.4933056313149],[0.103428022955016,51.4942492883581],[0.103595722997434,51.4952838911721],[0.104133949325537,51.4954440897596],[0.105392676600931,51.4958312191669],[0.108796333247073,51.4969035915694],[0.10966917118033,51.4971824239447],[0.113491163054222,51.4983893365747],[0.114032814094977,51.4985601201751],[0.115746160604981,51.4990858255982],[0.118109440137384,51.4998544333849],[0.118344656758662,51.4999256490762],[0.121009496015061,51.5007719211302],[0.121047155764129,51.4989278440041],[0.121101787230637,51.4965232979545],[0.121110303275146,51.4962921668031],[0.121149117901372,51.4957481350158],[0.121221959035445,51.4935827696993],[0.121223798407693,51.4931525498096],[0.121267324363726,51.4913705649346],[0.121305105925549,51.4910871346036],[0.121339533864153,51.4908378335341]]]},"properties":{"FID":300,"MSOA21CD":"E02000315","MSOA21NM":"Greenwich 003","MSOA21NMW":" ","BNG_E":546736,"BNG_N":179405,"LAT":51.49455,"LONG":0.112392,"Shape__Area":1195356.1029281616,"Shape__Length":5332.5907833984584,"GlobalID":"a138f40f-1b89-4327-8d09-c3d2be7c2b94"}},{"type":"Feature","id":301,"geometry":{"type":"Polygon","coordinates":[[[0.0531628132204978,51.4928788037996],[0.0533603379478093,51.491807941002],[0.0531505555092088,51.4913232605453],[0.0542818829779721,51.491085949974],[0.0544671432416413,51.4916651321305],[0.0566955374121495,51.4918903213715],[0.0569173064300592,51.4914837409516],[0.0577569651566459,51.4908968190073],[0.0570207888959882,51.490466482777],[0.0577497975661694,51.4902438949675],[0.0577093777617821,51.4901911691026],[0.0591534613079034,51.489949984359],[0.0593685486412923,51.4893875356243],[0.0600137895247284,51.489365200449],[0.0597743018479019,51.4890658017722],[0.06064805370008,51.4887820458734],[0.0608003255225088,51.4892344873012],[0.0615415970193125,51.4884704082184],[0.0618703357441448,51.4881093358056],[0.0609180246005823,51.4877321708397],[0.0578304828987652,51.4874662907344],[0.0540002700385335,51.4871140804983],[0.0528314428324308,51.4866613887211],[0.0505542746139117,51.4856492651372],[0.0509109607726864,51.485339247765],[0.049731031132272,51.4848242468707],[0.0493294111575583,51.485105270994],[0.048036000926997,51.4841468417212],[0.0475623103470315,51.4843745153745],[0.0470599063734605,51.4840983896783],[0.0452276896999577,51.4865733521847],[0.0440258913649373,51.4875739472677],[0.0426853385769399,51.4870750510306],[0.0412932709325511,51.4881385194904],[0.0424259429927974,51.4892974762989],[0.0445952099647309,51.4878495977265],[0.0454009567912687,51.4883205245961],[0.0466485099476883,51.4891383089422],[0.0452382519104275,51.4899694620286],[0.0461008352901471,51.4902071597015],[0.046289740626273,51.4910835379136],[0.0452651305501645,51.491085080521],[0.046171566729523,51.4914992427202],[0.0461018640189181,51.4926410075344],[0.0471446142699842,51.4924001572613],[0.0499346345310917,51.4922410233425],[0.0512636060447415,51.4922915363231],[0.0531628132204978,51.4928788037996]]]},"properties":{"FID":301,"MSOA21CD":"E02000317","MSOA21NM":"Greenwich 005","MSOA21NMW":" ","BNG_E":542684,"BNG_N":178608,"LAT":51.48843,"LONG":0.053741,"Shape__Area":650253.01271820068,"Shape__Length":4893.7228216936846,"GlobalID":"ed5d124e-d287-4942-90b6-72eca8b8288e"}},{"type":"Feature","id":302,"geometry":{"type":"Polygon","coordinates":[[[0.101994485657553,51.4896635965168],[0.101896874445623,51.4893815135951],[0.105199343125487,51.4894828699957],[0.105696269463326,51.4894996706843],[0.105613627145449,51.4883264707841],[0.10552403360707,51.4880496190974],[0.10551905069149,51.4880347678247],[0.10540088399922,51.4876630651525],[0.104250301253782,51.4876716409975],[0.103315479170283,51.4873174663274],[0.102558922429651,51.4874407834571],[0.101699583746923,51.4870186682882],[0.101960238268599,51.4859678382539],[0.101460401117978,51.4859966714916],[0.101492150636893,51.4856898594739],[0.0995889217057641,51.485814143138],[0.0993578517757471,51.4855470916266],[0.0990558646666209,51.4854447364861],[0.0989819819210355,51.4842960741716],[0.0994516344679547,51.4839807710994],[0.0988184520763539,51.483559634753],[0.0991228030772247,51.4831220543138],[0.0987447522019648,51.4825410995024],[0.0960643044749058,51.4825066029363],[0.0928506922641763,51.4816366458836],[0.0929387482685539,51.4818680351283],[0.0918463022753447,51.4822205995434],[0.0908908846040721,51.482426796978],[0.09104876268757,51.4830551036815],[0.0911759679946957,51.4843234932909],[0.0906162602611589,51.4859857495981],[0.0888999070420136,51.4851953082441],[0.0876613654533696,51.4850648020801],[0.0872542937035496,51.4851161769244],[0.0871551100261922,51.4851335450374],[0.0879125095325937,51.4868601706996],[0.087197914258782,51.4869836039294],[0.0870355068459461,51.487010873448],[0.0846993436078427,51.4874083694147],[0.0849223599215133,51.4879074917508],[0.085403366509807,51.487814486147],[0.0859353052363544,51.4890142851293],[0.0854195936071753,51.4890692318575],[0.0855084955339848,51.4898213959974],[0.0872034317164116,51.4900923007959],[0.0925443145079069,51.4917830639638],[0.0944169409484838,51.4923583281146],[0.100770769559696,51.4943746116363],[0.103595722997434,51.4952838911721],[0.103428022955016,51.4942492883581],[0.103120801245127,51.4933056313149],[0.102906267120788,51.4926466406009],[0.102487201849719,51.4912577762584],[0.101994485657553,51.4896635965168]]]},"properties":{"FID":302,"MSOA21CD":"E02000318","MSOA21NM":"Greenwich 006","MSOA21NMW":" ","BNG_E":545597,"BNG_N":178699,"LAT":51.4885,"LONG":0.095705,"Shape__Area":1109224.0275115967,"Shape__Length":5628.3711890013756,"GlobalID":"130ffa77-44e4-4a2c-9a05-84f8a3d4845b"}},{"type":"Feature","id":303,"geometry":{"type":"Polygon","coordinates":[[[0.0824291441375221,51.4988622021002],[0.0841742564474662,51.4980312557672],[0.0846629004902232,51.4982139351188],[0.0846690282693548,51.4972952565552],[0.0844761795824952,51.4966153151083],[0.0842862247067396,51.496037791138],[0.0841862397261263,51.495788111701],[0.0836197256892315,51.4940420875271],[0.0825297459252496,51.4935284449995],[0.0837404982225942,51.4924207400379],[0.0838488005738556,51.4924521526258],[0.0856156170308937,51.4925963920371],[0.0860969266075014,51.492238019078],[0.086049510383736,51.4909237524671],[0.0851310946657777,51.4901235185942],[0.0855084955339848,51.4898213959974],[0.0854195936071753,51.4890692318575],[0.0859353052363544,51.4890142851293],[0.085403366509807,51.487814486147],[0.0849223599215133,51.4879074917508],[0.0846993436078427,51.4874083694147],[0.0870355068459461,51.487010873448],[0.087197914258782,51.4869836039294],[0.0879125095325937,51.4868601706996],[0.0871551100261922,51.4851335450374],[0.0872542937035496,51.4851161769244],[0.0876613654533696,51.4850648020801],[0.0888999070420136,51.4851953082441],[0.0906162602611589,51.4859857495981],[0.0911759679946957,51.4843234932909],[0.09104876268757,51.4830551036815],[0.0908908846040721,51.482426796978],[0.0899603454928974,51.4807882267901],[0.0877815853629855,51.4797533350815],[0.0862557907278624,51.4798993881864],[0.0826640113100022,51.4804561588673],[0.0802557479024711,51.4808692033691],[0.0807089773130669,51.4811633574769],[0.0828365618255448,51.4823823282377],[0.0828557067369153,51.4824863595534],[0.0828734860647159,51.4829033278463],[0.0824302292164114,51.482935808907],[0.0824015302306631,51.4838260921726],[0.0816651021431962,51.4847948661392],[0.0813269388485007,51.4852868536995],[0.0796913739353589,51.4860622832177],[0.0797517606089081,51.4864562845954],[0.080721738081142,51.486393348404],[0.0807857558599425,51.4868476377199],[0.0810916097460058,51.4869148178054],[0.0825150881682155,51.4868938160321],[0.0836879776433312,51.4875585842113],[0.0827698680423207,51.4878280104716],[0.0819258305928882,51.4880241157576],[0.0814760719248565,51.4882593502378],[0.0810724345319176,51.4882631337281],[0.0800575907799936,51.4882706380081],[0.0798187093838888,51.4885146071372],[0.078990884492005,51.4883584330239],[0.0792289706516322,51.4896064753112],[0.0800116516941109,51.4896482771893],[0.0798594291831646,51.490434609391],[0.0801859747318214,51.4915679916787],[0.0807750183405748,51.4918684859035],[0.0801661623421463,51.4920610795265],[0.0801860078273148,51.4929906666764],[0.0789760812236389,51.4930976836137],[0.0784035042997785,51.4931357428175],[0.0785936254090754,51.4940155806277],[0.0778122481023116,51.4950183634825],[0.0764842971136517,51.494947572593],[0.076310571861908,51.4954662172912],[0.0762757758597499,51.4956626434247],[0.0757436687903078,51.4960452093393],[0.0757452281586483,51.4960454739987],[0.0762452590486965,51.4958462140551],[0.0773049092031982,51.4963865878578],[0.0785297662827742,51.4970111803818],[0.0798680229444418,51.4976935635061],[0.0823143480837819,51.498940857072],[0.0824291441375221,51.4988622021002]]]},"properties":{"FID":303,"MSOA21CD":"E02000319","MSOA21NM":"Greenwich 007","MSOA21NMW":" ","BNG_E":544763,"BNG_N":178168,"LAT":51.48394,"LONG":0.083484,"Shape__Area":919232.2561340332,"Shape__Length":7068.0614313789138,"GlobalID":"07eab601-90e2-4cff-bef0-22a400162ee9"}},{"type":"Feature","id":304,"geometry":{"type":"Polygon","coordinates":[[[0.108836690353579,51.4899302521642],[0.108744962956155,51.4894994618117],[0.112061883664625,51.4896313400247],[0.112365006833492,51.4892313176468],[0.112796603806556,51.4892481337706],[0.115652335552023,51.4893488430071],[0.115839863557316,51.4893544522685],[0.118006272865314,51.4895213682485],[0.121362144257334,51.4897852577062],[0.121542040314078,51.488307701242],[0.122100865154746,51.4855642291272],[0.122099181345034,51.4849786518584],[0.122091673780864,51.4829894392565],[0.122470122419735,51.4813807872696],[0.122805597356662,51.4804951044155],[0.123021341976417,51.4799515591206],[0.124186584157106,51.4768235215136],[0.12380849059745,51.4770623438939],[0.122402866768198,51.4778177988566],[0.120563219900689,51.4785560507423],[0.118517765180275,51.4788969612954],[0.118239689500323,51.4786918206618],[0.116182542184663,51.4767550651528],[0.115583500806413,51.4761373241089],[0.111104639683913,51.4781039765171],[0.109956875680996,51.4780398691296],[0.109373226291793,51.4790288180427],[0.107776687936406,51.479609914409],[0.107127316038882,51.4804126431706],[0.10566291935558,51.4808689104778],[0.10518559083754,51.4813485031618],[0.105484878507504,51.4819503486185],[0.106420941817073,51.4839191192256],[0.106455566406406,51.4846400195658],[0.104521320273578,51.4850857182883],[0.10465308483063,51.4855149012747],[0.10540088399922,51.4876630651525],[0.10551905069149,51.4880347678247],[0.10552403360707,51.4880496190974],[0.105613627145449,51.4883264707841],[0.107283653756581,51.4885403119245],[0.107883047106364,51.4889312049992],[0.108057316374843,51.4908345596501],[0.109886740971705,51.490883249146],[0.110410509405053,51.4899573516719],[0.108836690353579,51.4899302521642]]]},"properties":{"FID":304,"MSOA21CD":"E02000320","MSOA21NM":"Greenwich 008","MSOA21NMW":" ","BNG_E":546913,"BNG_N":178128,"LAT":51.48303,"LONG":0.114409,"Shape__Area":1460754.3704071045,"Shape__Length":5860.55937913836,"GlobalID":"1ed36c7d-d93d-47e3-b552-df8a53ff6080"}},{"type":"Feature","id":305,"geometry":{"type":"Polygon","coordinates":[[[0.0792289706516322,51.4896064753112],[0.078990884492005,51.4883584330239],[0.0798187093838888,51.4885146071372],[0.0800575907799936,51.4882706380081],[0.0810724345319176,51.4882631337281],[0.0814760719248565,51.4882593502378],[0.0819258305928882,51.4880241157576],[0.0827698680423207,51.4878280104716],[0.0836879776433312,51.4875585842113],[0.0825150881682155,51.4868938160321],[0.0810916097460058,51.4869148178054],[0.0807857558599425,51.4868476377199],[0.080721738081142,51.486393348404],[0.0797517606089081,51.4864562845954],[0.0796913739353589,51.4860622832177],[0.0813269388485007,51.4852868536995],[0.0816651021431962,51.4847948661392],[0.0824015302306631,51.4838260921726],[0.0824302292164114,51.482935808907],[0.0828734860647159,51.4829033278463],[0.0828557067369153,51.4824863595534],[0.0828365618255448,51.4823823282377],[0.0807089773130669,51.4811633574769],[0.0802557479024711,51.4808692033691],[0.0801820927323878,51.4808831002596],[0.0765517844640826,51.4812760905925],[0.0738248927991299,51.4815852481499],[0.073745539979403,51.4820186058925],[0.0734627242909966,51.4822578898343],[0.0740179910071145,51.4829431899639],[0.0729894819727871,51.4833289622819],[0.0731354590797428,51.4838594707024],[0.0735193703686856,51.4861445630005],[0.0735359043301711,51.4867377359174],[0.0734036637067359,51.4884960005403],[0.0732616662824227,51.489153268196],[0.0731985167313886,51.4894681524669],[0.0729146263117225,51.4909518709321],[0.0763136657138532,51.4909565777296],[0.0771876166062752,51.4910592916398],[0.0776735294612588,51.4911193519097],[0.0780334352360623,51.4920185720149],[0.0784035042997785,51.4931357428175],[0.0789760812236389,51.4930976836137],[0.0801860078273148,51.4929906666764],[0.0801661623421463,51.4920610795265],[0.0807750183405748,51.4918684859035],[0.0801859747318214,51.4915679916787],[0.0798594291831646,51.490434609391],[0.0800116516941109,51.4896482771893],[0.0792289706516322,51.4896064753112]]]},"properties":{"FID":305,"MSOA21CD":"E02000321","MSOA21NM":"Greenwich 009","MSOA21NMW":" ","BNG_E":544386,"BNG_N":178505,"LAT":51.48707,"LONG":0.078196,"Shape__Area":626208.4301071167,"Shape__Length":4371.6816342023831,"GlobalID":"b5d3167c-0406-4a61-9850-79d7fd82337d"}},{"type":"Feature","id":306,"geometry":{"type":"Polygon","coordinates":[[[0.066911582318719,51.490137697842],[0.0675019460842909,51.4894495755201],[0.0684520798554661,51.489985989421],[0.069961441677255,51.489493191079],[0.0716060792917028,51.489151784179],[0.0732616662824227,51.489153268196],[0.0734036637067359,51.4884960005403],[0.0735359043301711,51.4867377359174],[0.0735193703686856,51.4861445630005],[0.0731354590797428,51.4838594707024],[0.0729894819727871,51.4833289622819],[0.0740179910071145,51.4829431899639],[0.0734627242909966,51.4822578898343],[0.073745539979403,51.4820186058925],[0.0738248927991299,51.4815852481499],[0.0765517844640826,51.4812760905925],[0.0801820927323878,51.4808831002596],[0.0799917012943825,51.4804181469902],[0.0794212782092955,51.4805031582345],[0.079195074531248,51.4797652575913],[0.0787558671224636,51.47923234912],[0.0780273564251209,51.4790472768288],[0.0780227370391949,51.4786492170728],[0.0774221074629063,51.4786842592335],[0.077159905307038,51.4780824255584],[0.0760554980188346,51.4784150836202],[0.0728125654281299,51.4787806447598],[0.0722711251235649,51.4788366608478],[0.0699100010259734,51.4784087013699],[0.0691448389920971,51.4783652978433],[0.0687901446646075,51.4795035094901],[0.0687697787416927,51.4795492917628],[0.0695362110633689,51.4803256750526],[0.0691729422972695,51.4805212830005],[0.0685830339676665,51.479954801158],[0.0684573462896927,51.4802510489916],[0.067335397158743,51.4798183085993],[0.0674287277046559,51.4804185542696],[0.0682263020961421,51.4807591401218],[0.0681685696181656,51.4813888558839],[0.0671897182020538,51.4818347356891],[0.0663242012450493,51.4822473955518],[0.0660241573889071,51.4822321794273],[0.0646672553762993,51.4822770011086],[0.0645699442901334,51.4816622379249],[0.0635379698720635,51.4816807877376],[0.0635476665600004,51.4817319031895],[0.0635172360659052,51.4823294104873],[0.0642934285891652,51.4827327235208],[0.0648660230792374,51.4837523543039],[0.0654382152915792,51.4851061391526],[0.0661957117395661,51.4850096809305],[0.0661704294298351,51.4846728857032],[0.0668401024097937,51.4851468584061],[0.0660665096713996,51.4852584695986],[0.0666454306007654,51.4858155536832],[0.0652105868102705,51.4867830067166],[0.0653996502072938,51.4873389144147],[0.0646284938436948,51.4875580471132],[0.0633881393331053,51.487075594151],[0.0627615279792526,51.4884622538312],[0.0638648741946888,51.4889148487748],[0.0642617540062945,51.4890776859616],[0.066911582318719,51.490137697842]]]},"properties":{"FID":306,"MSOA21CD":"E02000323","MSOA21NM":"Greenwich 011","MSOA21NMW":" ","BNG_E":543927,"BNG_N":178143,"LAT":51.48393,"LONG":0.071442,"Shape__Area":762331.578048706,"Shape__Length":5582.648000251791,"GlobalID":"90db80e1-174c-43bb-a969-bbcb0f49590b"}},{"type":"Feature","id":307,"geometry":{"type":"Polygon","coordinates":[[[0.0412932709325511,51.4881385194904],[0.0426853385769399,51.4870750510306],[0.0440258913649373,51.4875739472677],[0.0452276896999577,51.4865733521847],[0.0470599063734605,51.4840983896783],[0.0475623103470315,51.4843745153745],[0.048036000926997,51.4841468417212],[0.0493294111575583,51.485105270994],[0.049731031132272,51.4848242468707],[0.0491222959974085,51.4843183693954],[0.0512360789463701,51.4819327281571],[0.0521056253708016,51.4801856266526],[0.0488627311308475,51.4795010923118],[0.047571547172836,51.4761472549992],[0.0470893824469794,51.4753114465881],[0.0462376487185022,51.4763274939127],[0.0455702375183123,51.4771431647248],[0.0458465130995364,51.4772830727756],[0.044009626303455,51.4788462405638],[0.0439565901922925,51.4789705980522],[0.0381925377714592,51.4795547446988],[0.0367809549230582,51.4794209294366],[0.0348888931871076,51.4763649845976],[0.0348553127282499,51.4763095694691],[0.034406227550339,51.4751383279553],[0.0333444733311223,51.4753092355931],[0.0297580546202608,51.4759357739657],[0.0293323154541993,51.4760020258003],[0.0293435984286469,51.4772562243888],[0.0299431506448522,51.477262651051],[0.0299082634740869,51.4775916629894],[0.0306701436820182,51.4779142381051],[0.0302267964468181,51.4789167959112],[0.0311637100488006,51.4789544893403],[0.031602153088034,51.4789713599116],[0.0312788682702645,51.4795820307832],[0.0325234989736789,51.4796808447838],[0.0356464749743642,51.4804504829407],[0.0338870912662722,51.4800762811264],[0.0335579998644535,51.4804104891164],[0.0334352958330175,51.4807139844118],[0.0325253289954679,51.4809078342962],[0.0315219992841135,51.4824452960917],[0.0307316758312474,51.4831302519119],[0.0300104195841569,51.4831764901549],[0.0310663784626869,51.4838752720236],[0.031583471711148,51.4838298216049],[0.03369302939906,51.4823914521393],[0.0338421370933384,51.4826683427427],[0.0336018799941916,51.4832378611293],[0.0343663931536601,51.4840219488007],[0.0343717212388562,51.4852626999481],[0.0336380520973237,51.4851915648314],[0.0335595401974941,51.4855221800793],[0.0330501325639345,51.4857145058649],[0.0325896117301712,51.4857373578593],[0.0321210102581493,51.4857569848336],[0.0318921289457643,51.4860691581191],[0.0315941733975502,51.4868856485215],[0.0319376492193516,51.4869437674165],[0.0332856057364484,51.4872057333494],[0.0350968775505075,51.48773788646],[0.0378288343329145,51.4887277311469],[0.0397051860278491,51.4893962270232],[0.0412932709325511,51.4881385194904]]]},"properties":{"FID":307,"MSOA21CD":"E02000324","MSOA21NM":"Greenwich 012","MSOA21NMW":" ","BNG_E":541837,"BNG_N":177891,"LAT":51.4822,"LONG":0.041261,"Shape__Area":1308091.9732437134,"Shape__Length":7451.9831252248532,"GlobalID":"625f61a2-3f96-4fdb-997c-77d269cd57a9"}},{"type":"Feature","id":308,"geometry":{"type":"Polygon","coordinates":[[[0.0335595401974941,51.4855221800793],[0.0336380520973237,51.4851915648314],[0.0343717212388562,51.4852626999481],[0.0343663931536601,51.4840219488007],[0.0336018799941916,51.4832378611293],[0.0338421370933384,51.4826683427427],[0.03369302939906,51.4823914521393],[0.031583471711148,51.4838298216049],[0.0310663784626869,51.4838752720236],[0.0300104195841569,51.4831764901549],[0.0307316758312474,51.4831302519119],[0.0315219992841135,51.4824452960917],[0.0325253289954679,51.4809078342962],[0.0334352958330175,51.4807139844118],[0.0335579998644535,51.4804104891164],[0.0338870912662722,51.4800762811264],[0.0356464749743642,51.4804504829407],[0.0325234989736789,51.4796808447838],[0.0312788682702645,51.4795820307832],[0.031602153088034,51.4789713599116],[0.0311637100488006,51.4789544893403],[0.0302267964468181,51.4789167959112],[0.0306701436820182,51.4779142381051],[0.0299082634740869,51.4775916629894],[0.0299431506448522,51.477262651051],[0.0293435984286469,51.4772562243888],[0.0282597504415969,51.4772909118914],[0.0274329474617188,51.47717288714],[0.0270574892673387,51.4774539365332],[0.0271277955416155,51.4762790240987],[0.0255560948001484,51.4765179319859],[0.0251878216721276,51.4765150109508],[0.0251739525876301,51.4761610230493],[0.0240786640082715,51.4763515248754],[0.0235664539435779,51.4764397609312],[0.0232267985657255,51.477114909506],[0.0224078462071436,51.4786465841231],[0.0222380225595471,51.4789738759902],[0.0214193535585281,51.4805437622154],[0.0210408594799149,51.4811742681659],[0.0201815740828383,51.4844091656274],[0.0202986533761387,51.4844198103849],[0.02148839327174,51.4845279662277],[0.0233144219387741,51.484690815966],[0.0243294155522956,51.4848003122396],[0.0257638706489915,51.4852773126457],[0.0260418214184429,51.4854098916487],[0.027250110568828,51.4859257009516],[0.0315941733975502,51.4868856485215],[0.0318921289457643,51.4860691581191],[0.0321210102581493,51.4857569848336],[0.0325896117301712,51.4857373578593],[0.0330501325639345,51.4857145058649],[0.0335595401974941,51.4855221800793]]]},"properties":{"FID":308,"MSOA21CD":"E02000326","MSOA21NM":"Greenwich 014","MSOA21NMW":" ","BNG_E":540910,"BNG_N":177813,"LAT":51.48173,"LONG":0.027889,"Shape__Area":729959.76767730713,"Shape__Length":4742.5868669453712,"GlobalID":"a2ed0e03-ce98-4013-a16a-3da839558cf8"}},{"type":"Feature","id":309,"geometry":{"type":"Polygon","coordinates":[[[0.0627615279792526,51.4884622538312],[0.0633881393331053,51.487075594151],[0.0646284938436948,51.4875580471132],[0.0653996502072938,51.4873389144147],[0.0652105868102705,51.4867830067166],[0.0666454306007654,51.4858155536832],[0.0660665096713996,51.4852584695986],[0.0668401024097937,51.4851468584061],[0.0661704294298351,51.4846728857032],[0.0661957117395661,51.4850096809305],[0.0654382152915792,51.4851061391526],[0.0648660230792374,51.4837523543039],[0.0642934285891652,51.4827327235208],[0.0635172360659052,51.4823294104873],[0.0635476665600004,51.4817319031895],[0.0635379698720635,51.4816807877376],[0.0645699442901334,51.4816622379249],[0.0646672553762993,51.4822770011086],[0.0660241573889071,51.4822321794273],[0.0663242012450493,51.4822473955518],[0.0671897182020538,51.4818347356891],[0.0681685696181656,51.4813888558839],[0.0682263020961421,51.4807591401218],[0.0674287277046559,51.4804185542696],[0.067335397158743,51.4798183085993],[0.0684573462896927,51.4802510489916],[0.0685830339676665,51.479954801158],[0.0691729422972695,51.4805212830005],[0.0695362110633689,51.4803256750526],[0.0687697787416927,51.4795492917628],[0.0673677612453748,51.4787845673006],[0.064941743482289,51.477434582374],[0.06180505322445,51.4759393274782],[0.0617427261805315,51.4755039831994],[0.0616156544309684,51.4749733112954],[0.0612632903186586,51.4740264917929],[0.0605834886475303,51.4735786232706],[0.0603064729100306,51.472490790394],[0.05896462624832,51.4710528900373],[0.0583135631138634,51.4710840025397],[0.0581718092406589,51.4706139449849],[0.0550269666834271,51.4711158716259],[0.0514178114456532,51.4717537586417],[0.0494433634435598,51.4721733636775],[0.048131724246345,51.4724962928851],[0.0473554658284526,51.4738697877572],[0.0475755236314768,51.4742631724035],[0.0489619499503637,51.47543935818],[0.047571547172836,51.4761472549992],[0.0488627311308475,51.4795010923118],[0.0521056253708016,51.4801856266526],[0.0512360789463701,51.4819327281571],[0.0491222959974085,51.4843183693954],[0.049731031132272,51.4848242468707],[0.0509109607726864,51.485339247765],[0.0505542746139117,51.4856492651372],[0.0528314428324308,51.4866613887211],[0.0540002700385335,51.4871140804983],[0.0578304828987652,51.4874662907344],[0.0609180246005823,51.4877321708397],[0.0618703357441448,51.4881093358056],[0.0627615279792526,51.4884622538312]]]},"properties":{"FID":309,"MSOA21CD":"E02000327","MSOA21NM":"Greenwich 015","MSOA21NMW":" ","BNG_E":543046,"BNG_N":177579,"LAT":51.47909,"LONG":0.058535,"Shape__Area":1852477.6897354126,"Shape__Length":7007.5927099346663,"GlobalID":"d2bbc989-5d8d-4e1d-a1e0-930f1897e98f"}},{"type":"Feature","id":310,"geometry":{"type":"Polygon","coordinates":[[[0.0201815740828383,51.4844091656274],[0.0210408594799149,51.4811742681659],[0.0214193535585281,51.4805437622154],[0.0222380225595471,51.4789738759902],[0.0224078462071436,51.4786465841231],[0.0232267985657255,51.477114909506],[0.0235664539435779,51.4764397609312],[0.0240473376934104,51.4756013322798],[0.0222869751055222,51.4756887569195],[0.021061884618314,51.4754252050282],[0.0207996231880305,51.4750064313968],[0.0200439630728864,51.4750605724419],[0.018906283032774,51.4751214827399],[0.0184469790260641,51.4747298812574],[0.0179394519140075,51.474890071412],[0.0179299395023364,51.4757027469444],[0.0172932264740082,51.4766933910636],[0.019227887700841,51.4763358620405],[0.020236331977423,51.4765117705101],[0.0204012216669786,51.4769479519897],[0.0194320397707194,51.4771067575572],[0.0207341248904404,51.4778936866893],[0.0204698466988218,51.4781050752705],[0.0193675277817659,51.4778782804367],[0.019176275349789,51.4784470104544],[0.0184313436527404,51.4783066608213],[0.0187359070833078,51.4774692381562],[0.0178545795579393,51.4775835509533],[0.0174769103975603,51.4770878023467],[0.0161095124089177,51.4771998901095],[0.0162897449553734,51.4789548517595],[0.0161458431245749,51.4797766564544],[0.0147433926778078,51.4790961571029],[0.0142143827941556,51.4791819424391],[0.0140916506308659,51.4784918597392],[0.0132054396079247,51.4782037346033],[0.0132371348569309,51.4775330238714],[0.0124401509590037,51.4773040722638],[0.0124473400094982,51.477100898858],[0.0124662256211663,51.4768757620209],[0.00911201027674865,51.4767761643528],[0.00807936965426799,51.4769710873957],[0.00533206784997208,51.4794956686625],[0.00481678360157348,51.4799271687715],[0.00254620534081739,51.4813013330313],[0.00141294635019661,51.4821379110215],[0.00162594513098909,51.4827151081027],[0.00197743256250165,51.4827691856265],[0.00480364411460849,51.4826477296777],[0.00484203473503183,51.4826500177828],[0.00590000741656949,51.482764389859],[0.00644957562544506,51.4828525990599],[0.00836582852253788,51.4831593520488],[0.00842220230332998,51.4831670343467],[0.0110779272532696,51.4834773416761],[0.01202811382595,51.48357976516],[0.0129665696173776,51.4836817383501],[0.0140004298434068,51.4838017297403],[0.015878227295879,51.4839996023555],[0.0198059053748623,51.4843793691003],[0.0201815740828383,51.4844091656274]]]},"properties":{"FID":310,"MSOA21CD":"E02000328","MSOA21NM":"Greenwich 016","MSOA21NMW":" ","BNG_E":539700,"BNG_N":177557,"LAT":51.47973,"LONG":0.010374,"Shape__Area":870922.24481964111,"Shape__Length":5921.2313643008338,"GlobalID":"173c8f9d-2ef3-4eb9-9fe0-74369ad44e21"}},{"type":"Feature","id":311,"geometry":{"type":"Polygon","coordinates":[[[0.0949401658490525,51.4770348502476],[0.0959356933911886,51.476446845335],[0.0968252605530318,51.4764894299805],[0.0985164222436906,51.4761969405856],[0.0983043303244218,51.475449083748],[0.0974167258889895,51.474446399973],[0.0970345816193541,51.4741080140024],[0.0966049358108841,51.4732592600811],[0.0961746204013759,51.473254624949],[0.0955099999432013,51.473247458441],[0.0931910819471116,51.4728739753009],[0.0914022685020984,51.4720653577313],[0.0903899646958205,51.4711867643765],[0.0890334104252479,51.4703728935319],[0.0859093237780714,51.4694345679692],[0.0848551837983552,51.4686864977071],[0.08330778016122,51.4664547136218],[0.0822725946226823,51.4666067381544],[0.0822169237329392,51.4664110207642],[0.0826510541573028,51.4636444582369],[0.0822923376949495,51.461606462849],[0.075229008998456,51.461960209639],[0.0728268631656522,51.4625375302268],[0.0697510606521279,51.4680961776829],[0.069062017247173,51.4686454230909],[0.0729272714335647,51.4682455677848],[0.076335349556583,51.4675972958533],[0.0771122498014666,51.4696031366415],[0.0789733662138401,51.4705839127849],[0.0797344568115169,51.4707828695116],[0.0798661649316328,51.4726181305222],[0.0781505819951994,51.4755180854152],[0.0791824022295753,51.4761789506261],[0.0779353414830679,51.4765879527275],[0.0786750760523279,51.4776539845708],[0.0776033418620148,51.4779742075943],[0.0789011078477952,51.4779794937857],[0.079139353660306,51.4782853343806],[0.0801786924117744,51.4768438367994],[0.0820882061113576,51.4778694463587],[0.0841830802848078,51.4771572305246],[0.0846098715518608,51.4774826141237],[0.083420835033646,51.4779211710085],[0.0798839920758406,51.4786040715329],[0.0791989300093928,51.4791491500404],[0.0793990681174004,51.4793228141655],[0.0799917012943825,51.4804181469902],[0.0801820927323878,51.4808831002596],[0.0802557479024711,51.4808692033691],[0.0826640113100022,51.4804561588673],[0.0862557907278624,51.4798993881864],[0.0877815853629855,51.4797533350815],[0.0880983341885882,51.4794870104974],[0.0894668824479367,51.4786532232592],[0.0908993182133798,51.4782200218886],[0.0930157961609503,51.4777007515721],[0.0933481871273553,51.4776190272661],[0.0936582065027346,51.4771867336628],[0.0949401658490525,51.4770348502476]]]},"properties":{"FID":311,"MSOA21CD":"E02000329","MSOA21NM":"Greenwich 017","MSOA21NMW":" ","BNG_E":544821,"BNG_N":176849,"LAT":51.47208,"LONG":0.083778,"Shape__Area":1758296.5930709839,"Shape__Length":8354.9660420619039,"GlobalID":"f1ae7198-d92a-48fa-817a-161667cf8cae"}},{"type":"Feature","id":312,"geometry":{"type":"Polygon","coordinates":[[[0.0462376487185022,51.4763274939127],[0.0470893824469794,51.4753114465881],[0.047571547172836,51.4761472549992],[0.0489619499503637,51.47543935818],[0.0475755236314768,51.4742631724035],[0.0473554658284526,51.4738697877572],[0.048131724246345,51.4724962928851],[0.0494433634435598,51.4721733636775],[0.0514178114456532,51.4717537586417],[0.0509540963359683,51.4706317078534],[0.0504864400090579,51.4699147019375],[0.049435051858813,51.4699187199842],[0.0480109458942035,51.4696531822482],[0.0468659870776046,51.4703444894063],[0.0467058900240658,51.4708056045799],[0.0460217062500665,51.4709850869284],[0.0445267496979078,51.4705269028699],[0.0444268763133566,51.4702173719627],[0.0419428770350951,51.4705905012315],[0.0417291971329008,51.4710646654767],[0.0423965215144045,51.4710110687857],[0.0428162311226855,51.4714099598137],[0.0383761752912163,51.4720847131167],[0.0352457256857205,51.4721310391169],[0.0349726928021632,51.4724985343967],[0.0343950978876448,51.4724649825825],[0.0326371311501733,51.4723383618459],[0.0319005125054521,51.4725509643235],[0.0310054681588351,51.4739142586485],[0.0306558329865124,51.4741548901578],[0.0297843394265582,51.4738165392205],[0.0277191718269963,51.4736823944699],[0.0276285257654966,51.4740861943621],[0.0260378517730697,51.4741263329705],[0.0251969102605001,51.4736791733477],[0.024719105092867,51.4744436561216],[0.0243276859497746,51.4751015918272],[0.0240473376934104,51.4756013322798],[0.0235664539435779,51.4764397609312],[0.0240786640082715,51.4763515248754],[0.0251739525876301,51.4761610230493],[0.0251878216721276,51.4765150109508],[0.0255560948001484,51.4765179319859],[0.0271277955416155,51.4762790240987],[0.0270574892673387,51.4774539365332],[0.0274329474617188,51.47717288714],[0.0282597504415969,51.4772909118914],[0.0293435984286469,51.4772562243888],[0.0293323154541993,51.4760020258003],[0.0297580546202608,51.4759357739657],[0.0333444733311223,51.4753092355931],[0.034406227550339,51.4751383279553],[0.0348553127282499,51.4763095694691],[0.0348888931871076,51.4763649845976],[0.0367809549230582,51.4794209294366],[0.0381925377714592,51.4795547446988],[0.0439565901922925,51.4789705980522],[0.044009626303455,51.4788462405638],[0.0458465130995364,51.4772830727756],[0.0455702375183123,51.4771431647248],[0.0462376487185022,51.4763274939127]]]},"properties":{"FID":312,"MSOA21CD":"E02000331","MSOA21NM":"Greenwich 019","MSOA21NMW":" ","BNG_E":541505,"BNG_N":177050,"LAT":51.47472,"LONG":0.036146,"Shape__Area":991904.40087127686,"Shape__Length":6299.3509707684407,"GlobalID":"d2afeafa-0865-477f-a8ab-03875144e8ce"}},{"type":"Feature","id":313,"geometry":{"type":"Polygon","coordinates":[[[0.0791989300093928,51.4791491500404],[0.0798839920758406,51.4786040715329],[0.083420835033646,51.4779211710085],[0.0846098715518608,51.4774826141237],[0.0841830802848078,51.4771572305246],[0.0820882061113576,51.4778694463587],[0.0801786924117744,51.4768438367994],[0.079139353660306,51.4782853343806],[0.0789011078477952,51.4779794937857],[0.0776033418620148,51.4779742075943],[0.0786750760523279,51.4776539845708],[0.0779353414830679,51.4765879527275],[0.0791824022295753,51.4761789506261],[0.0781505819951994,51.4755180854152],[0.0798661649316328,51.4726181305222],[0.0797344568115169,51.4707828695116],[0.0789733662138401,51.4705839127849],[0.0771122498014666,51.4696031366415],[0.076335349556583,51.4675972958533],[0.0729272714335647,51.4682455677848],[0.069062017247173,51.4686454230909],[0.0697510606521279,51.4680961776829],[0.0728268631656522,51.4625375302268],[0.0680493387571297,51.4625228086627],[0.0680909755026495,51.4629592985185],[0.0682097093311785,51.4648616688891],[0.0626697414332306,51.463809181478],[0.0588357233365153,51.4636122489084],[0.0584820086983515,51.4644071898702],[0.0575326846845474,51.4659606360542],[0.0575794659491978,51.467030300883],[0.0570398926542159,51.4675983008419],[0.0533079521169838,51.4679771783927],[0.0533947594378622,51.4681072046791],[0.0542787529724995,51.4691619998765],[0.0550269666834271,51.4711158716259],[0.0581718092406589,51.4706139449849],[0.0583135631138634,51.4710840025397],[0.05896462624832,51.4710528900373],[0.0603064729100306,51.472490790394],[0.0605834886475303,51.4735786232706],[0.0612632903186586,51.4740264917929],[0.0616156544309684,51.4749733112954],[0.0617427261805315,51.4755039831994],[0.06180505322445,51.4759393274782],[0.064941743482289,51.477434582374],[0.0673677612453748,51.4787845673006],[0.0687697787416927,51.4795492917628],[0.0687901446646075,51.4795035094901],[0.0691448389920971,51.4783652978433],[0.0699100010259734,51.4784087013699],[0.0722711251235649,51.4788366608478],[0.0728125654281299,51.4787806447598],[0.0760554980188346,51.4784150836202],[0.077159905307038,51.4780824255584],[0.0774221074629063,51.4786842592335],[0.0780227370391949,51.4786492170728],[0.0780273564251209,51.4790472768288],[0.0787558671224636,51.47923234912],[0.079195074531248,51.4797652575913],[0.0794212782092955,51.4805031582345],[0.0799917012943825,51.4804181469902],[0.0793990681174004,51.4793228141655],[0.0791989300093928,51.4791491500404]]]},"properties":{"FID":313,"MSOA21CD":"E02000332","MSOA21NM":"Greenwich 020","MSOA21NMW":" ","BNG_E":543790,"BNG_N":176640,"LAT":51.47046,"LONG":0.068859,"Shape__Area":2028372.9597244263,"Shape__Length":8965.68162275964,"GlobalID":"c8d7413d-3227-472d-88fb-50c2118de0e9"}},{"type":"Feature","id":314,"geometry":{"type":"Polygon","coordinates":[[[0.0161458431245749,51.4797766564544],[0.0162897449553734,51.4789548517595],[0.0161095124089177,51.4771998901095],[0.0174769103975603,51.4770878023467],[0.0178545795579393,51.4775835509533],[0.0187359070833078,51.4774692381562],[0.0184313436527404,51.4783066608213],[0.019176275349789,51.4784470104544],[0.0193675277817659,51.4778782804367],[0.0204698466988218,51.4781050752705],[0.0207341248904404,51.4778936866893],[0.0194320397707194,51.4771067575572],[0.0204012216669786,51.4769479519897],[0.020236331977423,51.4765117705101],[0.019227887700841,51.4763358620405],[0.0172932264740082,51.4766933910636],[0.0179299395023364,51.4757027469444],[0.0179394519140075,51.474890071412],[0.0184469790260641,51.4747298812574],[0.018906283032774,51.4751214827399],[0.0200439630728864,51.4750605724419],[0.0207996231880305,51.4750064313968],[0.021061884618314,51.4754252050282],[0.0222869751055222,51.4756887569195],[0.0240473376934104,51.4756013322798],[0.0243276859497746,51.4751015918272],[0.024719105092867,51.4744436561216],[0.0251969102605001,51.4736791733477],[0.0257590784728792,51.4728963610502],[0.0264618370803528,51.4719634099492],[0.0270738331762288,51.4711229407361],[0.0287095320118695,51.4682897165767],[0.0289766387519229,51.4678223253468],[0.0280785112078759,51.4676589813876],[0.0284519291116143,51.4670290688581],[0.0278778647645587,51.4665117506117],[0.0273303677866092,51.4664531057314],[0.0266745898466446,51.4668795923945],[0.0264054849562452,51.4670460330354],[0.0217482769258941,51.4645121516841],[0.0201139130825814,51.4660571793771],[0.0162033931553489,51.4648901865208],[0.0157174736693696,51.4648055521062],[0.014082566490033,51.4645276346861],[0.011949391803625,51.4643081164125],[0.00934464987694845,51.464030195956],[0.00913482647898761,51.4645849267993],[0.00914036346819539,51.4658776424137],[0.00979272581256532,51.4659796225763],[0.00996718968224173,51.4660070579778],[0.0121613157273488,51.4665243927186],[0.013301370153377,51.4668356784701],[0.0128167673097478,51.4676798864625],[0.0130698738096399,51.4684570934583],[0.0126353102656133,51.4697784406335],[0.0135748741103722,51.4698808152536],[0.0163678938426194,51.469054200938],[0.0166751473315303,51.4694945408694],[0.016242786604268,51.4700332095997],[0.0149291433864935,51.4726980392099],[0.0149360142443901,51.4730931114045],[0.0156254341670707,51.4732586948447],[0.0183493779348543,51.4739131870418],[0.0162890010506743,51.4736718514092],[0.0121156519577685,51.4731737142464],[0.0121232401873027,51.4733217069396],[0.00807936965426799,51.4769710873957],[0.00911201027674865,51.4767761643528],[0.0124662256211663,51.4768757620209],[0.0124473400094982,51.477100898858],[0.0124401509590037,51.4773040722638],[0.0132371348569309,51.4775330238714],[0.0132054396079247,51.4782037346033],[0.0140916506308659,51.4784918597392],[0.0142143827941556,51.4791819424391],[0.0147433926778078,51.4790961571029],[0.0161458431245749,51.4797766564544]]]},"properties":{"FID":314,"MSOA21CD":"E02000333","MSOA21NM":"Greenwich 021","MSOA21NMW":" ","BNG_E":540289,"BNG_N":176513,"LAT":51.4702,"LONG":0.018436,"Shape__Area":1261875.4819259644,"Shape__Length":8296.09749490884,"GlobalID":"e9d24493-ae9d-439d-9164-eaca73d0b279"}},{"type":"Feature","id":315,"geometry":{"type":"Polygon","coordinates":[[[0.0310054681588351,51.4739142586485],[0.0319005125054521,51.4725509643235],[0.0326371311501733,51.4723383618459],[0.0343950978876448,51.4724649825825],[0.0349726928021632,51.4724985343967],[0.0352457256857205,51.4721310391169],[0.0383761752912163,51.4720847131167],[0.0428162311226855,51.4714099598137],[0.0423965215144045,51.4710110687857],[0.0417291971329008,51.4710646654767],[0.0419428770350951,51.4705905012315],[0.0444268763133566,51.4702173719627],[0.0445267496979078,51.4705269028699],[0.0460217062500665,51.4709850869284],[0.0467058900240658,51.4708056045799],[0.0468659870776046,51.4703444894063],[0.0480109458942035,51.4696531822482],[0.049435051858813,51.4699187199842],[0.0504864400090579,51.4699147019375],[0.0509540963359683,51.4706317078534],[0.0514178114456532,51.4717537586417],[0.0550269666834271,51.4711158716259],[0.0542787529724995,51.4691619998765],[0.0533947594378622,51.4681072046791],[0.0525290634242968,51.4679862495454],[0.0506915491364401,51.4670001587589],[0.0494405927638567,51.4661573719431],[0.0491268550599836,51.4659061397209],[0.046570920760261,51.4643815286543],[0.0453217664994369,51.4641781104491],[0.0452217340654927,51.4643006137163],[0.0446156104726205,51.4641351992067],[0.0445109138395099,51.4641200776796],[0.0408501318838515,51.4636540263134],[0.0398792891016897,51.4635284626456],[0.0388299576508282,51.4629607424524],[0.0389504395337603,51.462304706332],[0.0387739436198858,51.4622581027766],[0.0382551155852236,51.4624968129532],[0.036837987699829,51.4632114038293],[0.0354982305034301,51.4639181484443],[0.0349222874808729,51.464181433185],[0.0336544029834305,51.4647293102292],[0.0330607013108781,51.4649482832076],[0.0299523546322616,51.4659222336128],[0.0289967641893602,51.4677871929417],[0.0289766387519229,51.4678223253468],[0.0287095320118695,51.4682897165767],[0.0270738331762288,51.4711229407361],[0.0264618370803528,51.4719634099492],[0.0257590784728792,51.4728963610502],[0.0251969102605001,51.4736791733477],[0.0260378517730697,51.4741263329705],[0.0276285257654966,51.4740861943621],[0.0277191718269963,51.4736823944699],[0.0297843394265582,51.4738165392205],[0.0306558329865124,51.4741548901578],[0.0310054681588351,51.4739142586485]]]},"properties":{"FID":315,"MSOA21CD":"E02000334","MSOA21NM":"Greenwich 022","MSOA21NMW":" ","BNG_E":541838,"BNG_N":176322,"LAT":51.4681,"LONG":0.040646,"Shape__Area":1381564.7051925659,"Shape__Length":6126.9099941362329,"GlobalID":"e1d42115-1f7a-4004-aa3a-179ed8da3346"}},{"type":"Feature","id":316,"geometry":{"type":"Polygon","coordinates":[[[0.0584820086983515,51.4644071898702],[0.0588357233365153,51.4636122489084],[0.0626697414332306,51.463809181478],[0.0682097093311785,51.4648616688891],[0.0680909755026495,51.4629592985185],[0.0680493387571297,51.4625228086627],[0.0728268631656522,51.4625375302268],[0.075229008998456,51.461960209639],[0.0822923376949495,51.461606462849],[0.0822923063068431,51.461598312239],[0.0829035147976541,51.4598345863099],[0.0786637731522923,51.4592626299111],[0.0788517086262814,51.4591238223328],[0.0762401111497913,51.4587694756157],[0.0729880655573952,51.4583131177592],[0.0730684977368275,51.4581168130631],[0.0647325012423837,51.456884049241],[0.0636652496397088,51.4568685060046],[0.0639887241932628,51.457393041738],[0.0635855339090187,51.458019171269],[0.0598315271422181,51.4575369708226],[0.0595148265049052,51.457924545154],[0.059018976318761,51.4578659204571],[0.0584351553028544,51.459448920451],[0.057942430302068,51.4594033117672],[0.0571483539176688,51.4607223608103],[0.0552711974627473,51.4600000342753],[0.055635862676147,51.4609828516818],[0.0551205414009172,51.4609998084679],[0.0552102001785608,51.4612872123295],[0.0542800192359661,51.4612418179009],[0.054015906538634,51.4614715997326],[0.0540301163726449,51.4618073414744],[0.0535672546467065,51.4619906450727],[0.0536685801732117,51.4626520648944],[0.0530788803442005,51.4628080953522],[0.0514377180860298,51.462452711742],[0.0503185442183608,51.46266658871],[0.0505663093802082,51.4632004876296],[0.0505762454140091,51.4632198066481],[0.046570920760261,51.4643815286543],[0.0491268550599836,51.4659061397209],[0.0494405927638567,51.4661573719431],[0.0506915491364401,51.4670001587589],[0.0525290634242968,51.4679862495454],[0.0533947594378622,51.4681072046791],[0.0533079521169838,51.4679771783927],[0.0570398926542159,51.4675983008419],[0.0575794659491978,51.467030300883],[0.0575326846845474,51.4659606360542],[0.0584820086983515,51.4644071898702]]]},"properties":{"FID":316,"MSOA21CD":"E02000335","MSOA21NM":"Greenwich 023","MSOA21NMW":" ","BNG_E":543487,"BNG_N":175732,"LAT":51.46238,"LONG":0.064131,"Shape__Area":1303516.0192871094,"Shape__Length":7009.0713144362171,"GlobalID":"c11c516a-a59e-4026-99df-6ddcf513488f"}},{"type":"Feature","id":317,"geometry":{"type":"Polygon","coordinates":[[[0.036837987699829,51.4632114038293],[0.0382551155852236,51.4624968129532],[0.0387739436198858,51.4622581027766],[0.0389504395337603,51.462304706332],[0.0388299576508282,51.4629607424524],[0.0398792891016897,51.4635284626456],[0.0408501318838515,51.4636540263134],[0.0445109138395099,51.4641200776796],[0.0446156104726205,51.4641351992067],[0.0452217340654927,51.4643006137163],[0.0453217664994369,51.4641781104491],[0.046570920760261,51.4643815286543],[0.0505762454140091,51.4632198066481],[0.0505663093802082,51.4632004876296],[0.0503185442183608,51.46266658871],[0.0494986562421043,51.4609069760086],[0.0498050943732157,51.460609564603],[0.0496490471804086,51.4601469864326],[0.0485003000611053,51.4598700219208],[0.049195565471317,51.458299019552],[0.0502046660403688,51.4573955421492],[0.0505261739522105,51.4564504385557],[0.0511272859760886,51.4554125662326],[0.0512298088298893,51.4550345018198],[0.0512608607864448,51.4548974917614],[0.0517301317097922,51.4528986688042],[0.0485993952477608,51.4522579612976],[0.0488491593738139,51.4514069985246],[0.0471940023064625,51.4514280516106],[0.0452369675423632,51.4516336004216],[0.0435501334660424,51.4520394938215],[0.0400765145040441,51.452662160925],[0.0367870331599987,51.4529298764424],[0.0366304527434126,51.4531610249129],[0.0366195890392785,51.4533306122772],[0.0364282754367978,51.4538261067181],[0.0374444741905114,51.4544007264085],[0.0360714659560303,51.4552476022226],[0.036587007855947,51.4555234839301],[0.0361385954396925,51.4557836023263],[0.0369535154433282,51.4563711520067],[0.0386078485154853,51.4574693243272],[0.039355539125984,51.4582007155322],[0.0367789680067028,51.4590782021927],[0.0345123922396738,51.4599111872271],[0.0336541216302106,51.4601253278636],[0.0337436259089375,51.4601957177291],[0.0303177730771034,51.4617444918425],[0.0300831407615895,51.4620543552445],[0.0298020419641739,51.4619363057881],[0.0296883987699324,51.4628919019481],[0.0300004961400633,51.4627875793987],[0.0304946624537321,51.4641909041505],[0.0299523546322616,51.4659222336128],[0.0330607013108781,51.4649482832076],[0.0336544029834305,51.4647293102292],[0.0349222874808729,51.464181433185],[0.0354982305034301,51.4639181484443],[0.036837987699829,51.4632114038293]]]},"properties":{"FID":317,"MSOA21CD":"E02000337","MSOA21NM":"Greenwich 025","MSOA21NMW":" ","BNG_E":541872,"BNG_N":175215,"LAT":51.45814,"LONG":0.040692,"Shape__Area":1393674.963470459,"Shape__Length":6241.4311947909182,"GlobalID":"096a1614-ea3f-4016-8873-9a5651229251"}},{"type":"Feature","id":318,"geometry":{"type":"Polygon","coordinates":[[[0.0536685801732117,51.4626520648944],[0.0535672546467065,51.4619906450727],[0.0540301163726449,51.4618073414744],[0.054015906538634,51.4614715997326],[0.0542800192359661,51.4612418179009],[0.0552102001785608,51.4612872123295],[0.0551205414009172,51.4609998084679],[0.055635862676147,51.4609828516818],[0.0552711974627473,51.4600000342753],[0.0571483539176688,51.4607223608103],[0.057942430302068,51.4594033117672],[0.0584351553028544,51.459448920451],[0.059018976318761,51.4578659204571],[0.0595148265049052,51.457924545154],[0.0598315271422181,51.4575369708226],[0.0635855339090187,51.458019171269],[0.0639887241932628,51.457393041738],[0.0636652496397088,51.4568685060046],[0.0647325012423837,51.456884049241],[0.0730684977368275,51.4581168130631],[0.0735423911123863,51.4567596159524],[0.0711806541839045,51.4555357525274],[0.0666140145674655,51.4536048820511],[0.0677311513350344,51.4523271550176],[0.0671189926914247,51.4521580960969],[0.0673570710327586,51.4517575444299],[0.06670604581596,51.4516176386881],[0.0657843641372258,51.4513898701621],[0.063359517385866,51.4507681890134],[0.0627005181298853,51.4507257844464],[0.0620784872877308,51.4507598502611],[0.0609063564836853,51.4508218758208],[0.0595046036958213,51.4508702369221],[0.0551203578475956,51.4507465406761],[0.0530730437225458,51.4507679531394],[0.0521705737538273,51.4507881413702],[0.0488491593738139,51.4514069985246],[0.0485993952477608,51.4522579612976],[0.0517301317097922,51.4528986688042],[0.0512608607864448,51.4548974917614],[0.0512298088298893,51.4550345018198],[0.0511272859760886,51.4554125662326],[0.0505261739522105,51.4564504385557],[0.0502046660403688,51.4573955421492],[0.049195565471317,51.458299019552],[0.0485003000611053,51.4598700219208],[0.0496490471804086,51.4601469864326],[0.0498050943732157,51.460609564603],[0.0494986562421043,51.4609069760086],[0.0503185442183608,51.46266658871],[0.0514377180860298,51.462452711742],[0.0530788803442005,51.4628080953522],[0.0536685801732117,51.4626520648944]]]},"properties":{"FID":318,"MSOA21CD":"E02000339","MSOA21NM":"Greenwich 027","MSOA21NMW":" ","BNG_E":543333,"BNG_N":175088,"LAT":51.45663,"LONG":0.061655,"Shape__Area":1248997.4182434082,"Shape__Length":6204.412691001744,"GlobalID":"e3682722-738e-4f96-a642-82ac36913d43"}},{"type":"Feature","id":319,"geometry":{"type":"Polygon","coordinates":[[[0.0863813184788612,51.4538603174905],[0.0868190363303552,51.4510733812949],[0.0868210762221236,51.4510603592016],[0.0834662479691208,51.4511376789029],[0.0816639614234352,51.4512607517126],[0.0813990303680306,51.4509934665798],[0.0809064345032859,51.4510564862682],[0.0806956160010818,51.4506142889041],[0.0807670815354843,51.4497340261387],[0.0784632819653612,51.4487965420166],[0.0762090744089118,51.449118553025],[0.0730703968359854,51.4482653660066],[0.0724105836236199,51.4479114927101],[0.0705288035274039,51.4449480619775],[0.0703994029658002,51.442934338673],[0.0703017798743506,51.4414045383863],[0.0696294249530436,51.4404253085645],[0.0694406444126635,51.4403202148159],[0.0693642653751207,51.4397041627752],[0.0698771249829419,51.4393159266188],[0.0709164214660173,51.4394779351325],[0.071723122185211,51.4385439767955],[0.0718431027512353,51.4379303445985],[0.071876826113789,51.4378972028796],[0.0637300442730397,51.4387803030446],[0.0630142492830696,51.4388568399308],[0.0619447282752972,51.4389720336263],[0.0574113530184569,51.4394522527865],[0.0571489928054245,51.4394800342795],[0.0512989065950018,51.440114544401],[0.0482158511080532,51.4404532248323],[0.048274777562853,51.4408452162944],[0.0498110948933843,51.4408102014745],[0.0498246733931191,51.4410131426182],[0.0467343529823119,51.4413720788021],[0.0473300529124716,51.4428269587987],[0.0442798344471471,51.443780782303],[0.0454575386894575,51.4445153810305],[0.0457902002899507,51.4460643578651],[0.0458353802470354,51.4463237939349],[0.0468595395759162,51.4482543525221],[0.047171968596675,51.4505616335096],[0.0471940023064625,51.4514280516106],[0.0488491593738139,51.4514069985246],[0.0521705737538273,51.4507881413702],[0.0530730437225458,51.4507679531394],[0.0551203578475956,51.4507465406761],[0.0595046036958213,51.4508702369221],[0.0609063564836853,51.4508218758208],[0.0620784872877308,51.4507598502611],[0.0627005181298853,51.4507257844464],[0.063359517385866,51.4507681890134],[0.0657843641372258,51.4513898701621],[0.06670604581596,51.4516176386881],[0.0673570710327586,51.4517575444299],[0.0671189926914247,51.4521580960969],[0.0677311513350344,51.4523271550176],[0.0666140145674655,51.4536048820511],[0.0711806541839045,51.4555357525274],[0.0735423911123863,51.4567596159524],[0.0730684977368275,51.4581168130631],[0.0729880655573952,51.4583131177592],[0.0762401111497913,51.4587694756157],[0.0788517086262814,51.4591238223328],[0.0797973394622847,51.4586673061997],[0.0814457535422872,51.4577736662509],[0.0836052172487629,51.4571476534998],[0.0857265956616716,51.4564556307641],[0.0860082000909856,51.4556240563292],[0.0863813184788612,51.4538603174905]]]},"properties":{"FID":319,"MSOA21CD":"E02000340","MSOA21NM":"Greenwich 028","MSOA21NMW":" ","BNG_E":543271,"BNG_N":174212,"LAT":51.44878,"LONG":0.060409,"Shape__Area":3264632.642250061,"Shape__Length":9921.41493573916,"GlobalID":"e9d481ba-aae6-4df0-9392-7a1015d8394f"}},{"type":"Feature","id":320,"geometry":{"type":"Polygon","coordinates":[[[0.047171968596675,51.4505616335096],[0.0468595395759162,51.4482543525221],[0.0458353802470354,51.4463237939349],[0.0457902002899507,51.4460643578651],[0.0454575386894575,51.4445153810305],[0.0442798344471471,51.443780782303],[0.0473300529124716,51.4428269587987],[0.0467343529823119,51.4413720788021],[0.0498246733931191,51.4410131426182],[0.0498110948933843,51.4408102014745],[0.048274777562853,51.4408452162944],[0.0482158511080532,51.4404532248323],[0.0444067444988216,51.4411511790744],[0.0436459217789143,51.44134569011],[0.0413407436080706,51.4420415558944],[0.0398284158399258,51.4410330448695],[0.0374471780813189,51.441882466844],[0.0354629812486357,51.4425033324908],[0.0326599390822455,51.4438317064962],[0.0303501818378228,51.4443420412795],[0.0300471550516432,51.443416424546],[0.029528187624053,51.4417477979411],[0.0289133282083536,51.4416254090528],[0.0250308047906246,51.4417965996905],[0.0217749354838044,51.4426557211861],[0.0215849380616119,51.4427077287197],[0.0206611381282192,51.4441744697838],[0.0215212634510361,51.4444061154455],[0.0211973012754444,51.4464480370492],[0.0212474714378465,51.4467047751637],[0.0229408915242033,51.4471969120316],[0.0223697080024595,51.4481129295829],[0.0223353156571994,51.4481654204934],[0.0227306093258457,51.4481379021607],[0.023982370473319,51.4485355998286],[0.0246327187613019,51.4488424978164],[0.0233331414808658,51.4496059644515],[0.0240119554355906,51.4497219776815],[0.02467726573042,51.4498756799055],[0.0243767862152811,51.4506086643076],[0.0272207450312887,51.4514537932169],[0.0269496855709739,51.4509433348496],[0.0275922668189266,51.4508497226714],[0.0280706535407493,51.4512771075905],[0.0287932148173478,51.4511720418813],[0.0284556338002137,51.4506241356732],[0.0290371234858525,51.4507103999222],[0.0292025225215545,51.4503102961474],[0.0294681246610472,51.4503596577422],[0.0296195888228981,51.4503030794871],[0.0341921124313527,51.4518245698791],[0.0357238241919971,51.4526073367421],[0.0353938298018304,51.4529547963438],[0.0366195890392785,51.4533306122772],[0.0366304527434126,51.4531610249129],[0.0367870331599987,51.4529298764424],[0.0400765145040441,51.452662160925],[0.0435501334660424,51.4520394938215],[0.0452369675423632,51.4516336004216],[0.0471940023064625,51.4514280516106],[0.047171968596675,51.4505616335096]]]},"properties":{"FID":320,"MSOA21CD":"E02000341","MSOA21NM":"Greenwich 029","MSOA21NMW":" ","BNG_E":541471,"BNG_N":173967,"LAT":51.44703,"LONG":0.034425,"Shape__Area":1786510.1216659546,"Shape__Length":7268.38765343806,"GlobalID":"8ea9608e-b40c-448a-abc9-4a893b3a390b"}},{"type":"Feature","id":321,"geometry":{"type":"Polygon","coordinates":[[[0.0868210762221236,51.4510603592016],[0.0869978951953491,51.450096884049],[0.0871075396063286,51.4499090697277],[0.0880657260204411,51.4474480385843],[0.0873802348344104,51.4458480764387],[0.0868850928691237,51.4454983360155],[0.0863852859577453,51.4450861991347],[0.0874053770663003,51.4432465625161],[0.0853703618406177,51.4428839264114],[0.0853518196505976,51.4428778281676],[0.084738566697319,51.4426114045838],[0.0832424531010101,51.4435431437895],[0.082836952854176,51.4432876400748],[0.0828577903120911,51.4428379024045],[0.0844410852931944,51.442010158827],[0.0832794833297927,51.4411086014321],[0.0818581804010905,51.4399980600358],[0.0814854038622706,51.4401639065231],[0.0808413066225629,51.4404516812179],[0.080102062054326,51.4396705309657],[0.0800868009199828,51.4392149583218],[0.0795232116313963,51.4388868895081],[0.07842430484575,51.4371348653041],[0.0778723656085585,51.4364859204565],[0.0764674482608432,51.4368769999164],[0.0750487079827255,51.4358731001751],[0.0764724472015653,51.4348661510272],[0.0759144297270626,51.434459134209],[0.0723064555742655,51.4374859035611],[0.0722141072029344,51.437575154935],[0.071876826113789,51.4378972028796],[0.0718431027512353,51.4379303445985],[0.071723122185211,51.4385439767955],[0.0709164214660173,51.4394779351325],[0.0698771249829419,51.4393159266188],[0.0693642653751207,51.4397041627752],[0.0694406444126635,51.4403202148159],[0.0696294249530436,51.4404253085645],[0.0703017798743506,51.4414045383863],[0.0703994029658002,51.442934338673],[0.0705288035274039,51.4449480619775],[0.0724105836236199,51.4479114927101],[0.0730703968359854,51.4482653660066],[0.0762090744089118,51.449118553025],[0.0784632819653612,51.4487965420166],[0.0807670815354843,51.4497340261387],[0.0806956160010818,51.4506142889041],[0.0809064345032859,51.4510564862682],[0.0813990303680306,51.4509934665798],[0.0816639614234352,51.4512607517126],[0.0834662479691208,51.4511376789029],[0.0868210762221236,51.4510603592016]]]},"properties":{"FID":321,"MSOA21CD":"E02000342","MSOA21NM":"Greenwich 030","MSOA21NMW":" ","BNG_E":544560,"BNG_N":173614,"LAT":51.44308,"LONG":0.078701,"Shape__Area":1359274.9809265137,"Shape__Length":5817.3586028861209,"GlobalID":"8f629e1e-4e83-498b-b17c-7f0b389210df"}},{"type":"Feature","id":322,"geometry":{"type":"Polygon","coordinates":[[[0.0591382082076057,51.4342934039556],[0.0600904951833996,51.4326790013148],[0.0592822434714956,51.4328617172382],[0.0586807647080314,51.4326624782765],[0.0583538944330771,51.432006200213],[0.0574931564006084,51.4321672889696],[0.0569790898803636,51.4319647433093],[0.0576364234379287,51.4307838706265],[0.0575393486403077,51.4304719886654],[0.0580675953464883,51.4304255639689],[0.0584854754527457,51.4298278798838],[0.0580399427285281,51.4296014539475],[0.0579776360681552,51.4293320653076],[0.0590599854904933,51.4293576259132],[0.059285568339086,51.4295033602745],[0.059819779865253,51.4295724912399],[0.0606662795446112,51.4285956953026],[0.0613670065296331,51.4285167003909],[0.0617709091462646,51.4286913087642],[0.0629530027065734,51.4281060575663],[0.063422713119371,51.4281657769246],[0.0632999191116672,51.426672283846],[0.0628786996388482,51.4266285611029],[0.0629082799253712,51.4263226122673],[0.0611310744214585,51.4254819044705],[0.0591326128715742,51.4250747899886],[0.0592041029015703,51.4247063991177],[0.0586523305825167,51.4245559779098],[0.0583212048535846,51.4248091846071],[0.0582268959679716,51.4248817292642],[0.0547866697908494,51.4275855822083],[0.0525374371460278,51.4301036627188],[0.0523781321821963,51.4302668496925],[0.050259428653396,51.4320399187182],[0.0475606452810882,51.4340153297378],[0.0465764628588157,51.4348753779037],[0.0455143882228253,51.4359171628174],[0.0452090777684963,51.4366024824918],[0.0435200666511803,51.4377232307738],[0.0427566589751429,51.4383190490421],[0.0423097447316654,51.4394831553767],[0.0398284158399258,51.4410330448695],[0.0413407436080706,51.4420415558944],[0.0436459217789143,51.44134569011],[0.0444067444988216,51.4411511790744],[0.0482158511080532,51.4404532248323],[0.0512989065950018,51.440114544401],[0.0571489928054245,51.4394800342795],[0.0574113530184569,51.4394522527865],[0.0619447282752972,51.4389720336263],[0.062342352535313,51.4384778699178],[0.0621308635031441,51.4377760507631],[0.0611275236307571,51.4372090546229],[0.0588901486281494,51.4372175881476],[0.0569309074914261,51.4356439110441],[0.0565918819714515,51.4347000869318],[0.0591382082076057,51.4342934039556]]]},"properties":{"FID":322,"MSOA21CD":"E02000343","MSOA21NM":"Greenwich 031","MSOA21NMW":" ","BNG_E":542705,"BNG_N":172728,"LAT":51.43558,"LONG":0.051671,"Shape__Area":1252116.0833816528,"Shape__Length":6741.7107747719683,"GlobalID":"aea6021d-b4a4-46e1-a1f2-6340d04ae577"}},{"type":"Feature","id":323,"geometry":{"type":"Polygon","coordinates":[[[0.0761211234600345,51.4333063348564],[0.0747965788176377,51.4322639781443],[0.0753458652986685,51.4320303854419],[0.0748609331654115,51.4308307240756],[0.0738043854229782,51.4316425070299],[0.0733534010434565,51.4317733505647],[0.0730601019054776,51.4313784390456],[0.073497997371452,51.43125953797],[0.0729901794919572,51.4307156237917],[0.0719694916927526,51.429652664536],[0.0700581945653169,51.4285356090698],[0.070043428466883,51.4285270433527],[0.0681823500052357,51.4273949737238],[0.0664294842133752,51.4263379594378],[0.0666034135960368,51.426015455789],[0.0652469821601401,51.4257252453161],[0.0642355358819525,51.4253739287288],[0.0641805511171747,51.4248799466871],[0.0632269160676816,51.4242020735931],[0.0617341365429596,51.4237341509249],[0.061340382941195,51.4241130282748],[0.0609244745421335,51.4250789066883],[0.0592041029015703,51.4247063991177],[0.0591326128715742,51.4250747899886],[0.0611310744214585,51.4254819044705],[0.0629082799253712,51.4263226122673],[0.0628786996388482,51.4266285611029],[0.0632999191116672,51.426672283846],[0.063422713119371,51.4281657769246],[0.0629530027065734,51.4281060575663],[0.0617709091462646,51.4286913087642],[0.0613670065296331,51.4285167003909],[0.0606662795446112,51.4285956953026],[0.059819779865253,51.4295724912399],[0.059285568339086,51.4295033602745],[0.0590599854904933,51.4293576259132],[0.0579776360681552,51.4293320653076],[0.0580399427285281,51.4296014539475],[0.0584854754527457,51.4298278798838],[0.0580675953464883,51.4304255639689],[0.0575393486403077,51.4304719886654],[0.0576364234379287,51.4307838706265],[0.0569790898803636,51.4319647433093],[0.0574931564006084,51.4321672889696],[0.0583538944330771,51.432006200213],[0.0586807647080314,51.4326624782765],[0.0592822434714956,51.4328617172382],[0.0600904951833996,51.4326790013148],[0.0591382082076057,51.4342934039556],[0.0565918819714515,51.4347000869318],[0.0569309074914261,51.4356439110441],[0.0588901486281494,51.4372175881476],[0.0611275236307571,51.4372090546229],[0.0621308635031441,51.4377760507631],[0.062342352535313,51.4384778699178],[0.0619447282752972,51.4389720336263],[0.0630142492830696,51.4388568399308],[0.0637300442730397,51.4387803030446],[0.071876826113789,51.4378972028796],[0.0722141072029344,51.437575154935],[0.0723064555742655,51.4374859035611],[0.0759144297270626,51.434459134209],[0.0763016487416853,51.4339951797892],[0.0757656540337559,51.4336976298958],[0.0761211234600345,51.4333063348564]]]},"properties":{"FID":323,"MSOA21CD":"E02000344","MSOA21NM":"Greenwich 032","MSOA21NMW":" ","BNG_E":543736,"BNG_N":172379,"LAT":51.43219,"LONG":0.066352,"Shape__Area":1298956.6832275391,"Shape__Length":6207.7012096094368,"GlobalID":"31f45683-5566-40f3-acc8-96586b791e5c"}},{"type":"Feature","id":587,"geometry":{"type":"Polygon","coordinates":[[[-0.112670748964485,51.495503914559],[-0.112421545421038,51.4952549253627],[-0.112353405897578,51.4955183576026],[-0.110922028090144,51.4954293041025],[-0.110931257844859,51.4954999577324],[-0.106739154854412,51.4940323841019],[-0.106402124993834,51.4939219758776],[-0.105964081719749,51.49377759563],[-0.104840581899511,51.4935071236639],[-0.104532235238323,51.49286929671],[-0.103821933647004,51.4919721121836],[-0.103048028826444,51.4915230964815],[-0.103782635027617,51.4904562628808],[-0.103826321719482,51.4904075416077],[-0.103881001458168,51.4903459927721],[-0.104927252567063,51.4892896039267],[-0.105838613427332,51.4884251263],[-0.105980771038748,51.4882820863129],[-0.106470526869095,51.4877901297732],[-0.107747448454729,51.4884552126595],[-0.107533312246266,51.4887543894909],[-0.106865286091844,51.4893925406836],[-0.106923391667606,51.4896413001059],[-0.107574206075435,51.4896763988045],[-0.106666622012845,51.4902085436937],[-0.106840507199791,51.4903730039537],[-0.106885298408928,51.4903753007158],[-0.106899322624806,51.4903760109046],[-0.107668999303746,51.4906583958134],[-0.107948114302565,51.4911626245772],[-0.109105744879408,51.4916124507466],[-0.109757877645868,51.4914150606658],[-0.10996405447787,51.4911341417394],[-0.111050358686385,51.4911760405731],[-0.111070936944499,51.4909907803455],[-0.111366228200665,51.4904838379103],[-0.111914197438894,51.4905781853916],[-0.112476817653886,51.4904293027299],[-0.112786229322548,51.4902258130132],[-0.113188928720991,51.4904901675555],[-0.114143195012793,51.4905080251952],[-0.115786246967221,51.4909196100276],[-0.116203795436235,51.4907630999824],[-0.116311416610618,51.490672230674],[-0.11635570907055,51.4906890929825],[-0.117089334873393,51.4909947113021],[-0.118000936640171,51.4913923509727],[-0.118017583864857,51.4913994795468],[-0.118433592433016,51.4904758500607],[-0.119714737505085,51.490526703031],[-0.118805833253795,51.4917086246085],[-0.119563007874328,51.4919694735006],[-0.120272369404952,51.4921278184547],[-0.121029451641192,51.4922838342595],[-0.121799778293562,51.4924286007448],[-0.12194751123225,51.4924621138638],[-0.121606313793715,51.4935604431613],[-0.121353582908502,51.4943739621287],[-0.121353516407086,51.4943742830036],[-0.121162220166588,51.4943531683244],[-0.120954735983488,51.4940342528866],[-0.120439631977137,51.4942487220308],[-0.119813204581332,51.4945737910961],[-0.119590241000062,51.4940005035717],[-0.116813047088033,51.4935938675126],[-0.116181115076664,51.4942378126523],[-0.115845972524919,51.4950154032184],[-0.116996549482933,51.4949385946792],[-0.116862232819584,51.4951756091689],[-0.115941933798903,51.4954009890534],[-0.114683649842048,51.4957037208315],[-0.113136862062672,51.4960779575867],[-0.112670748964485,51.495503914559]]]},"properties":{"FID":587,"MSOA21CD":"E02000619","MSOA21NM":"Lambeth 002","MSOA21NMW":" ","BNG_E":531180,"BNG_N":178692,"LAT":51.49197,"LONG":-0.11182,"Shape__Area":543174.44996643066,"Shape__Length":4637.9216761770131,"GlobalID":"75aab88f-81a8-4299-8957-8e5155763c19"}},{"type":"Feature","id":588,"geometry":{"type":"Polygon","coordinates":[[[-0.119714737505085,51.490526703031],[-0.118433592433016,51.4904758500607],[-0.118017583864857,51.4913994795468],[-0.118000936640171,51.4913923509727],[-0.117089334873393,51.4909947113021],[-0.11635570907055,51.4906890929825],[-0.116311416610618,51.490672230674],[-0.116203795436235,51.4907630999824],[-0.115786246967221,51.4909196100276],[-0.114143195012793,51.4905080251952],[-0.113188928720991,51.4904901675555],[-0.112786229322548,51.4902258130132],[-0.112476817653886,51.4904293027299],[-0.111914197438894,51.4905781853916],[-0.111366228200665,51.4904838379103],[-0.111070936944499,51.4909907803455],[-0.111050358686385,51.4911760405731],[-0.10996405447787,51.4911341417394],[-0.109757877645868,51.4914150606658],[-0.109105744879408,51.4916124507466],[-0.107948114302565,51.4911626245772],[-0.107668999303746,51.4906583958134],[-0.106899322624806,51.4903760109046],[-0.106885298408928,51.4903753007158],[-0.106840507199791,51.4903730039537],[-0.106666622012845,51.4902085436937],[-0.107574206075435,51.4896763988045],[-0.106923391667606,51.4896413001059],[-0.106865286091844,51.4893925406836],[-0.107533312246266,51.4887543894909],[-0.107747448454729,51.4884552126595],[-0.106470526869095,51.4877901297732],[-0.108149650514894,51.4861065500772],[-0.108223691044992,51.486037998688],[-0.108426658894456,51.4858490135696],[-0.109879975454469,51.4845004025588],[-0.110226101680838,51.4847376513219],[-0.110798153720468,51.4843885531049],[-0.111505243159922,51.4844745275766],[-0.112422718823829,51.4840701657746],[-0.112061895623827,51.4839076124944],[-0.113199303924214,51.4826704160061],[-0.113524731315834,51.4828168598544],[-0.11312697513622,51.4837577616875],[-0.114018045350775,51.4846903867447],[-0.113192376689443,51.4850777041175],[-0.112983002612469,51.4847341406234],[-0.112096914321142,51.4849910638426],[-0.112384849531104,51.4853189026356],[-0.112562756435386,51.4855738356664],[-0.11326143010446,51.485352099401],[-0.113514918444663,51.485968990775],[-0.114744005424254,51.4858334064708],[-0.115141135527316,51.484750681812],[-0.116696675291029,51.4845571408757],[-0.117816230056372,51.4857307326171],[-0.117294002359678,51.4861439823775],[-0.117543621509645,51.486679431896],[-0.116747248217254,51.4868024207307],[-0.118204751722218,51.4865901152809],[-0.119175039596571,51.4864447544147],[-0.121315997434335,51.486194373222],[-0.123803048077361,51.4863278659065],[-0.124887484897801,51.4866536511326],[-0.125287191453596,51.4868485834202],[-0.125693621129454,51.4870298791209],[-0.124885072740546,51.4878578256867],[-0.124204750490972,51.4878544998163],[-0.122889386688347,51.4904097443917],[-0.122122039961002,51.4919002591201],[-0.12194751123225,51.4924621138638],[-0.121799778293562,51.4924286007448],[-0.121029451641192,51.4922838342595],[-0.120272369404952,51.4921278184547],[-0.119563007874328,51.4919694735006],[-0.118805833253795,51.4917086246085],[-0.119714737505085,51.490526703031]]]},"properties":{"FID":588,"MSOA21CD":"E02000620","MSOA21NM":"Lambeth 003","MSOA21NMW":" ","BNG_E":530903,"BNG_N":178189,"LAT":51.48751,"LONG":-0.116,"Shape__Area":728270.09816741943,"Shape__Length":5461.2865650315425,"GlobalID":"52b48819-f4d6-42e5-b5d0-82814e17c2c2"}},{"type":"Feature","id":589,"geometry":{"type":"Polygon","coordinates":[[[-0.123803048077361,51.4863278659065],[-0.121315997434335,51.486194373222],[-0.119175039596571,51.4864447544147],[-0.118204751722218,51.4865901152809],[-0.116747248217254,51.4868024207307],[-0.117543621509645,51.486679431896],[-0.117294002359678,51.4861439823775],[-0.117816230056372,51.4857307326171],[-0.116696675291029,51.4845571408757],[-0.117127984535549,51.4841549069414],[-0.117442706983666,51.4836833374771],[-0.117359026665112,51.4832307869978],[-0.116423944331837,51.483269754707],[-0.115861080887875,51.4830511745769],[-0.115639168346541,51.4822282776328],[-0.114849028295795,51.4824020416233],[-0.113845196352234,51.4813592785045],[-0.114576365041906,51.4807415490561],[-0.116995958282926,51.4818997350077],[-0.117631777327571,51.4822390474102],[-0.118083077120178,51.4819775986577],[-0.116979604797962,51.4816210143504],[-0.117297474017481,51.4812312588267],[-0.115962293876656,51.4806178411557],[-0.118067379799729,51.4810651483043],[-0.118303575711939,51.480843132605],[-0.119695676183414,51.4812823711916],[-0.11993481207205,51.4810250959695],[-0.120148122800029,51.4807860354931],[-0.120351831901004,51.4805587288232],[-0.118962829168248,51.4800774528941],[-0.11901263420903,51.4800304287605],[-0.119778366569803,51.4792779908899],[-0.119382017493228,51.4791255682203],[-0.12083584888871,51.478586821723],[-0.120805685365107,51.4785764733966],[-0.118734183981121,51.4777132354885],[-0.118101185594613,51.4771781492459],[-0.11876144732189,51.47682139269],[-0.11925896560322,51.4764111508087],[-0.120395371629335,51.4765320138925],[-0.120495200379344,51.4770841364638],[-0.121043923851379,51.4771867550758],[-0.122648119041569,51.4772776047235],[-0.122742653416648,51.4772848194801],[-0.12324969811794,51.4772588838263],[-0.123392827705974,51.4780599320862],[-0.124775409604213,51.4780139155101],[-0.124761748395154,51.4783679811532],[-0.124004743516393,51.4783219708927],[-0.124017626801408,51.4785465620346],[-0.124233818721279,51.47903066943],[-0.124316682396528,51.4790855371967],[-0.123804126989274,51.4793831244061],[-0.124374362816732,51.4802781767902],[-0.124520473631251,51.4805904278295],[-0.125326054478631,51.4807621911143],[-0.125552983940998,51.4805250041037],[-0.126222470947592,51.4808721728673],[-0.126585766834544,51.4814918225481],[-0.127652379505264,51.4814186724626],[-0.127752459390216,51.4810473096508],[-0.128049989158463,51.4802971697065],[-0.128108270240598,51.4801849633671],[-0.128386819111212,51.4797127938502],[-0.126003945414224,51.4795218678183],[-0.126043043264971,51.4792706980239],[-0.128652892747757,51.479246832761],[-0.128999964991362,51.4787033805169],[-0.129018159522294,51.478673555285],[-0.129276641465144,51.4782359379211],[-0.129612438524148,51.4776915584993],[-0.130863379925993,51.4759650123324],[-0.131672019267088,51.4751677677215],[-0.131860198793671,51.4749872524585],[-0.133201284435805,51.4754657337821],[-0.133955883610639,51.4756376571347],[-0.13394637981618,51.4756937226174],[-0.131823793019304,51.4784950766474],[-0.13128998068678,51.479405901601],[-0.130995635379637,51.4795999988321],[-0.130527411647036,51.4801696302617],[-0.12991316514005,51.4811283223392],[-0.129072834582402,51.4814088031883],[-0.127518794355541,51.4818756327807],[-0.127387217119472,51.4822024014044],[-0.126303520262405,51.4844345372597],[-0.12704078595759,51.4846041275607],[-0.128192056584666,51.4847370131006],[-0.128533442786866,51.4850328458815],[-0.128506848127153,51.4850426317885],[-0.128446300105987,51.4850649116544],[-0.127449954500835,51.4855823433144],[-0.126999150376349,51.4858164526704],[-0.126671038667736,51.4861208801177],[-0.126349197885596,51.4864194842496],[-0.12571611397971,51.4870068467843],[-0.125693621129454,51.4870298791209],[-0.125287191453596,51.4868485834202],[-0.124887484897801,51.4866536511326],[-0.123803048077361,51.4863278659065]]]},"properties":{"FID":589,"MSOA21CD":"E02000621","MSOA21NM":"Lambeth 004","MSOA21NMW":" ","BNG_E":530380,"BNG_N":177660,"LAT":51.48288,"LONG":-0.12372,"Shape__Area":725227.30078887939,"Shape__Length":7394.4920976538078,"GlobalID":"69204145-abc8-402c-be43-2ff3536491ac"}},{"type":"Feature","id":590,"geometry":{"type":"Polygon","coordinates":[[[-0.113514918444663,51.485968990775],[-0.11326143010446,51.485352099401],[-0.112562756435386,51.4855738356664],[-0.112384849531104,51.4853189026356],[-0.112096914321142,51.4849910638426],[-0.112983002612469,51.4847341406234],[-0.113192376689443,51.4850777041175],[-0.114018045350775,51.4846903867447],[-0.11312697513622,51.4837577616875],[-0.113524731315834,51.4828168598544],[-0.113199303924214,51.4826704160061],[-0.112061895623827,51.4839076124944],[-0.112422718823829,51.4840701657746],[-0.111505243159922,51.4844745275766],[-0.110798153720468,51.4843885531049],[-0.110226101680838,51.4847376513219],[-0.109879975454469,51.4845004025588],[-0.108426658894456,51.4858490135696],[-0.106295103722807,51.4848700426407],[-0.107120822670082,51.4836422113598],[-0.106837261847877,51.4835568122853],[-0.105629544994944,51.4829724650769],[-0.106062931174196,51.4826985335937],[-0.10571288176978,51.4824414656891],[-0.104490939378141,51.4815321962495],[-0.104068006103027,51.4808540367014],[-0.108329049274799,51.4803147916409],[-0.105528527488213,51.4791480402633],[-0.103598895880523,51.4783433280871],[-0.10333530492201,51.4782414465313],[-0.10147628946439,51.4775232665159],[-0.0999739914267601,51.4768732251335],[-0.100408377276457,51.4757118777333],[-0.100413268490598,51.4756838997313],[-0.100499291589673,51.4741608070587],[-0.100827866316229,51.4740179496787],[-0.102304629292424,51.4738260369983],[-0.1028868004545,51.4740243066469],[-0.103425345932287,51.473538415742],[-0.104183416775021,51.4740093075303],[-0.104584110562164,51.4738765324271],[-0.105204400835042,51.4741080321964],[-0.104436224420794,51.4745721522732],[-0.105774303028483,51.4754804680474],[-0.105300542375279,51.4759452861008],[-0.105030696884704,51.4758474105457],[-0.105324908827576,51.4761928890842],[-0.105448119715441,51.4763480344661],[-0.106038381009634,51.4770423274829],[-0.106248245547798,51.4773519991277],[-0.106713033626276,51.4773134797695],[-0.106377364749192,51.4763199243196],[-0.107310819540884,51.4763865732306],[-0.107480443475849,51.4767098681356],[-0.10961182506702,51.4762015387935],[-0.109615376524953,51.4772024195252],[-0.109533392095862,51.4777970433505],[-0.109919414327239,51.4780344679974],[-0.110515793924746,51.4779089477336],[-0.109877117089857,51.4789569125727],[-0.110096694533066,51.4795221302731],[-0.11166437653511,51.4796009860723],[-0.111823989442686,51.4790632578288],[-0.112068225627832,51.4784607416182],[-0.112474754060917,51.4784281407785],[-0.112674230340791,51.4784120711284],[-0.114695119951735,51.4782560026241],[-0.115471020515716,51.4781999952576],[-0.116456872259616,51.4780240566717],[-0.11691394976995,51.4781959275427],[-0.117810153542606,51.4785330898279],[-0.118959126601205,51.4789656385142],[-0.119382017493228,51.4791255682203],[-0.119778366569803,51.4792779908899],[-0.11901263420903,51.4800304287605],[-0.118962829168248,51.4800774528941],[-0.120351831901004,51.4805587288232],[-0.120148122800029,51.4807860354931],[-0.11993481207205,51.4810250959695],[-0.119695676183414,51.4812823711916],[-0.118303575711939,51.480843132605],[-0.118067379799729,51.4810651483043],[-0.115962293876656,51.4806178411557],[-0.117297474017481,51.4812312588267],[-0.116979604797962,51.4816210143504],[-0.118083077120178,51.4819775986577],[-0.117631777327571,51.4822390474102],[-0.116995958282926,51.4818997350077],[-0.114576365041906,51.4807415490561],[-0.113845196352234,51.4813592785045],[-0.114849028295795,51.4824020416233],[-0.115639168346541,51.4822282776328],[-0.115861080887875,51.4830511745769],[-0.116423944331837,51.483269754707],[-0.117359026665112,51.4832307869978],[-0.117442706983666,51.4836833374771],[-0.117127984535549,51.4841549069414],[-0.116696675291029,51.4845571408757],[-0.115141135527316,51.484750681812],[-0.114744005424254,51.4858334064708],[-0.113514918444663,51.485968990775]]]},"properties":{"FID":590,"MSOA21CD":"E02000622","MSOA21NM":"Lambeth 005","MSOA21NMW":" ","BNG_E":531131,"BNG_N":177340,"LAT":51.47983,"LONG":-0.11303,"Shape__Area":780720.39663696289,"Shape__Length":7965.1746218296321,"GlobalID":"70e9a872-ccfb-4049-a294-5fe8a0756a39"}},{"type":"Feature","id":591,"geometry":{"type":"Polygon","coordinates":[[[-0.126222470947592,51.4808721728673],[-0.125552983940998,51.4805250041037],[-0.125326054478631,51.4807621911143],[-0.124520473631251,51.4805904278295],[-0.124374362816732,51.4802781767902],[-0.123804126989274,51.4793831244061],[-0.124316682396528,51.4790855371967],[-0.124233818721279,51.47903066943],[-0.124017626801408,51.4785465620346],[-0.124004743516393,51.4783219708927],[-0.124761748395154,51.4783679811532],[-0.124775409604213,51.4780139155101],[-0.123392827705974,51.4780599320862],[-0.12324969811794,51.4772588838263],[-0.122742653416648,51.4772848194801],[-0.122648119041569,51.4772776047235],[-0.121043923851379,51.4771867550758],[-0.120495200379344,51.4770841364638],[-0.120395371629335,51.4765320138925],[-0.11925896560322,51.4764111508087],[-0.11876144732189,51.47682139269],[-0.118101185594613,51.4771781492459],[-0.118734183981121,51.4777132354885],[-0.120805685365107,51.4785764733966],[-0.12083584888871,51.478586821723],[-0.119382017493228,51.4791255682203],[-0.118959126601205,51.4789656385142],[-0.117810153542606,51.4785330898279],[-0.11691394976995,51.4781959275427],[-0.116456872259616,51.4780240566717],[-0.116852156783165,51.4775943593057],[-0.117043619142203,51.4773875357854],[-0.118049871437879,51.4765083461408],[-0.119013942746124,51.47564626679],[-0.119651415206631,51.4750126441102],[-0.120009899460936,51.4746867867256],[-0.121403283123291,51.4746335701055],[-0.121668517458445,51.47462343968],[-0.12218281811025,51.4746037904102],[-0.12274660608856,51.4746285006771],[-0.123516584503,51.4748319146546],[-0.123499450912469,51.4745718194888],[-0.124372988736773,51.4736924318074],[-0.125131266958637,51.473697133863],[-0.12677033275484,51.4745933343845],[-0.127774805582419,51.473552044635],[-0.126340715512649,51.4727312096026],[-0.127649240728999,51.4724275471152],[-0.127974741077366,51.4717843901806],[-0.128624231621587,51.4716900377128],[-0.129364867430778,51.4724886693797],[-0.129082320467192,51.4737176828714],[-0.13066767284012,51.4745356828331],[-0.131162110013661,51.4744421355054],[-0.131413625787554,51.4746421928083],[-0.131860198793671,51.4749872524585],[-0.131672019267088,51.4751677677215],[-0.130863379925993,51.4759650123324],[-0.129612438524148,51.4776915584993],[-0.129276641465144,51.4782359379211],[-0.129018159522294,51.478673555285],[-0.128999964991362,51.4787033805169],[-0.128652892747757,51.479246832761],[-0.126043043264971,51.4792706980239],[-0.126003945414224,51.4795218678183],[-0.128386819111212,51.4797127938502],[-0.128108270240598,51.4801849633671],[-0.128049989158463,51.4802971697065],[-0.127752459390216,51.4810473096508],[-0.127652379505264,51.4814186724626],[-0.126585766834544,51.4814918225481],[-0.126222470947592,51.4808721728673]]]},"properties":{"FID":591,"MSOA21CD":"E02000623","MSOA21NM":"Lambeth 006","MSOA21NMW":" ","BNG_E":530292,"BNG_N":176955,"LAT":51.47656,"LONG":-0.12525,"Shape__Area":458136.07355499268,"Shape__Length":5041.9743173239058,"GlobalID":"00e05378-5d3f-44d6-996a-5f30d3a1493a"}},{"type":"Feature","id":592,"geometry":{"type":"Polygon","coordinates":[[[-0.109877117089857,51.4789569125727],[-0.110515793924746,51.4779089477336],[-0.109919414327239,51.4780344679974],[-0.109533392095862,51.4777970433505],[-0.109615376524953,51.4772024195252],[-0.10961182506702,51.4762015387935],[-0.107480443475849,51.4767098681356],[-0.107310819540884,51.4763865732306],[-0.106377364749192,51.4763199243196],[-0.106713033626276,51.4773134797695],[-0.106248245547798,51.4773519991277],[-0.106038381009634,51.4770423274829],[-0.105448119715441,51.4763480344661],[-0.105324908827576,51.4761928890842],[-0.105030696884704,51.4758474105457],[-0.105300542375279,51.4759452861008],[-0.105774303028483,51.4754804680474],[-0.104436224420794,51.4745721522732],[-0.105204400835042,51.4741080321964],[-0.106637091909285,51.4742198175258],[-0.107595912550354,51.4730494490215],[-0.107667628902854,51.4729497383366],[-0.108861000999328,51.472726551232],[-0.109567720878651,51.4726116290541],[-0.111262565447464,51.4724804832585],[-0.111297229001032,51.4728940780651],[-0.112172926954246,51.472647949685],[-0.112177160920379,51.4723917789776],[-0.111641389538006,51.47085804582],[-0.111994548158762,51.4704700588274],[-0.112517169480063,51.4704367840402],[-0.112543366486771,51.4707316098564],[-0.114575149903829,51.470548280564],[-0.115831321204177,51.4703410974892],[-0.116330677753142,51.4702087639409],[-0.116349349065267,51.4702317327627],[-0.116771219216295,51.4718471161535],[-0.116804190727633,51.4728919770884],[-0.119373470157624,51.4742862989577],[-0.120009899460936,51.4746867867256],[-0.119651415206631,51.4750126441102],[-0.119013942746124,51.47564626679],[-0.118049871437879,51.4765083461408],[-0.117043619142203,51.4773875357854],[-0.116852156783165,51.4775943593057],[-0.116456872259616,51.4780240566717],[-0.115471020515716,51.4781999952576],[-0.114695119951735,51.4782560026241],[-0.112674230340791,51.4784120711284],[-0.112474754060917,51.4784281407785],[-0.112068225627832,51.4784607416182],[-0.111823989442686,51.4790632578288],[-0.11166437653511,51.4796009860723],[-0.110096694533066,51.4795221302731],[-0.109877117089857,51.4789569125727]]]},"properties":{"FID":592,"MSOA21CD":"E02000624","MSOA21NM":"Lambeth 007","MSOA21NMW":" ","BNG_E":531200,"BNG_N":176791,"LAT":51.47488,"LONG":-0.11224,"Shape__Area":574530.20822906494,"Shape__Length":4152.9105658020253,"GlobalID":"ceb711c5-d622-4b59-abdb-78ab329dd12a"}},{"type":"Feature","id":593,"geometry":{"type":"Polygon","coordinates":[[[-0.131413625787554,51.4746421928083],[-0.131162110013661,51.4744421355054],[-0.13066767284012,51.4745356828331],[-0.129082320467192,51.4737176828714],[-0.129364867430778,51.4724886693797],[-0.128624231621587,51.4716900377128],[-0.127974741077366,51.4717843901806],[-0.127649240728999,51.4724275471152],[-0.126340715512649,51.4727312096026],[-0.127774805582419,51.473552044635],[-0.12677033275484,51.4745933343845],[-0.125131266958637,51.473697133863],[-0.124372988736773,51.4736924318074],[-0.123499450912469,51.4745718194888],[-0.123516584503,51.4748319146546],[-0.12274660608856,51.4746285006771],[-0.12218281811025,51.4746037904102],[-0.121668517458445,51.47462343968],[-0.121403283123291,51.4746335701055],[-0.120009899460936,51.4746867867256],[-0.119373470157624,51.4742862989577],[-0.12035507276031,51.4730646620478],[-0.119980333686081,51.4727885321491],[-0.121227375516845,51.4726598791555],[-0.121776847082536,51.4728686160353],[-0.122480600728509,51.4723792816349],[-0.122355727523267,51.4722971932923],[-0.123310109551717,51.4715604045805],[-0.123505152624399,51.4713572698377],[-0.124719483261893,51.4702985549009],[-0.124981285734665,51.470072816679],[-0.125518881534527,51.4696915702197],[-0.126339973588196,51.4699342676658],[-0.126528192175651,51.4700191912196],[-0.127381365641844,51.469666914793],[-0.127989026447878,51.4700752991704],[-0.128168585628586,51.4692058758836],[-0.128799483592323,51.4692699017136],[-0.130180832307577,51.469291937534],[-0.131115754541681,51.4693158352092],[-0.132786492481547,51.4700954446692],[-0.133227258512358,51.4698198949692],[-0.133283148447013,51.4697868428117],[-0.134230027068811,51.4692125462841],[-0.136043185562021,51.4685309707522],[-0.136334204807676,51.4688937024363],[-0.137093597459133,51.4687589820555],[-0.137167444334744,51.4688428697855],[-0.138632485038426,51.4702940799456],[-0.13883472699796,51.470494202441],[-0.139519161243391,51.4710913583231],[-0.139841246080031,51.471324050761],[-0.139340260999047,51.4715441689005],[-0.139557127666431,51.4717201789959],[-0.138846597679628,51.4718218516361],[-0.136890835471128,51.4731281287285],[-0.136495062175194,51.4728717360014],[-0.135510672156065,51.4727629944089],[-0.134770014368816,51.4732772071605],[-0.134327022346641,51.4739590787593],[-0.134875597597948,51.4742038268312],[-0.134705637425933,51.4749378651542],[-0.134027810803727,51.4752318963787],[-0.133955883610639,51.4756376571347],[-0.133201284435805,51.4754657337821],[-0.131860198793671,51.4749872524585],[-0.131413625787554,51.4746421928083]]]},"properties":{"FID":593,"MSOA21CD":"E02000625","MSOA21NM":"Lambeth 008","MSOA21NMW":" ","BNG_E":529728,"BNG_N":176440,"LAT":51.47206,"LONG":-0.13355,"Shape__Area":557434.80397796631,"Shape__Length":4791.0593549568312,"GlobalID":"b15720a4-f4ef-477d-9d40-fbd7027f8086"}},{"type":"Feature","id":594,"geometry":{"type":"Polygon","coordinates":[[[-0.100499291589673,51.4741608070587],[-0.0993520304715134,51.4726232134224],[-0.0992984759470282,51.4724808809598],[-0.0969546894257489,51.4705823132742],[-0.096006732910786,51.4699058020774],[-0.0964400618869484,51.4696884311443],[-0.0971838136584679,51.4700046837608],[-0.0971852359855133,51.469403878909],[-0.0975743597108717,51.4696099979429],[-0.0985781977043215,51.4703998309794],[-0.099135954474527,51.4701774659597],[-0.10015655135921,51.4697264953692],[-0.0997781991741425,51.4694220137853],[-0.0992094716395671,51.4689557439035],[-0.0985172536338793,51.4684561879993],[-0.0989652432176961,51.4678337064432],[-0.0988809192556876,51.4682787958956],[-0.0997507111539344,51.4684446944338],[-0.100972610992527,51.4688472741113],[-0.100861894307441,51.4694343022291],[-0.101206260844664,51.4696635417051],[-0.101868101258778,51.4694348276913],[-0.101895801275626,51.4693491791068],[-0.102076744211601,51.4687049039439],[-0.102245120472708,51.4673871645289],[-0.102915443122469,51.4663898840551],[-0.103140779035504,51.465780121116],[-0.102933300172759,51.4660068447515],[-0.103134676061749,51.4652693285778],[-0.104220767546236,51.4646681130708],[-0.106701936725283,51.4640129927823],[-0.108052415654011,51.4647193152104],[-0.107344256140997,51.4654812642649],[-0.107613954735397,51.4656389913987],[-0.107689825602935,51.4657211876288],[-0.106918341175855,51.4661295756184],[-0.106527639158622,51.4659501350055],[-0.105393334631058,51.4665084880973],[-0.105107450434125,51.4666501619583],[-0.105650728265772,51.4670905988132],[-0.106179485490866,51.4668383514276],[-0.106718044100954,51.4670448936679],[-0.107007437431528,51.4677060407164],[-0.10732108258617,51.4687912269906],[-0.107572963963796,51.4695765671254],[-0.107949386643872,51.4702460123165],[-0.107120559848075,51.470589402601],[-0.109156216319499,51.4707970723615],[-0.111395047843108,51.4705625060457],[-0.111994548158762,51.4704700588274],[-0.111641389538006,51.47085804582],[-0.112177160920379,51.4723917789776],[-0.112172926954246,51.472647949685],[-0.111297229001032,51.4728940780651],[-0.111262565447464,51.4724804832585],[-0.109567720878651,51.4726116290541],[-0.108861000999328,51.472726551232],[-0.107667628902854,51.4729497383366],[-0.107595912550354,51.4730494490215],[-0.106637091909285,51.4742198175258],[-0.105204400835042,51.4741080321964],[-0.104584110562164,51.4738765324271],[-0.104183416775021,51.4740093075303],[-0.103425345932287,51.473538415742],[-0.1028868004545,51.4740243066469],[-0.102304629292424,51.4738260369983],[-0.100827866316229,51.4740179496787],[-0.100499291589673,51.4741608070587]]]},"properties":{"FID":594,"MSOA21CD":"E02000626","MSOA21NM":"Lambeth 009","MSOA21NMW":" ","BNG_E":531775,"BNG_N":176182,"LAT":51.46927,"LONG":-0.10419,"Shape__Area":560914.81990814209,"Shape__Length":5158.2921099670439,"GlobalID":"d8930b4c-d8b2-4ec1-bcf0-bdf1ac05e27b"}},{"type":"Feature","id":595,"geometry":{"type":"Polygon","coordinates":[[[-0.116804190727633,51.4728919770884],[-0.116771219216295,51.4718471161535],[-0.116349349065267,51.4702317327627],[-0.116741485010489,51.4701438342544],[-0.11742424610222,51.4699682918272],[-0.118834073808574,51.4693555425574],[-0.119395538385849,51.4689566556966],[-0.118732279734334,51.4681445087843],[-0.118114427304559,51.4675425843536],[-0.118960593779455,51.4669362059153],[-0.119975406936076,51.4664219447261],[-0.120748160452456,51.4661544664523],[-0.121512874007735,51.465896059513],[-0.120292845442572,51.4641864183942],[-0.121213436652556,51.4640282125986],[-0.121154682250992,51.4636874253781],[-0.121738572880423,51.4636213232711],[-0.122420552086691,51.4635350627853],[-0.124025292679544,51.4633406946845],[-0.124947393687521,51.4633042472384],[-0.12611874150616,51.4633593067682],[-0.126375891407887,51.4633856252639],[-0.12767960447824,51.4636103171845],[-0.129355243978166,51.4641136047342],[-0.129373056934407,51.4643960085085],[-0.128262887070014,51.4644354385244],[-0.128308445491412,51.4654297808556],[-0.129032987298456,51.4653339092399],[-0.128622405243597,51.465704762977],[-0.12809362699338,51.4657870044625],[-0.12809163616456,51.4657811184146],[-0.126787203120826,51.4660183853183],[-0.126522480745754,51.4663538291027],[-0.125637464439543,51.4661159090396],[-0.124671820752168,51.4663683616341],[-0.125186234380816,51.4668788417854],[-0.125660540434337,51.4666534410816],[-0.125910713444715,51.4668137427801],[-0.1256699084007,51.4670221868992],[-0.125311889913309,51.4672336357409],[-0.12564184203526,51.4673989355438],[-0.126753966862182,51.4681305204795],[-0.125822187782579,51.4688856472506],[-0.126313125753508,51.4691582558258],[-0.125281325819801,51.469567684066],[-0.125518881534527,51.4696915702197],[-0.124981285734665,51.470072816679],[-0.124719483261893,51.4702985549009],[-0.123505152624399,51.4713572698377],[-0.123310109551717,51.4715604045805],[-0.122355727523267,51.4722971932923],[-0.122480600728509,51.4723792816349],[-0.121776847082536,51.4728686160353],[-0.121227375516845,51.4726598791555],[-0.119980333686081,51.4727885321491],[-0.12035507276031,51.4730646620478],[-0.119373470157624,51.4742862989577],[-0.116804190727633,51.4728919770884]]]},"properties":{"FID":595,"MSOA21CD":"E02000627","MSOA21NM":"Lambeth 010","MSOA21NMW":" ","BNG_E":530484,"BNG_N":175982,"LAT":51.46777,"LONG":-0.12284,"Shape__Area":528089.22688293457,"Shape__Length":4185.2042981955547,"GlobalID":"b19fa483-9462-408b-bc5b-0e1ffc80f92e"}},{"type":"Feature","id":596,"geometry":{"type":"Polygon","coordinates":[[[-0.107120559848075,51.470589402601],[-0.107949386643872,51.4702460123165],[-0.107572963963796,51.4695765671254],[-0.10732108258617,51.4687912269906],[-0.107007437431528,51.4677060407164],[-0.106718044100954,51.4670448936679],[-0.106179485490866,51.4668383514276],[-0.105650728265772,51.4670905988132],[-0.105107450434125,51.4666501619583],[-0.105393334631058,51.4665084880973],[-0.106527639158622,51.4659501350055],[-0.106918341175855,51.4661295756184],[-0.107689825602935,51.4657211876288],[-0.107613954735397,51.4656389913987],[-0.107344256140997,51.4654812642649],[-0.108052415654011,51.4647193152104],[-0.106701936725283,51.4640129927823],[-0.104220767546236,51.4646681130708],[-0.10322219076435,51.4648600558212],[-0.103390581997981,51.4646529645862],[-0.103420474076905,51.4646264697984],[-0.106889689270244,51.4632879722331],[-0.107219662591352,51.4637726763845],[-0.10796121046432,51.4637915829685],[-0.108889033917451,51.4636356936477],[-0.110161406209865,51.4634172956001],[-0.110484214548908,51.4633556656574],[-0.110298783512196,51.4630936651786],[-0.11072232554082,51.4630071200517],[-0.111271335741985,51.4628901511558],[-0.111647949963184,51.461914636009],[-0.111623284413063,51.4618987179064],[-0.11229868575309,51.461575911235],[-0.113012215208439,51.4616853998289],[-0.113937271073532,51.4615725932286],[-0.113969953446223,51.4613311543965],[-0.113296567262577,51.4614329958014],[-0.11343185007919,51.4608162259364],[-0.114434549881517,51.4608996465089],[-0.115023103900464,51.4608118479937],[-0.115346902232127,51.4613386375981],[-0.115651101963449,51.4612755722069],[-0.11529913591114,51.4621491347264],[-0.114809289675717,51.4632868901593],[-0.114774728450757,51.4633675652668],[-0.114571330482833,51.4638328531558],[-0.118136398271773,51.4642118542395],[-0.11824325312574,51.4646448187188],[-0.118414025762815,51.464907486951],[-0.116817763964855,51.465505015651],[-0.117322425589862,51.4662128242975],[-0.116925912103146,51.466346022784],[-0.117420948284297,51.4669115272056],[-0.118114427304559,51.4675425843536],[-0.118732279734334,51.4681445087843],[-0.119395538385849,51.4689566556966],[-0.118834073808574,51.4693555425574],[-0.11742424610222,51.4699682918272],[-0.116741485010489,51.4701438342544],[-0.116349349065267,51.4702317327627],[-0.116330677753142,51.4702087639409],[-0.115831321204177,51.4703410974892],[-0.114575149903829,51.470548280564],[-0.112543366486771,51.4707316098564],[-0.112517169480063,51.4704367840402],[-0.111994548158762,51.4704700588274],[-0.111395047843108,51.4705625060457],[-0.109156216319499,51.4707970723615],[-0.107120559848075,51.470589402601]]]},"properties":{"FID":596,"MSOA21CD":"E02000628","MSOA21NM":"Lambeth 011","MSOA21NMW":" ","BNG_E":531288,"BNG_N":175856,"LAT":51.46645,"LONG":-0.11132,"Shape__Area":654502.044708252,"Shape__Length":4829.1237182308851,"GlobalID":"5411996a-1180-450d-8b8a-d1564c2d0d6c"}},{"type":"Feature","id":597,"geometry":{"type":"Polygon","coordinates":[[[-0.138632485038426,51.4702940799456],[-0.137167444334744,51.4688428697855],[-0.137093597459133,51.4687589820555],[-0.136334204807676,51.4688937024363],[-0.136043185562021,51.4685309707522],[-0.134230027068811,51.4692125462841],[-0.133283148447013,51.4697868428117],[-0.133227258512358,51.4698198949692],[-0.132786492481547,51.4700954446692],[-0.131115754541681,51.4693158352092],[-0.130180832307577,51.469291937534],[-0.128799483592323,51.4692699017136],[-0.128168585628586,51.4692058758836],[-0.127989026447878,51.4700752991704],[-0.127381365641844,51.469666914793],[-0.126528192175651,51.4700191912196],[-0.126339973588196,51.4699342676658],[-0.125518881534527,51.4696915702197],[-0.125281325819801,51.469567684066],[-0.126313125753508,51.4691582558258],[-0.125822187782579,51.4688856472506],[-0.126753966862182,51.4681305204795],[-0.12564184203526,51.4673989355438],[-0.125311889913309,51.4672336357409],[-0.1256699084007,51.4670221868992],[-0.125910713444715,51.4668137427801],[-0.125660540434337,51.4666534410816],[-0.125186234380816,51.4668788417854],[-0.124671820752168,51.4663683616341],[-0.125637464439543,51.4661159090396],[-0.126522480745754,51.4663538291027],[-0.126787203120826,51.4660183853183],[-0.12809163616456,51.4657811184146],[-0.12809362699338,51.4657870044625],[-0.128622405243597,51.465704762977],[-0.129032987298456,51.4653339092399],[-0.128308445491412,51.4654297808556],[-0.128262887070014,51.4644354385244],[-0.129373056934407,51.4643960085085],[-0.129355243978166,51.4641136047342],[-0.130613537700656,51.4646838672949],[-0.13071795999715,51.4647378410405],[-0.130882602153867,51.4646063055435],[-0.131317123231764,51.4643592691094],[-0.132311106620443,51.4639313452093],[-0.13265313882719,51.4637807612359],[-0.134026339327836,51.4631872735777],[-0.133524827975386,51.4626445844178],[-0.133520747217422,51.4621478887819],[-0.135080452608706,51.4623573848392],[-0.135445126435183,51.4627121907795],[-0.136130830384324,51.462489283203],[-0.136748616172925,51.4632275096119],[-0.136894230644511,51.4634851797178],[-0.135829889024737,51.4637443561887],[-0.13603692302205,51.4640884883057],[-0.136723412634887,51.4639248873609],[-0.136799960374911,51.4643327078935],[-0.135874839023844,51.464601588025],[-0.135605217552517,51.4648930975765],[-0.136787498447807,51.4648489775638],[-0.137333803677566,51.4646166264471],[-0.137867241611335,51.46528404682],[-0.138040748804515,51.4655054411407],[-0.138671980870405,51.4663463323748],[-0.139586966807818,51.4660063529938],[-0.140510177259656,51.4660426119402],[-0.141359630706097,51.4660368300049],[-0.141792265795384,51.4666023115053],[-0.141261165952944,51.4669750031929],[-0.141706234788996,51.4675206101906],[-0.14227120920088,51.467480462454],[-0.142658238386688,51.468015874667],[-0.142223114650357,51.4681297801308],[-0.142903300430109,51.4683714015594],[-0.143121804608281,51.4686612637899],[-0.142229851944423,51.4689978496593],[-0.142828081098632,51.4702541763077],[-0.142652483493839,51.470065368422],[-0.141472256642946,51.4706792705853],[-0.141740552957325,51.4708944724333],[-0.140389029434128,51.4715589306004],[-0.139841246080031,51.471324050761],[-0.139519161243391,51.4710913583231],[-0.13883472699796,51.470494202441],[-0.138632485038426,51.4702940799456]]]},"properties":{"FID":597,"MSOA21CD":"E02000629","MSOA21NM":"Lambeth 012","MSOA21NMW":" ","BNG_E":529774,"BNG_N":175852,"LAT":51.46677,"LONG":-0.13311,"Shape__Area":638036.94889831543,"Shape__Length":5318.33831545877,"GlobalID":"e86b9cc6-0100-4702-a5d9-16c5e9abb927"}},{"type":"Feature","id":598,"geometry":{"type":"Polygon","coordinates":[[[-0.142658238386688,51.468015874667],[-0.14227120920088,51.467480462454],[-0.141706234788996,51.4675206101906],[-0.141261165952944,51.4669750031929],[-0.141792265795384,51.4666023115053],[-0.141359630706097,51.4660368300049],[-0.140510177259656,51.4660426119402],[-0.139586966807818,51.4660063529938],[-0.138671980870405,51.4663463323748],[-0.138040748804515,51.4655054411407],[-0.137867241611335,51.46528404682],[-0.137333803677566,51.4646166264471],[-0.137018074078654,51.4636814164139],[-0.138394617761243,51.463100275558],[-0.138244860921506,51.4628817676787],[-0.137933863407826,51.4624722843501],[-0.138547690744401,51.4624903582122],[-0.138096182029901,51.4619533494126],[-0.137668799489627,51.4619849786152],[-0.138840977022223,51.4612359577115],[-0.14209475787607,51.4612119765812],[-0.143401952062645,51.4612316145621],[-0.147235014124482,51.4613072828807],[-0.149647663052587,51.4612451917297],[-0.149677990052195,51.4613251780275],[-0.149889899839034,51.4616845683426],[-0.150590930247671,51.4626178428422],[-0.15071350437231,51.46288183111],[-0.150983142120946,51.4643354978365],[-0.151026112034678,51.4646308232852],[-0.15120602133609,51.4658855000675],[-0.150600261244497,51.4659590845609],[-0.150532596904432,51.4662953946256],[-0.150554635303204,51.4664964761776],[-0.150592591549954,51.4676156690902],[-0.150178809896739,51.4677339801033],[-0.149924794634053,51.4678267785852],[-0.148700948991153,51.4682964746134],[-0.147820464227231,51.4686463376374],[-0.146864957553136,51.4690263281266],[-0.145577250792672,51.4695364656141],[-0.143075178670345,51.4705203154929],[-0.142828081098632,51.4702541763077],[-0.142229851944423,51.4689978496593],[-0.143121804608281,51.4686612637899],[-0.142903300430109,51.4683714015594],[-0.142223114650357,51.4681297801308],[-0.142658238386688,51.468015874667]]]},"properties":{"FID":598,"MSOA21CD":"E02000630","MSOA21NM":"Lambeth 013","MSOA21NMW":" ","BNG_E":529015,"BNG_N":175717,"LAT":51.46573,"LONG":-0.14408,"Shape__Area":678102.12543487549,"Shape__Length":3765.6458963961745,"GlobalID":"c432527d-cdf0-421b-b5c7-d7eff3154ecd"}},{"type":"Feature","id":599,"geometry":{"type":"Polygon","coordinates":[[[-0.0928907695970963,51.4706618331028],[-0.0922756693024818,51.4691400230761],[-0.091119622473161,51.4676142236213],[-0.0900451391844691,51.466086630627],[-0.0903248563120886,51.4646733519637],[-0.0903322012970871,51.4646403185865],[-0.0911674077165225,51.4624613623932],[-0.0920369123737747,51.4613159393797],[-0.0921877015330794,51.4611206925477],[-0.0923451863605031,51.4609961538384],[-0.0950946036537349,51.4584958182103],[-0.095457567535899,51.4579161861499],[-0.0963900922506393,51.4570018982578],[-0.0974502641352781,51.4562379243746],[-0.10000889479757,51.4547756975719],[-0.101010459894583,51.4540054359232],[-0.101518588875378,51.4543576903219],[-0.101020973661474,51.4546438824462],[-0.0996416075345749,51.455691202879],[-0.102046461420236,51.4571577051831],[-0.102450170508926,51.4569851314481],[-0.102126486862496,51.4565803695038],[-0.102901117642384,51.457038965762],[-0.103248702830259,51.4568173285817],[-0.102322863150586,51.4589147362082],[-0.103302268592721,51.4590434228152],[-0.103110879881063,51.4595691687421],[-0.10197751485167,51.4630286551636],[-0.101881656467226,51.4640722501377],[-0.102200986823776,51.466554712688],[-0.102245120472708,51.4673871645289],[-0.102076744211601,51.4687049039439],[-0.101895801275626,51.4693491791068],[-0.101868101258778,51.4694348276913],[-0.101206260844664,51.4696635417051],[-0.100861894307441,51.4694343022291],[-0.100972610992527,51.4688472741113],[-0.0997507111539344,51.4684446944338],[-0.0988809192556876,51.4682787958956],[-0.0989652432176961,51.4678337064432],[-0.0985172536338793,51.4684561879993],[-0.0992094716395671,51.4689557439035],[-0.0997781991741425,51.4694220137853],[-0.10015655135921,51.4697264953692],[-0.099135954474527,51.4701774659597],[-0.0985781977043215,51.4703998309794],[-0.0975743597108717,51.4696099979429],[-0.0971852359855133,51.469403878909],[-0.0971838136584679,51.4700046837608],[-0.0964400618869484,51.4696884311443],[-0.096006732910786,51.4699058020774],[-0.0940741732619715,51.4707481347093],[-0.0938887783706171,51.4711039333835],[-0.0935984691521853,51.4717678910007],[-0.0929978104458015,51.4720148379097],[-0.0929946164663931,51.4719695340698],[-0.0928907695970963,51.4706618331028]]]},"properties":{"FID":599,"MSOA21CD":"E02000631","MSOA21NM":"Lambeth 014","MSOA21NMW":" ","BNG_E":532316,"BNG_N":175516,"LAT":51.46316,"LONG":-0.09666,"Shape__Area":1068529.7216262817,"Shape__Length":5840.9612451213379,"GlobalID":"32e3e33f-c615-46f3-a816-984ce0e9a64b"}},{"type":"Feature","id":600,"geometry":{"type":"Polygon","coordinates":[[[-0.114571330482833,51.4638328531558],[-0.114774728450757,51.4633675652668],[-0.117375060732702,51.4638104650103],[-0.119917895858181,51.4631467811697],[-0.120078043394982,51.4631534051278],[-0.120770019204291,51.4629354536799],[-0.121254550857865,51.4628374468453],[-0.120707855596489,51.4615213061442],[-0.121879499408687,51.4613019731023],[-0.12125593629208,51.4598286233811],[-0.123133827426358,51.4596207316521],[-0.124862963559351,51.4595956903756],[-0.12487878935502,51.4592796595076],[-0.124414402842512,51.4589599382623],[-0.124827971052037,51.458620602945],[-0.124794069322324,51.4580908883928],[-0.123207855752468,51.4581367501788],[-0.12296942491305,51.4576611066179],[-0.124318316424213,51.4575966980445],[-0.12459885962288,51.4560174247031],[-0.125029135672921,51.4560404329683],[-0.125407327088974,51.4560203899042],[-0.125420998417422,51.4560225734941],[-0.127968008803582,51.4556392732734],[-0.12788806255928,51.4551455960641],[-0.127824292064563,51.4548607019732],[-0.129478629729421,51.4544571809188],[-0.129339098054985,51.455047391409],[-0.129286257853635,51.4553950795866],[-0.12895993023118,51.4578518430777],[-0.128940553615457,51.4582471082872],[-0.129153619800327,51.459704456967],[-0.128735741321721,51.4597121390428],[-0.127485381312923,51.4597282862842],[-0.127995471120617,51.4609657581245],[-0.126231471120966,51.4613063037203],[-0.125421047008762,51.4614102523796],[-0.125691727414933,51.4621475521006],[-0.126435503230219,51.4620497662031],[-0.126347477735462,51.4616476518688],[-0.128903651905359,51.4618321477177],[-0.129334947434195,51.4620789387882],[-0.129342515591254,51.4624120636139],[-0.12993623293123,51.4625295171167],[-0.1298837964691,51.4629137218112],[-0.130557018477597,51.4631994654222],[-0.130822855205473,51.4625330008213],[-0.130912144522627,51.4622071347117],[-0.130527953388428,51.4618515157175],[-0.129782966355516,51.4620511414717],[-0.129636203467383,51.461796293396],[-0.131028337687234,51.4614017654371],[-0.131395717945717,51.4616261090481],[-0.131789625861031,51.461276098044],[-0.133520747217422,51.4621478887819],[-0.133524827975386,51.4626445844178],[-0.134026339327836,51.4631872735777],[-0.13265313882719,51.4637807612359],[-0.132311106620443,51.4639313452093],[-0.131317123231764,51.4643592691094],[-0.130882602153867,51.4646063055435],[-0.13071795999715,51.4647378410405],[-0.130613537700656,51.4646838672949],[-0.129355243978166,51.4641136047342],[-0.12767960447824,51.4636103171845],[-0.126375891407887,51.4633856252639],[-0.12611874150616,51.4633593067682],[-0.124947393687521,51.4633042472384],[-0.124025292679544,51.4633406946845],[-0.122420552086691,51.4635350627853],[-0.121738572880423,51.4636213232711],[-0.121154682250992,51.4636874253781],[-0.121213436652556,51.4640282125986],[-0.120292845442572,51.4641864183942],[-0.121512874007735,51.465896059513],[-0.120748160452456,51.4661544664523],[-0.119975406936076,51.4664219447261],[-0.118960593779455,51.4669362059153],[-0.118114427304559,51.4675425843536],[-0.117420948284297,51.4669115272056],[-0.116925912103146,51.466346022784],[-0.117322425589862,51.4662128242975],[-0.116817763964855,51.465505015651],[-0.118414025762815,51.464907486951],[-0.11824325312574,51.4646448187188],[-0.118136398271773,51.4642118542395],[-0.114571330482833,51.4638328531558]]]},"properties":{"FID":600,"MSOA21CD":"E02000632","MSOA21NM":"Lambeth 015","MSOA21NMW":" ","BNG_E":530394,"BNG_N":175275,"LAT":51.46144,"LONG":-0.1244,"Shape__Area":528325.48419189453,"Shape__Length":6941.23906355042,"GlobalID":"28e6c82f-3007-4a59-9307-9cdc4877eb81"}},{"type":"Feature","id":601,"geometry":{"type":"Polygon","coordinates":[[[-0.114809289675717,51.4632868901593],[-0.11529913591114,51.4621491347264],[-0.115651101963449,51.4612755722069],[-0.115346902232127,51.4613386375981],[-0.115023103900464,51.4608118479937],[-0.114434549881517,51.4608996465089],[-0.11343185007919,51.4608162259364],[-0.113296567262577,51.4614329958014],[-0.113969953446223,51.4613311543965],[-0.113937271073532,51.4615725932286],[-0.113012215208439,51.4616853998289],[-0.11229868575309,51.461575911235],[-0.111623284413063,51.4618987179064],[-0.111647949963184,51.461914636009],[-0.110180083088259,51.4624046439156],[-0.109387823407182,51.4626153855181],[-0.108283925224141,51.4626442548346],[-0.10811958948189,51.4623275011175],[-0.106873821276268,51.4626076374619],[-0.106813806314723,51.4620345447274],[-0.10601411367897,51.4618459224441],[-0.106419788294188,51.4616675491281],[-0.105602587067876,51.4609225335715],[-0.105845921017028,51.4605847661529],[-0.106255364545456,51.46091749876],[-0.106872197298291,51.4606693594274],[-0.106048405708112,51.4600078573466],[-0.106501915297842,51.4594596446397],[-0.107199717948277,51.4590073188325],[-0.107721596970567,51.4594152617809],[-0.108663129166411,51.4590007475864],[-0.109003116732364,51.4592200652918],[-0.109467089661515,51.4588391151084],[-0.110681058048652,51.4602484687146],[-0.111214674649407,51.4601258828019],[-0.111088541956131,51.4598761968911],[-0.112744083134832,51.4595251707217],[-0.112878084399725,51.4598048645293],[-0.114469561050276,51.4594906063418],[-0.1144351168133,51.4592843957915],[-0.114126817576589,51.4587939494841],[-0.112648816909724,51.4592043829054],[-0.111884140233623,51.4583872172164],[-0.111388896999923,51.4578306745965],[-0.111959404313632,51.4579362838772],[-0.112118561732696,51.4575729090242],[-0.112655141635292,51.457605452905],[-0.112054238177126,51.4569084070173],[-0.113387597329866,51.4569106172136],[-0.113442391256344,51.4563337730009],[-0.114146687305069,51.4562140608008],[-0.113951197010555,51.4557992365316],[-0.113717132212016,51.4552262770824],[-0.114039600654381,51.4552356919227],[-0.11467485293362,51.4552931132366],[-0.115277301885883,51.4553393110631],[-0.116409191202881,51.4554204591853],[-0.116512345038688,51.4550649579859],[-0.117819463459545,51.4550242231434],[-0.118199852880845,51.4552962453311],[-0.118893156041635,51.4551176490919],[-0.118863588263175,51.4548739995592],[-0.119368296578629,51.4550807220801],[-0.119287389317055,51.4552272585894],[-0.118221359022482,51.4570773579078],[-0.118082804437639,51.4573164464332],[-0.118808808432467,51.457493439945],[-0.119359776074904,51.4566685844496],[-0.119622369302626,51.4572806312603],[-0.120725615497238,51.4576120580287],[-0.120525443476451,51.4579136498994],[-0.121437492439953,51.4581540457132],[-0.122423394149761,51.4576312548042],[-0.122521906641111,51.4569843705077],[-0.122934627318289,51.4570162148105],[-0.12296942491305,51.4576611066179],[-0.123207855752468,51.4581367501788],[-0.124794069322324,51.4580908883928],[-0.124827971052037,51.458620602945],[-0.124414402842512,51.4589599382623],[-0.12487878935502,51.4592796595076],[-0.124862963559351,51.4595956903756],[-0.123133827426358,51.4596207316521],[-0.12125593629208,51.4598286233811],[-0.121879499408687,51.4613019731023],[-0.120707855596489,51.4615213061442],[-0.121254550857865,51.4628374468453],[-0.120770019204291,51.4629354536799],[-0.120078043394982,51.4631534051278],[-0.119917895858181,51.4631467811697],[-0.117375060732702,51.4638104650103],[-0.114774728450757,51.4633675652668],[-0.114809289675717,51.4632868901593]]]},"properties":{"FID":601,"MSOA21CD":"E02000633","MSOA21NM":"Lambeth 016","MSOA21NMW":" ","BNG_E":530729,"BNG_N":175053,"LAT":51.45937,"LONG":-0.11966,"Shape__Area":631458.19041442871,"Shape__Length":6328.3296256947961,"GlobalID":"b60f1159-1c62-4ac2-9899-95eba85db19c"}},{"type":"Feature","id":602,"geometry":{"type":"Polygon","coordinates":[[[-0.136799960374911,51.4643327078935],[-0.136723412634887,51.4639248873609],[-0.13603692302205,51.4640884883057],[-0.135829889024737,51.4637443561887],[-0.136894230644511,51.4634851797178],[-0.136748616172925,51.4632275096119],[-0.136130830384324,51.462489283203],[-0.135445126435183,51.4627121907795],[-0.135080452608706,51.4623573848392],[-0.133520747217422,51.4621478887819],[-0.131789625861031,51.461276098044],[-0.131395717945717,51.4616261090481],[-0.131028337687234,51.4614017654371],[-0.129636203467383,51.461796293396],[-0.129782966355516,51.4620511414717],[-0.130527953388428,51.4618515157175],[-0.130912144522627,51.4622071347117],[-0.130822855205473,51.4625330008213],[-0.130557018477597,51.4631994654222],[-0.1298837964691,51.4629137218112],[-0.12993623293123,51.4625295171167],[-0.129342515591254,51.4624120636139],[-0.129334947434195,51.4620789387882],[-0.128903651905359,51.4618321477177],[-0.126347477735462,51.4616476518688],[-0.126435503230219,51.4620497662031],[-0.125691727414933,51.4621475521006],[-0.125421047008762,51.4614102523796],[-0.126231471120966,51.4613063037203],[-0.127995471120617,51.4609657581245],[-0.127485381312923,51.4597282862842],[-0.128735741321721,51.4597121390428],[-0.129153619800327,51.459704456967],[-0.128940553615457,51.4582471082872],[-0.12895993023118,51.4578518430777],[-0.129286257853635,51.4553950795866],[-0.129339098054985,51.455047391409],[-0.131728047718415,51.4539778642905],[-0.132595490400156,51.4535623830717],[-0.132980404047093,51.4543661027035],[-0.132070662155246,51.4546139978749],[-0.132082135968647,51.4547197649246],[-0.132226985852861,51.4550032235522],[-0.131867501602263,51.455051540653],[-0.132517107783977,51.4554879529141],[-0.132415817806066,51.4559183517518],[-0.132972900620887,51.4562517404009],[-0.132646996929592,51.4564625098222],[-0.132031321100744,51.4562841744674],[-0.132630695334326,51.45767851331],[-0.133840283963237,51.4587431241115],[-0.134058370399569,51.4585894655596],[-0.134717353744936,51.4589325149983],[-0.135476284583943,51.4580727438059],[-0.136616532764412,51.4587896504034],[-0.136956999165748,51.4586000756545],[-0.13795171281476,51.4588709076777],[-0.137662817397987,51.4582170785029],[-0.1384146998,51.4576983751372],[-0.138995114567571,51.4573686439419],[-0.139710524859355,51.457996720443],[-0.140536809982135,51.4584256798182],[-0.142638795649808,51.4580289924999],[-0.141479285892151,51.4595031025712],[-0.143401952062645,51.4612316145621],[-0.14209475787607,51.4612119765812],[-0.138840977022223,51.4612359577115],[-0.137668799489627,51.4619849786152],[-0.138096182029901,51.4619533494126],[-0.138547690744401,51.4624903582122],[-0.137933863407826,51.4624722843501],[-0.138244860921506,51.4628817676787],[-0.138394617761243,51.463100275558],[-0.137018074078654,51.4636814164139],[-0.137333803677566,51.4646166264471],[-0.136787498447807,51.4648489775638],[-0.135605217552517,51.4648930975765],[-0.135874839023844,51.464601588025],[-0.136799960374911,51.4643327078935]]]},"properties":{"FID":602,"MSOA21CD":"E02000634","MSOA21NM":"Lambeth 017","MSOA21NMW":" ","BNG_E":529642,"BNG_N":175012,"LAT":51.45925,"LONG":-0.13531,"Shape__Area":525190.34753417969,"Shape__Length":6212.3636826577831,"GlobalID":"998ab9b9-e9ab-4192-89a2-23767fff2c8c"}},{"type":"Feature","id":603,"geometry":{"type":"Polygon","coordinates":[[[-0.102200986823776,51.466554712688],[-0.101881656467226,51.4640722501377],[-0.10197751485167,51.4630286551636],[-0.103110879881063,51.4595691687421],[-0.103302268592721,51.4590434228152],[-0.102322863150586,51.4589147362082],[-0.103248702830259,51.4568173285817],[-0.102901117642384,51.457038965762],[-0.102126486862496,51.4565803695038],[-0.102450170508926,51.4569851314481],[-0.102046461420236,51.4571577051831],[-0.0996416075345749,51.455691202879],[-0.101020973661474,51.4546438824462],[-0.101518588875378,51.4543576903219],[-0.101010459894583,51.4540054359232],[-0.101157440313651,51.4528134544195],[-0.10144054233986,51.4521105346252],[-0.100736717991466,51.4503117914862],[-0.102274428870789,51.4484461362144],[-0.104588358330845,51.4468266315189],[-0.107447871710454,51.4463260157432],[-0.110046356399889,51.4457680414334],[-0.110708330472805,51.4469230381366],[-0.111580669529846,51.4487317833366],[-0.111150222330836,51.4500557505784],[-0.111881598299733,51.4510104901624],[-0.112425278218988,51.4519059244975],[-0.112403218300341,51.4523903495785],[-0.111959179961298,51.4523818798178],[-0.111292901109583,51.452468400809],[-0.110936684852099,51.452679485416],[-0.111638103460364,51.4549093971376],[-0.111868571948257,51.4553631272583],[-0.112805354117578,51.4552357253173],[-0.113717132212016,51.4552262770824],[-0.113951197010555,51.4557992365316],[-0.114146687305069,51.4562140608008],[-0.113442391256344,51.4563337730009],[-0.113387597329866,51.4569106172136],[-0.112054238177126,51.4569084070173],[-0.112655141635292,51.457605452905],[-0.112118561732696,51.4575729090242],[-0.111959404313632,51.4579362838772],[-0.111388896999923,51.4578306745965],[-0.111884140233623,51.4583872172164],[-0.112648816909724,51.4592043829054],[-0.114126817576589,51.4587939494841],[-0.1144351168133,51.4592843957915],[-0.114469561050276,51.4594906063418],[-0.112878084399725,51.4598048645293],[-0.112744083134832,51.4595251707217],[-0.111088541956131,51.4598761968911],[-0.111214674649407,51.4601258828019],[-0.110681058048652,51.4602484687146],[-0.109467089661515,51.4588391151084],[-0.109003116732364,51.4592200652918],[-0.108663129166411,51.4590007475864],[-0.107721596970567,51.4594152617809],[-0.107199717948277,51.4590073188325],[-0.106501915297842,51.4594596446397],[-0.106048405708112,51.4600078573466],[-0.106872197298291,51.4606693594274],[-0.106255364545456,51.46091749876],[-0.105845921017028,51.4605847661529],[-0.105602587067876,51.4609225335715],[-0.106419788294188,51.4616675491281],[-0.10601411367897,51.4618459224441],[-0.106813806314723,51.4620345447274],[-0.106873821276268,51.4626076374619],[-0.10811958948189,51.4623275011175],[-0.108283925224141,51.4626442548346],[-0.109387823407182,51.4626153855181],[-0.110180083088259,51.4624046439156],[-0.111647949963184,51.461914636009],[-0.111271335741985,51.4628901511558],[-0.11072232554082,51.4630071200517],[-0.110298783512196,51.4630936651786],[-0.110484214548908,51.4633556656574],[-0.110161406209865,51.4634172956001],[-0.108889033917451,51.4636356936477],[-0.10796121046432,51.4637915829685],[-0.107219662591352,51.4637726763845],[-0.106889689270244,51.4632879722331],[-0.103420474076905,51.4646264697984],[-0.103390581997981,51.4646529645862],[-0.10322219076435,51.4648600558212],[-0.104220767546236,51.4646681130708],[-0.103134676061749,51.4652693285778],[-0.102933300172759,51.4660068447515],[-0.103140779035504,51.465780121116],[-0.102915443122469,51.4663898840551],[-0.102245120472708,51.4673871645289],[-0.102200986823776,51.466554712688]]]},"properties":{"FID":603,"MSOA21CD":"E02000635","MSOA21NM":"Lambeth 018","MSOA21NMW":" ","BNG_E":531610,"BNG_N":174342,"LAT":51.45277,"LONG":-0.10725,"Shape__Area":1232060.968132019,"Shape__Length":8490.3647552559014,"GlobalID":"08cebabc-00e6-4769-a6e6-7b506b4574c5"}},{"type":"Feature","id":604,"geometry":{"type":"Polygon","coordinates":[[[-0.141479285892151,51.4595031025712],[-0.142638795649808,51.4580289924999],[-0.140536809982135,51.4584256798182],[-0.139710524859355,51.457996720443],[-0.138995114567571,51.4573686439419],[-0.1384146998,51.4576983751372],[-0.137662817397987,51.4582170785029],[-0.13795171281476,51.4588709076777],[-0.136956999165748,51.4586000756545],[-0.136616532764412,51.4587896504034],[-0.135476284583943,51.4580727438059],[-0.134717353744936,51.4589325149983],[-0.134058370399569,51.4585894655596],[-0.133840283963237,51.4587431241115],[-0.132630695334326,51.45767851331],[-0.132031321100744,51.4562841744674],[-0.132646996929592,51.4564625098222],[-0.132972900620887,51.4562517404009],[-0.132415817806066,51.4559183517518],[-0.132517107783977,51.4554879529141],[-0.131867501602263,51.455051540653],[-0.132226985852861,51.4550032235522],[-0.132082135968647,51.4547197649246],[-0.132070662155246,51.4546139978749],[-0.132980404047093,51.4543661027035],[-0.132595490400156,51.4535623830717],[-0.133568795398619,51.452924890071],[-0.134560011600726,51.4520535585578],[-0.135533137646021,51.4511638025247],[-0.135896168202177,51.4508296717879],[-0.136576940632147,51.4501163296993],[-0.136955515782995,51.449578117322],[-0.138172745119119,51.4499046184382],[-0.138063469152375,51.4501699953699],[-0.137366423842168,51.4501108373388],[-0.137155886659961,51.4509446650138],[-0.138318126466305,51.4514884316484],[-0.137933298126527,51.4522576484256],[-0.138201191350052,51.4519501693293],[-0.13888894452916,51.4521373931387],[-0.139021876501069,51.4518477784184],[-0.140214302819234,51.4523270141051],[-0.139719459538912,51.4526517686338],[-0.140980016380267,51.4533307450392],[-0.140245991570667,51.4540385229568],[-0.140590535379536,51.4541847607319],[-0.142337437613181,51.4530256641731],[-0.142675279395762,51.4530706302469],[-0.143052949385361,51.4528944741144],[-0.143349691224536,51.4525939064481],[-0.142679989679145,51.4517233395239],[-0.142139292982423,51.451719483847],[-0.142303764658092,51.4509675644467],[-0.143792596216304,51.4512146076308],[-0.144243073962574,51.4513404404125],[-0.147153613394055,51.4521524662375],[-0.147721307640516,51.45231095965],[-0.147429110463976,51.4529549703654],[-0.148137662019384,51.4561128742342],[-0.148181968048503,51.4564032477968],[-0.149250526874397,51.4589453398358],[-0.149647663052587,51.4612451917297],[-0.147235014124482,51.4613072828807],[-0.143401952062645,51.4612316145621],[-0.141479285892151,51.4595031025712]]]},"properties":{"FID":604,"MSOA21CD":"E02000636","MSOA21NM":"Lambeth 019","MSOA21NMW":" ","BNG_E":529326,"BNG_N":174577,"LAT":51.45541,"LONG":-0.14002,"Shape__Area":921553.74324035645,"Shape__Length":5996.5346523718017,"GlobalID":"8d5970a6-985c-446e-ab00-9bb64181cc05"}},{"type":"Feature","id":605,"geometry":{"type":"Polygon","coordinates":[[[-0.119622369302626,51.4572806312603],[-0.119359776074904,51.4566685844496],[-0.118808808432467,51.457493439945],[-0.118082804437639,51.4573164464332],[-0.118221359022482,51.4570773579078],[-0.119287389317055,51.4552272585894],[-0.119368296578629,51.4550807220801],[-0.118863588263175,51.4548739995592],[-0.118893156041635,51.4551176490919],[-0.118199852880845,51.4552962453311],[-0.117819463459545,51.4550242231434],[-0.116512345038688,51.4550649579859],[-0.116409191202881,51.4554204591853],[-0.115277301885883,51.4553393110631],[-0.11467485293362,51.4552931132366],[-0.114039600654381,51.4552356919227],[-0.113717132212016,51.4552262770824],[-0.112805354117578,51.4552357253173],[-0.111868571948257,51.4553631272583],[-0.111638103460364,51.4549093971376],[-0.110936684852099,51.452679485416],[-0.111292901109583,51.452468400809],[-0.111959179961298,51.4523818798178],[-0.112403218300341,51.4523903495785],[-0.112721331054085,51.4528233666453],[-0.113413642549713,51.4527749635745],[-0.114070080695827,51.4532522037351],[-0.114297295959304,51.4524350213014],[-0.114813974628293,51.4529909437922],[-0.115245001506778,51.4529515458108],[-0.115308313266975,51.4528066517516],[-0.116011146495526,51.4511172069905],[-0.115601739050525,51.4508004955901],[-0.115763020725344,51.4505008757517],[-0.1149916097828,51.4496912007567],[-0.115025733533662,51.4494334933715],[-0.115475545534864,51.4494407279752],[-0.115880665551493,51.4491299120872],[-0.115192983059507,51.4485621606951],[-0.113716954507603,51.4486211447091],[-0.113015687432241,51.4485925252182],[-0.113099382257081,51.4474175462734],[-0.113652424144384,51.4473856901627],[-0.113744385157153,51.447651987175],[-0.115925302699223,51.4474279709146],[-0.115264004070651,51.4468953022231],[-0.116451369439484,51.4465873960743],[-0.11769310590352,51.4462237504589],[-0.117327399094258,51.4455075311153],[-0.117597831342645,51.4450714334252],[-0.117990584495195,51.4453329570186],[-0.118656337485513,51.4462843274756],[-0.119878577703689,51.4480338778773],[-0.120465157130662,51.4488562844458],[-0.120724788578516,51.4492176165548],[-0.120159183707449,51.4500531850023],[-0.122042391713939,51.4510015392046],[-0.121632797149692,51.4516645835464],[-0.121384943518743,51.4520404276915],[-0.121126079179793,51.4524334905487],[-0.12066375375142,51.4531733331508],[-0.12174821688131,51.4533022052832],[-0.122872722574788,51.4525822629002],[-0.123342489899289,51.4526038152117],[-0.1236085303846,51.4534847031606],[-0.122253887136732,51.4539542208583],[-0.12260172247322,51.4544604771779],[-0.122462149679836,51.4547169105053],[-0.120439838690366,51.4546194144345],[-0.12028918021581,51.4549498853526],[-0.122190549990548,51.4550324154791],[-0.125618145445565,51.4556091171945],[-0.125407327088974,51.4560203899042],[-0.125029135672921,51.4560404329683],[-0.12459885962288,51.4560174247031],[-0.124318316424213,51.4575966980445],[-0.12296942491305,51.4576611066179],[-0.122934627318289,51.4570162148105],[-0.122521906641111,51.4569843705077],[-0.122423394149761,51.4576312548042],[-0.121437492439953,51.4581540457132],[-0.120525443476451,51.4579136498994],[-0.120725615497238,51.4576120580287],[-0.119622369302626,51.4572806312603]]]},"properties":{"FID":605,"MSOA21CD":"E02000637","MSOA21NM":"Lambeth 020","MSOA21NMW":" ","BNG_E":530840,"BNG_N":174097,"LAT":51.45075,"LONG":-0.11842,"Shape__Area":588295.29374694824,"Shape__Length":6310.6831007663322,"GlobalID":"35d313a6-1754-4a17-8203-6a40536d9ebd"}},{"type":"Feature","id":606,"geometry":{"type":"Polygon","coordinates":[[[-0.12028918021581,51.4549498853526],[-0.120439838690366,51.4546194144345],[-0.122462149679836,51.4547169105053],[-0.12260172247322,51.4544604771779],[-0.122253887136732,51.4539542208583],[-0.1236085303846,51.4534847031606],[-0.123342489899289,51.4526038152117],[-0.122872722574788,51.4525822629002],[-0.12174821688131,51.4533022052832],[-0.12066375375142,51.4531733331508],[-0.121126079179793,51.4524334905487],[-0.121384943518743,51.4520404276915],[-0.121632797149692,51.4516645835464],[-0.122042391713939,51.4510015392046],[-0.120159183707449,51.4500531850023],[-0.120724788578516,51.4492176165548],[-0.120465157130662,51.4488562844458],[-0.119878577703689,51.4480338778773],[-0.118656337485513,51.4462843274756],[-0.117990584495195,51.4453329570186],[-0.117597831342645,51.4450714334252],[-0.117291199522582,51.4449380265055],[-0.117585289181613,51.4447198996855],[-0.118957055832589,51.443684236342],[-0.118965259504929,51.4436861666108],[-0.120433857167156,51.4440644294315],[-0.121081377694504,51.4441980704025],[-0.122590087590436,51.4446998987996],[-0.124335370659744,51.4451142352833],[-0.124492137228138,51.4451744191801],[-0.127512149376781,51.4464566550104],[-0.127850007299962,51.4466000984945],[-0.128506738578007,51.4468533042266],[-0.127305515331148,51.4474598190999],[-0.128437677825427,51.4485039952384],[-0.128466792449937,51.4485216598738],[-0.12884833810877,51.4493903372063],[-0.12898891094537,51.4497271409243],[-0.128996093983127,51.4497443599184],[-0.129393848935546,51.4505684340913],[-0.130757405104384,51.450763411034],[-0.130359568605009,51.4518756610882],[-0.130301187394788,51.4520459703052],[-0.130177610189053,51.4524032856507],[-0.130096599472164,51.452634960203],[-0.129654141987356,51.453923589335],[-0.129478629729421,51.4544571809188],[-0.127824292064563,51.4548607019732],[-0.12788806255928,51.4551455960641],[-0.127968008803582,51.4556392732734],[-0.125420998417422,51.4560225734941],[-0.125407327088974,51.4560203899042],[-0.125618145445565,51.4556091171945],[-0.122190549990548,51.4550324154791],[-0.12028918021581,51.4549498853526]]]},"properties":{"FID":606,"MSOA21CD":"E02000638","MSOA21NM":"Lambeth 021","MSOA21NMW":" ","BNG_E":530458,"BNG_N":174022,"LAT":51.45016,"LONG":-0.12394,"Shape__Area":683128.27732086182,"Shape__Length":4528.6890811928824,"GlobalID":"94b3dfb2-bfa5-4add-87c3-82c3e870472e"}},{"type":"Feature","id":607,"geometry":{"type":"Polygon","coordinates":[[[-0.12898891094537,51.4497271409243],[-0.12884833810877,51.4493903372063],[-0.128466792449937,51.4485216598738],[-0.128437677825427,51.4485039952384],[-0.127305515331148,51.4474598190999],[-0.128506738578007,51.4468533042266],[-0.127850007299962,51.4466000984945],[-0.127512149376781,51.4464566550104],[-0.124492137228138,51.4451744191801],[-0.124335370659744,51.4451142352833],[-0.122590087590436,51.4446998987996],[-0.121081377694504,51.4441980704025],[-0.120433857167156,51.4440644294315],[-0.118965259504929,51.4436861666108],[-0.119040237704017,51.4424706391745],[-0.119518517084216,51.4427724900387],[-0.120507939866195,51.4423216104083],[-0.121046546421,51.4429075529874],[-0.121949231604982,51.4430126550284],[-0.122411303224005,51.4436885693879],[-0.123579293030981,51.4438680356774],[-0.123979594025843,51.4434973315067],[-0.124701884234491,51.4437567630895],[-0.124867995566952,51.4431020552896],[-0.124586352915814,51.4427666117508],[-0.124009400390573,51.4430712251217],[-0.124159678506696,51.4432955650301],[-0.123570829624354,51.4432153717498],[-0.123622482273863,51.4427095880943],[-0.123736840747835,51.4421828121107],[-0.124623710784396,51.4422248435151],[-0.124637697637579,51.441883341201],[-0.125647399668821,51.4415832576129],[-0.126514810100226,51.4420834606084],[-0.126961772074282,51.4420554025409],[-0.126792232851639,51.4426821952274],[-0.128793004500754,51.4429801994688],[-0.129255278925433,51.4433482827332],[-0.130821489357663,51.4434385572673],[-0.132084738786621,51.4429996921001],[-0.132217261741709,51.4431409952836],[-0.130466497781068,51.4447185949447],[-0.131473216824959,51.4450344101394],[-0.131213183503438,51.4454823942544],[-0.13042905957178,51.4461301644208],[-0.131297558987914,51.4463580918337],[-0.131231935090055,51.4465731692096],[-0.131948439907029,51.4466535147458],[-0.131281269277847,51.447676690665],[-0.132085912155267,51.4477678542865],[-0.132972640963318,51.4472794685544],[-0.133753796812267,51.4480540691149],[-0.134959658006903,51.447979271145],[-0.134408741647872,51.448705243123],[-0.13446909609622,51.4487397146913],[-0.13593961138955,51.4495097145092],[-0.136361021115347,51.4493928450677],[-0.136390329762154,51.4486573685681],[-0.137171824468686,51.4480005201795],[-0.137468819343713,51.4480052484528],[-0.138079136128443,51.44800852324],[-0.138301926240365,51.448658962094],[-0.138769137070681,51.4486433552274],[-0.139478216389956,51.4492423168457],[-0.139994659784111,51.4493347658291],[-0.140467945367577,51.4495072381148],[-0.139776258024904,51.4503379969482],[-0.139221065238494,51.4501945993871],[-0.138574410325835,51.4500163332913],[-0.138172745119119,51.4499046184382],[-0.136955515782995,51.449578117322],[-0.136576940632147,51.4501163296993],[-0.135896168202177,51.4508296717879],[-0.135533137646021,51.4511638025247],[-0.134560011600726,51.4520535585578],[-0.133568795398619,51.452924890071],[-0.132595490400156,51.4535623830717],[-0.131728047718415,51.4539778642905],[-0.129339098054985,51.455047391409],[-0.129478629729421,51.4544571809188],[-0.129654141987356,51.453923589335],[-0.130096599472164,51.452634960203],[-0.130177610189053,51.4524032856507],[-0.130301187394788,51.4520459703052],[-0.130359568605009,51.4518756610882],[-0.130757405104384,51.450763411034],[-0.129393848935546,51.4505684340913],[-0.128996093983127,51.4497443599184],[-0.12898891094537,51.4497271409243]]]},"properties":{"FID":607,"MSOA21CD":"E02000639","MSOA21NM":"Lambeth 022","MSOA21NMW":" ","BNG_E":530073,"BNG_N":173652,"LAT":51.44693,"LONG":-0.12961,"Shape__Area":581024.306350708,"Shape__Length":6565.4974017924842,"GlobalID":"397743c8-6696-4d70-864c-43950f70fd57"}},{"type":"Feature","id":608,"geometry":{"type":"Polygon","coordinates":[[[-0.140980016380267,51.4533307450392],[-0.139719459538912,51.4526517686338],[-0.140214302819234,51.4523270141051],[-0.139021876501069,51.4518477784184],[-0.13888894452916,51.4521373931387],[-0.138201191350052,51.4519501693293],[-0.137933298126527,51.4522576484256],[-0.138318126466305,51.4514884316484],[-0.137155886659961,51.4509446650138],[-0.137366423842168,51.4501108373388],[-0.138063469152375,51.4501699953699],[-0.138172745119119,51.4499046184382],[-0.138574410325835,51.4500163332913],[-0.139221065238494,51.4501945993871],[-0.139776258024904,51.4503379969482],[-0.140467945367577,51.4495072381148],[-0.139994659784111,51.4493347658291],[-0.139478216389956,51.4492423168457],[-0.138769137070681,51.4486433552274],[-0.138301926240365,51.448658962094],[-0.138079136128443,51.44800852324],[-0.137468819343713,51.4480052484528],[-0.137171824468686,51.4480005201795],[-0.136390329762154,51.4486573685681],[-0.136361021115347,51.4493928450677],[-0.13593961138955,51.4495097145092],[-0.13446909609622,51.4487397146913],[-0.134408741647872,51.448705243123],[-0.134959658006903,51.447979271145],[-0.133753796812267,51.4480540691149],[-0.132972640963318,51.4472794685544],[-0.132085912155267,51.4477678542865],[-0.131281269277847,51.447676690665],[-0.131948439907029,51.4466535147458],[-0.131231935090055,51.4465731692096],[-0.131297558987914,51.4463580918337],[-0.13042905957178,51.4461301644208],[-0.131213183503438,51.4454823942544],[-0.131473216824959,51.4450344101394],[-0.130466497781068,51.4447185949447],[-0.132217261741709,51.4431409952836],[-0.1328245404288,51.4430245403443],[-0.133361855487097,51.4428356476374],[-0.135398944663338,51.4423485715387],[-0.135749925368227,51.4421511921902],[-0.135978326249794,51.4419970605535],[-0.136972242770173,51.4417713334364],[-0.138077506248267,51.441671866984],[-0.139215662451302,51.441679120635],[-0.142660480158071,51.4417480578837],[-0.143622177163245,51.441772514058],[-0.143688191676824,51.4419103590993],[-0.144758099499136,51.443873675299],[-0.145238860897932,51.4445881879974],[-0.145576696467916,51.4452286572188],[-0.145540117936366,51.4463911957698],[-0.145000691903035,51.4481146609839],[-0.14491348642167,51.4483321094186],[-0.144591933082143,51.4487294426129],[-0.143864588675612,51.4491911791945],[-0.143835175534136,51.4492095353424],[-0.142303764658092,51.4509675644467],[-0.142139292982423,51.451719483847],[-0.142679989679145,51.4517233395239],[-0.143349691224536,51.4525939064481],[-0.143052949385361,51.4528944741144],[-0.142675279395762,51.4530706302469],[-0.142337437613181,51.4530256641731],[-0.140590535379536,51.4541847607319],[-0.140245991570667,51.4540385229568],[-0.140980016380267,51.4533307450392]]]},"properties":{"FID":608,"MSOA21CD":"E02000640","MSOA21NM":"Lambeth 023","MSOA21NMW":" ","BNG_E":529399,"BNG_N":173745,"LAT":51.44792,"LONG":-0.13927,"Shape__Area":818786.67276763916,"Shape__Length":5324.6148375016774,"GlobalID":"9effc727-51c9-4015-a2f3-b3dc705824cf"}},{"type":"Feature","id":609,"geometry":{"type":"Polygon","coordinates":[[[-0.114070080695827,51.4532522037351],[-0.113413642549713,51.4527749635745],[-0.112721331054085,51.4528233666453],[-0.112403218300341,51.4523903495785],[-0.112425278218988,51.4519059244975],[-0.111881598299733,51.4510104901624],[-0.111150222330836,51.4500557505784],[-0.111580669529846,51.4487317833366],[-0.110708330472805,51.4469230381366],[-0.110046356399889,51.4457680414334],[-0.10971810008769,51.4452515660812],[-0.110692804514481,51.4450275001697],[-0.111492474312112,51.4448455363707],[-0.110557882285005,51.4437491583306],[-0.109664749224626,51.4426737407385],[-0.109619300815984,51.4426229137447],[-0.109215816668139,51.4422081586932],[-0.108247103147564,51.441511522367],[-0.108720337900624,51.4404185280121],[-0.110933428451128,51.4407041274035],[-0.111212893275779,51.4407621831785],[-0.112910329460951,51.4411185249087],[-0.113314500806729,51.4407711281454],[-0.113593741921941,51.4409914518202],[-0.113684422174493,51.4406418409548],[-0.114487702790539,51.440617683645],[-0.114018998711599,51.440159350078],[-0.114451050923219,51.439786912807],[-0.114743382958487,51.4395220571005],[-0.115640633217911,51.4393303573061],[-0.118379990384474,51.4407359367941],[-0.118695908103933,51.4404648049391],[-0.119588467197689,51.4407952302234],[-0.121090549724655,51.4413916654584],[-0.121805678725505,51.4414740394841],[-0.121046546421,51.4429075529874],[-0.120507939866195,51.4423216104083],[-0.119518517084216,51.4427724900387],[-0.119040237704017,51.4424706391745],[-0.118965259504929,51.4436861666108],[-0.118957055832589,51.443684236342],[-0.117585289181613,51.4447198996855],[-0.117291199522582,51.4449380265055],[-0.117597831342645,51.4450714334252],[-0.117327399094258,51.4455075311153],[-0.11769310590352,51.4462237504589],[-0.116451369439484,51.4465873960743],[-0.115264004070651,51.4468953022231],[-0.115925302699223,51.4474279709146],[-0.113744385157153,51.447651987175],[-0.113652424144384,51.4473856901627],[-0.113099382257081,51.4474175462734],[-0.113015687432241,51.4485925252182],[-0.113716954507603,51.4486211447091],[-0.115192983059507,51.4485621606951],[-0.115880665551493,51.4491299120872],[-0.115475545534864,51.4494407279752],[-0.115025733533662,51.4494334933715],[-0.1149916097828,51.4496912007567],[-0.115763020725344,51.4505008757517],[-0.115601739050525,51.4508004955901],[-0.116011146495526,51.4511172069905],[-0.115308313266975,51.4528066517516],[-0.115245001506778,51.4529515458108],[-0.114813974628293,51.4529909437922],[-0.114297295959304,51.4524350213014],[-0.114070080695827,51.4532522037351]]]},"properties":{"FID":609,"MSOA21CD":"E02000641","MSOA21NM":"Lambeth 024","MSOA21NMW":" ","BNG_E":531102,"BNG_N":173308,"LAT":51.4436,"LONG":-0.11494,"Shape__Area":616482.72326660156,"Shape__Length":5314.6318567784938,"GlobalID":"cfff87d5-2a20-4d77-8f35-1342d460ac99"}},{"type":"Feature","id":610,"geometry":{"type":"Polygon","coordinates":[[[-0.0928439324059697,51.4410640546856],[-0.0917012731738886,51.4386234074335],[-0.0916074421901563,51.438500773883],[-0.0911044623312336,51.4377170200467],[-0.0909278754338731,51.4373421874717],[-0.090916455266964,51.4373134444982],[-0.0904391766537127,51.4360980485387],[-0.0924867207059721,51.4358232145921],[-0.0941991759896759,51.4354748611725],[-0.0954168633523113,51.4349637781252],[-0.0961697693965425,51.4365595077322],[-0.0968137743744653,51.4363339880207],[-0.0970148542453596,51.4358345071042],[-0.0974922351271733,51.4362751407215],[-0.0970529545192398,51.4363396354196],[-0.097159328159455,51.4366127410938],[-0.0952309636985284,51.4371744526998],[-0.0953953188273134,51.4375989354245],[-0.0957851541583169,51.4380633058543],[-0.0964832994803613,51.4394889145093],[-0.0958828952888163,51.4401307198084],[-0.096006615328087,51.4403964103522],[-0.0970509867543919,51.4403727735024],[-0.0969440841345545,51.4399979679148],[-0.0975869566246797,51.4405812174954],[-0.0997224272481203,51.4398758733513],[-0.100143102643009,51.4396213802275],[-0.100032781640551,51.4393710374066],[-0.101757576773969,51.4397145887161],[-0.101726730754228,51.4396940168881],[-0.102314536479893,51.4393971067102],[-0.102909250613582,51.4396629352015],[-0.103042158750847,51.4392177280338],[-0.103488189054618,51.4393975305981],[-0.104178607576845,51.4391588193701],[-0.103931119774458,51.4396018856967],[-0.104394621101144,51.439723055158],[-0.105986234322019,51.4388135375938],[-0.106030405336464,51.4389351740316],[-0.106095295220559,51.4391163273199],[-0.106242318941191,51.4401980078354],[-0.106797741450554,51.4402470017409],[-0.108080729094921,51.4403588764084],[-0.108720337900624,51.4404185280121],[-0.108247103147564,51.441511522367],[-0.109215816668139,51.4422081586932],[-0.109619300815984,51.4426229137447],[-0.109664749224626,51.4426737407385],[-0.110557882285005,51.4437491583306],[-0.111492474312112,51.4448455363707],[-0.110692804514481,51.4450275001697],[-0.10971810008769,51.4452515660812],[-0.110046356399889,51.4457680414334],[-0.107447871710454,51.4463260157432],[-0.104588358330845,51.4468266315189],[-0.102274428870789,51.4484461362144],[-0.100736717991466,51.4503117914862],[-0.0997825893383423,51.4501968351914],[-0.0986822213860799,51.4486077629499],[-0.0981601238621109,51.4482721273957],[-0.0959743369972782,51.446620103418],[-0.0949944184452524,51.4450112786518],[-0.0943731325241048,51.4432422335217],[-0.0928497026055126,51.4410778024885],[-0.0928439324059697,51.4410640546856]]]},"properties":{"FID":610,"MSOA21CD":"E02000642","MSOA21NM":"Lambeth 025","MSOA21NMW":" ","BNG_E":532082,"BNG_N":173478,"LAT":51.4449,"LONG":-0.10078,"Shape__Area":1080363.6578521729,"Shape__Length":6108.2521703110806,"GlobalID":"fbb47a9c-a2c0-4001-a63b-1bff0b487005"}},{"type":"Feature","id":611,"geometry":{"type":"Polygon","coordinates":[[[-0.122411303224005,51.4436885693879],[-0.121949231604982,51.4430126550284],[-0.121046546421,51.4429075529874],[-0.121805678725505,51.4414740394841],[-0.121090549724655,51.4413916654584],[-0.119588467197689,51.4407952302234],[-0.119950997540089,51.4397870917421],[-0.119832025390545,51.439438990326],[-0.120019169917345,51.4388825385554],[-0.120133428344363,51.438609183133],[-0.122580449027668,51.4388431086403],[-0.122743758321045,51.4383687347895],[-0.120320390876496,51.4380332891069],[-0.11883227950979,51.437846770256],[-0.117499920609912,51.4376342909385],[-0.117458504554929,51.4373600372097],[-0.117537443881227,51.4370305140382],[-0.117755395224806,51.4369259626482],[-0.117849083007269,51.4368146664554],[-0.118759481660193,51.4362933142924],[-0.119300020198666,51.4359939106612],[-0.119720242494956,51.4362518516299],[-0.12007395749365,51.4360943533835],[-0.120313039914214,51.4359393854868],[-0.119914556414479,51.435656570666],[-0.121202386809419,51.4350018477479],[-0.122487103787065,51.4343219261305],[-0.124759291472524,51.4346585240795],[-0.124913371371008,51.4343740659257],[-0.123920222042698,51.4341664668467],[-0.124650892079981,51.4327308773758],[-0.125766062383982,51.4329738655693],[-0.126208117040717,51.4341406356161],[-0.127093997137286,51.4344501064349],[-0.127050143287391,51.4349163203565],[-0.125952605069944,51.4346396778035],[-0.125614037618023,51.4352281460021],[-0.126052947614719,51.4353298164051],[-0.125878969568558,51.4355943264093],[-0.124653309693944,51.4355803072822],[-0.12398958946705,51.435382693969],[-0.124910475912073,51.4361499085975],[-0.125278340978745,51.4364866765483],[-0.126155571898484,51.4373341174878],[-0.12527564861067,51.4378455618616],[-0.126876765547329,51.4381774328399],[-0.126911732885397,51.4381828353916],[-0.130914448381624,51.4389192215018],[-0.131176305130792,51.4389679308353],[-0.131860442637791,51.4390960351839],[-0.133144446175756,51.4393363387434],[-0.137411716117923,51.440135304607],[-0.136860775221763,51.4406699412534],[-0.135978326249794,51.4419970605535],[-0.135749925368227,51.4421511921902],[-0.135398944663338,51.4423485715387],[-0.133361855487097,51.4428356476374],[-0.1328245404288,51.4430245403443],[-0.132217261741709,51.4431409952836],[-0.132084738786621,51.4429996921001],[-0.130821489357663,51.4434385572673],[-0.129255278925433,51.4433482827332],[-0.128793004500754,51.4429801994688],[-0.126792232851639,51.4426821952274],[-0.126961772074282,51.4420554025409],[-0.126514810100226,51.4420834606084],[-0.125647399668821,51.4415832576129],[-0.124637697637579,51.441883341201],[-0.124623710784396,51.4422248435151],[-0.123736840747835,51.4421828121107],[-0.123622482273863,51.4427095880943],[-0.123570829624354,51.4432153717498],[-0.124159678506696,51.4432955650301],[-0.124009400390573,51.4430712251217],[-0.124586352915814,51.4427666117508],[-0.124867995566952,51.4431020552896],[-0.124701884234491,51.4437567630895],[-0.123979594025843,51.4434973315067],[-0.123579293030981,51.4438680356774],[-0.122411303224005,51.4436885693879]]]},"properties":{"FID":611,"MSOA21CD":"E02000643","MSOA21NM":"Lambeth 026","MSOA21NMW":" ","BNG_E":530248,"BNG_N":172943,"LAT":51.44051,"LONG":-0.12736,"Shape__Area":703034.19604492188,"Shape__Length":6153.2046815814565,"GlobalID":"e313c050-feae-40a8-8375-2f5b4810098e"}},{"type":"Feature","id":612,"geometry":{"type":"Polygon","coordinates":[[[-0.111212893275779,51.4407621831785],[-0.110933428451128,51.4407041274035],[-0.108720337900624,51.4404185280121],[-0.108080729094921,51.4403588764084],[-0.106797741450554,51.4402470017409],[-0.106242318941191,51.4401980078354],[-0.106095295220559,51.4391163273199],[-0.106030405336464,51.4389351740316],[-0.10663370513184,51.4385215808961],[-0.107755250893636,51.4369349177658],[-0.107279073656675,51.4353580182438],[-0.106422116693264,51.4356971236823],[-0.104717981658653,51.4364681676864],[-0.103564522952585,51.433642253721],[-0.103540967931353,51.43347172836],[-0.103713709415977,51.4334648483924],[-0.104197276171968,51.4333614608022],[-0.104943483137231,51.4323387766098],[-0.105911342438802,51.4330565250334],[-0.105841305123824,51.4335746012367],[-0.106429322506102,51.433695069492],[-0.106963741559201,51.4334185087933],[-0.108884992802881,51.4330779658167],[-0.109254978101066,51.4333847018468],[-0.112004389990385,51.4323777610801],[-0.112391925790111,51.4330364684327],[-0.112902013738305,51.4328508137915],[-0.113051813854056,51.4332081060808],[-0.115078207070231,51.4322154536405],[-0.115507836379591,51.4326654395109],[-0.116068768558571,51.4327712058393],[-0.116280237299039,51.432475273244],[-0.11666397458538,51.4326690681747],[-0.117829718908861,51.4330646093153],[-0.11866304832636,51.4331994327936],[-0.119398544142954,51.4325294912303],[-0.118778708462685,51.4323438485243],[-0.118794121807261,51.4328096511264],[-0.118050066371629,51.4324416553321],[-0.118700392345728,51.4308888933657],[-0.119178589079564,51.4309109325573],[-0.119502225558781,51.4309689691059],[-0.119089421007797,51.431231253047],[-0.119370936199578,51.4315409146217],[-0.120208980908624,51.431593572378],[-0.120248282353302,51.432266771546],[-0.119935797286824,51.4328155765353],[-0.121642780201732,51.432511123753],[-0.121823844981388,51.4322519505174],[-0.122962967188309,51.432539989328],[-0.123169040534978,51.4322215296749],[-0.124650892079981,51.4327308773758],[-0.123920222042698,51.4341664668467],[-0.124913371371008,51.4343740659257],[-0.124759291472524,51.4346585240795],[-0.122487103787065,51.4343219261305],[-0.121202386809419,51.4350018477479],[-0.119914556414479,51.435656570666],[-0.120313039914214,51.4359393854868],[-0.12007395749365,51.4360943533835],[-0.119720242494956,51.4362518516299],[-0.119300020198666,51.4359939106612],[-0.118759481660193,51.4362933142924],[-0.117849083007269,51.4368146664554],[-0.117755395224806,51.4369259626482],[-0.117537443881227,51.4370305140382],[-0.117458504554929,51.4373600372097],[-0.117499920609912,51.4376342909385],[-0.11883227950979,51.437846770256],[-0.120320390876496,51.4380332891069],[-0.122743758321045,51.4383687347895],[-0.122580449027668,51.4388431086403],[-0.120133428344363,51.438609183133],[-0.120019169917345,51.4388825385554],[-0.119832025390545,51.439438990326],[-0.119950997540089,51.4397870917421],[-0.119588467197689,51.4407952302234],[-0.118695908103933,51.4404648049391],[-0.118379990384474,51.4407359367941],[-0.115640633217911,51.4393303573061],[-0.114743382958487,51.4395220571005],[-0.114451050923219,51.439786912807],[-0.114018998711599,51.440159350078],[-0.114487702790539,51.440617683645],[-0.113684422174493,51.4406418409548],[-0.113593741921941,51.4409914518202],[-0.113314500806729,51.4407711281454],[-0.112910329460951,51.4411185249087],[-0.111212893275779,51.4407621831785]]]},"properties":{"FID":612,"MSOA21CD":"E02000644","MSOA21NM":"Lambeth 027","MSOA21NMW":" ","BNG_E":531179,"BNG_N":172541,"LAT":51.43669,"LONG":-0.11412,"Shape__Area":901674.124130249,"Shape__Length":6902.6446798737006,"GlobalID":"5f4162d4-314d-4e5d-94ab-4402b370e6ca"}},{"type":"Feature","id":613,"geometry":{"type":"Polygon","coordinates":[[[-0.0975869566246797,51.4405812174954],[-0.0969440841345545,51.4399979679148],[-0.0970509867543919,51.4403727735024],[-0.096006615328087,51.4403964103522],[-0.0958828952888163,51.4401307198084],[-0.0964832994803613,51.4394889145093],[-0.0957851541583169,51.4380633058543],[-0.0953953188273134,51.4375989354245],[-0.0952309636985284,51.4371744526998],[-0.097159328159455,51.4366127410938],[-0.0970529545192398,51.4363396354196],[-0.0974922351271733,51.4362751407215],[-0.0970148542453596,51.4358345071042],[-0.0968137743744653,51.4363339880207],[-0.0961697693965425,51.4365595077322],[-0.0954168633523113,51.4349637781252],[-0.0941991759896759,51.4354748611725],[-0.0924867207059721,51.4358232145921],[-0.0904391766537127,51.4360980485387],[-0.0899571713672346,51.4342207596357],[-0.0898450885455213,51.4338057002835],[-0.0906171246461981,51.4336566553721],[-0.0901680807616501,51.4323992828446],[-0.091168379971809,51.4323253588154],[-0.0917242625324942,51.432064250457],[-0.0937346694129519,51.4319972112454],[-0.0947689804726312,51.431881921446],[-0.0947844095161636,51.4307946936089],[-0.0940912190313673,51.4307575373824],[-0.0941463678097967,51.4304621019187],[-0.0935609436110759,51.4303258675574],[-0.096925781056723,51.4301328304512],[-0.0970357437076085,51.4298285271594],[-0.0969795133089052,51.4297915200916],[-0.0957041473805593,51.428282349778],[-0.0956728200639308,51.4280085297255],[-0.0958221200990493,51.4280044907591],[-0.0969545155961418,51.4279746811573],[-0.0974915116882387,51.4275750921364],[-0.0980311640490306,51.4270768160009],[-0.0978272529866006,51.4267143533012],[-0.0987247748942879,51.4265266567699],[-0.0985761675142283,51.4261613025209],[-0.0990871958871938,51.4260309941489],[-0.0997524156142932,51.4271542507676],[-0.100240045977372,51.4278846171999],[-0.104602251724042,51.4277412099965],[-0.104926153390616,51.4265301723371],[-0.105635826594309,51.427091828432],[-0.105469858448125,51.4277329099964],[-0.10517780993607,51.4284755679634],[-0.104339602180714,51.4288857920483],[-0.103563066752947,51.4287625566059],[-0.103141234838216,51.4290847735838],[-0.102896621975871,51.4303822173248],[-0.103369086479833,51.4303898681084],[-0.104339850844439,51.4302706898135],[-0.104817654906243,51.4303116406356],[-0.104846210733365,51.4306865004307],[-0.106517857914001,51.4307063750815],[-0.106484545680813,51.431321897785],[-0.107025731784638,51.4313674339861],[-0.107970576137492,51.4321958094494],[-0.108506618309793,51.4321366063113],[-0.107573182551866,51.431236630106],[-0.108256225730253,51.4311213678282],[-0.108775663342295,51.4307782717211],[-0.108605903866911,51.4304295778843],[-0.10907528114487,51.4303625335437],[-0.109601147548953,51.4302238541135],[-0.109368663508169,51.4297997157763],[-0.109747023313759,51.4294939788528],[-0.111159742228359,51.4318986155538],[-0.111272423408917,51.4323159395568],[-0.110224106390057,51.4323733861785],[-0.109761124060914,51.4325194180376],[-0.109901043110917,51.4328605419859],[-0.10944617611543,51.4329623386042],[-0.109089042442464,51.4326625191845],[-0.106873464901334,51.4328563038022],[-0.106963741559201,51.4334185087933],[-0.106429322506102,51.433695069492],[-0.105841305123824,51.4335746012367],[-0.105911342438802,51.4330565250334],[-0.104943483137231,51.4323387766098],[-0.104197276171968,51.4333614608022],[-0.103713709415977,51.4334648483924],[-0.103540967931353,51.43347172836],[-0.103564522952585,51.433642253721],[-0.104717981658653,51.4364681676864],[-0.106422116693264,51.4356971236823],[-0.107279073656675,51.4353580182438],[-0.107755250893636,51.4369349177658],[-0.10663370513184,51.4385215808961],[-0.106030405336464,51.4389351740316],[-0.105986234322019,51.4388135375938],[-0.104394621101144,51.439723055158],[-0.103931119774458,51.4396018856967],[-0.104178607576845,51.4391588193701],[-0.103488189054618,51.4393975305981],[-0.103042158750847,51.4392177280338],[-0.102909250613582,51.4396629352015],[-0.102314536479893,51.4393971067102],[-0.101726730754228,51.4396940168881],[-0.101757576773969,51.4397145887161],[-0.100032781640551,51.4393710374066],[-0.100143102643009,51.4396213802275],[-0.0997224272481203,51.4398758733513],[-0.0975869566246797,51.4405812174954]]]},"properties":{"FID":613,"MSOA21CD":"E02000645","MSOA21NM":"Lambeth 028","MSOA21NMW":" ","BNG_E":532132,"BNG_N":172226,"LAT":51.43364,"LONG":-0.10053,"Shape__Area":1136536.9956512451,"Shape__Length":8705.4022978843313,"GlobalID":"1f6f03ad-73de-4bdc-9643-bcbee5735ce0"}},{"type":"Feature","id":614,"geometry":{"type":"Polygon","coordinates":[[[-0.124910475912073,51.4361499085975],[-0.12398958946705,51.435382693969],[-0.124653309693944,51.4355803072822],[-0.125878969568558,51.4355943264093],[-0.126052947614719,51.4353298164051],[-0.125614037618023,51.4352281460021],[-0.125952605069944,51.4346396778035],[-0.127050143287391,51.4349163203565],[-0.127093997137286,51.4344501064349],[-0.126208117040717,51.4341406356161],[-0.125766062383982,51.4329738655693],[-0.124650892079981,51.4327308773758],[-0.123169040534978,51.4322215296749],[-0.122962967188309,51.432539989328],[-0.121823844981388,51.4322519505174],[-0.121642780201732,51.432511123753],[-0.119935797286824,51.4328155765353],[-0.120248282353302,51.432266771546],[-0.122719192665704,51.4300630732606],[-0.122054785506576,51.429894512436],[-0.122633759623881,51.4296803121054],[-0.123831333400902,51.4298983799093],[-0.123919774229093,51.4295517310721],[-0.123614587834342,51.4294486606961],[-0.123899733631354,51.4291045684997],[-0.123409122569833,51.4289754617802],[-0.123844872813454,51.428701857116],[-0.123201837840217,51.4286426464344],[-0.123399343577104,51.4282585814817],[-0.124344915130848,51.4285368857605],[-0.127322127986215,51.4294604715722],[-0.127708527994664,51.4300366809265],[-0.129552597961692,51.430645414357],[-0.129894506466225,51.4302885356259],[-0.131148620762051,51.4307048497134],[-0.13131670104756,51.4302930807178],[-0.132493502176804,51.4297170624637],[-0.133006814859743,51.4300206291847],[-0.134865410247192,51.4299513114376],[-0.135053951788869,51.4300845529486],[-0.135316996330779,51.4303656629895],[-0.13591062705889,51.4321026449634],[-0.136604202825903,51.4339034419879],[-0.138024476290063,51.4338477262586],[-0.139683354561005,51.4353535419013],[-0.139971623423005,51.4370345812808],[-0.137821412095195,51.4384255446816],[-0.137411716117923,51.440135304607],[-0.133144446175756,51.4393363387434],[-0.131860442637791,51.4390960351839],[-0.131176305130792,51.4389679308353],[-0.130914448381624,51.4389192215018],[-0.126911732885397,51.4381828353916],[-0.126876765547329,51.4381774328399],[-0.12527564861067,51.4378455618616],[-0.126155571898484,51.4373341174878],[-0.125278340978745,51.4364866765483],[-0.124910475912073,51.4361499085975]]]},"properties":{"FID":614,"MSOA21CD":"E02000646","MSOA21NM":"Lambeth 029","MSOA21NMW":" ","BNG_E":530081,"BNG_N":172278,"LAT":51.43458,"LONG":-0.13,"Shape__Area":947488.62845611572,"Shape__Length":5490.3196957877162,"GlobalID":"5f4aeaf6-b4d1-48c2-b92d-1c506439b41f"}},{"type":"Feature","id":615,"geometry":{"type":"Polygon","coordinates":[[[-0.106963741559201,51.4334185087933],[-0.106873464901334,51.4328563038022],[-0.109089042442464,51.4326625191845],[-0.10944617611543,51.4329623386042],[-0.109901043110917,51.4328605419859],[-0.109761124060914,51.4325194180376],[-0.110224106390057,51.4323733861785],[-0.111272423408917,51.4323159395568],[-0.111159742228359,51.4318986155538],[-0.109747023313759,51.4294939788528],[-0.109368663508169,51.4297997157763],[-0.109601147548953,51.4302238541135],[-0.10907528114487,51.4303625335437],[-0.108605903866911,51.4304295778843],[-0.108775663342295,51.4307782717211],[-0.108256225730253,51.4311213678282],[-0.107573182551866,51.431236630106],[-0.108506618309793,51.4321366063113],[-0.107970576137492,51.4321958094494],[-0.107025731784638,51.4313674339861],[-0.106484545680813,51.431321897785],[-0.106517857914001,51.4307063750815],[-0.104846210733365,51.4306865004307],[-0.104817654906243,51.4303116406356],[-0.104339850844439,51.4302706898135],[-0.103369086479833,51.4303898681084],[-0.102896621975871,51.4303822173248],[-0.103141234838216,51.4290847735838],[-0.103563066752947,51.4287625566059],[-0.104339602180714,51.4288857920483],[-0.10517780993607,51.4284755679634],[-0.105469858448125,51.4277329099964],[-0.106190520813321,51.4279220534845],[-0.106836887812071,51.4264597049006],[-0.106160604301416,51.4261242212386],[-0.106731236794908,51.4256199660161],[-0.106565517158686,51.4250639613828],[-0.107305876902887,51.4252150999498],[-0.107308222349478,51.4245812823858],[-0.107840080881826,51.4245898759845],[-0.108059877211367,51.4241437881674],[-0.108748365958195,51.4241908788117],[-0.108747278911592,51.4245672940613],[-0.1109709311151,51.4246817090222],[-0.11128307363315,51.4242631389237],[-0.111954491607407,51.424221599476],[-0.11301388256688,51.4243496071137],[-0.112934919178067,51.4248699149487],[-0.113992358550944,51.4250398243089],[-0.11408987615362,51.4248533830026],[-0.114579392162693,51.4234663940285],[-0.116925368630326,51.4235668013682],[-0.119705977391298,51.4232069538768],[-0.123783381743622,51.4233546869597],[-0.123440566251073,51.4237942971897],[-0.123415440757399,51.4238303963868],[-0.12205556052942,51.4262484969761],[-0.121625783960928,51.4265563544556],[-0.120205251083999,51.4275375511043],[-0.120533718131349,51.4276954729397],[-0.120638400346291,51.4282855758741],[-0.119805135874887,51.4283622152386],[-0.119460588236951,51.4291095147231],[-0.120409305414211,51.4294804295496],[-0.119178589079564,51.4309109325573],[-0.118700392345728,51.4308888933657],[-0.118050066371629,51.4324416553321],[-0.118794121807261,51.4328096511264],[-0.118778708462685,51.4323438485243],[-0.119398544142954,51.4325294912303],[-0.11866304832636,51.4331994327936],[-0.117829718908861,51.4330646093153],[-0.11666397458538,51.4326690681747],[-0.116280237299039,51.432475273244],[-0.116068768558571,51.4327712058393],[-0.115507836379591,51.4326654395109],[-0.115078207070231,51.4322154536405],[-0.113051813854056,51.4332081060808],[-0.112902013738305,51.4328508137915],[-0.112391925790111,51.4330364684327],[-0.112004389990385,51.4323777610801],[-0.109254978101066,51.4333847018468],[-0.108884992802881,51.4330779658167],[-0.106963741559201,51.4334185087933]]]},"properties":{"FID":615,"MSOA21CD":"E02000647","MSOA21NM":"Lambeth 030","MSOA21NMW":" ","BNG_E":531296,"BNG_N":171603,"LAT":51.42823,"LONG":-0.11278,"Shape__Area":963199.07566070557,"Shape__Length":6731.3048476428985,"GlobalID":"2b9008b5-84a7-480e-baed-f97c60096dcd"}},{"type":"Feature","id":616,"geometry":{"type":"Polygon","coordinates":[[[-0.0914784943630335,51.4290646240289],[-0.0911566028487028,51.4286807167657],[-0.0898755341866634,51.4288058712428],[-0.0896194674478659,51.4285696885414],[-0.0877317394919256,51.4276701767667],[-0.0894603095593561,51.4272510210196],[-0.0895874815108183,51.4269824632873],[-0.08905897372318,51.4268929070977],[-0.0895365126068425,51.4264406473133],[-0.0903297251960053,51.4266423595911],[-0.0925402401227947,51.4256201927506],[-0.0946659217716292,51.4260281079643],[-0.0952711458207448,51.4262518546805],[-0.0980158147743831,51.425725701868],[-0.0979685877414364,51.4249641528848],[-0.0964201657332655,51.4236992724414],[-0.0972214411350105,51.4230569413834],[-0.0969131650186846,51.4227027702566],[-0.0968802455952018,51.4226665736089],[-0.101393651814047,51.4225898391161],[-0.102691707787928,51.4226151996744],[-0.103470641049676,51.4226309757465],[-0.105511528785921,51.4225864671044],[-0.105871850717875,51.4225744533633],[-0.107813120000074,51.4228538714723],[-0.110054717845846,51.423133850295],[-0.112686526500219,51.4232281402081],[-0.112922948449683,51.4232447716285],[-0.114579392162693,51.4234663940285],[-0.11408987615362,51.4248533830026],[-0.113992358550944,51.4250398243089],[-0.112934919178067,51.4248699149487],[-0.11301388256688,51.4243496071137],[-0.111954491607407,51.424221599476],[-0.11128307363315,51.4242631389237],[-0.1109709311151,51.4246817090222],[-0.108747278911592,51.4245672940613],[-0.108748365958195,51.4241908788117],[-0.108059877211367,51.4241437881674],[-0.107840080881826,51.4245898759845],[-0.107308222349478,51.4245812823858],[-0.107305876902887,51.4252150999498],[-0.106565517158686,51.4250639613828],[-0.106731236794908,51.4256199660161],[-0.106160604301416,51.4261242212386],[-0.106836887812071,51.4264597049006],[-0.106190520813321,51.4279220534845],[-0.105469858448125,51.4277329099964],[-0.105635826594309,51.427091828432],[-0.104926153390616,51.4265301723371],[-0.104602251724042,51.4277412099965],[-0.100240045977372,51.4278846171999],[-0.0997524156142932,51.4271542507676],[-0.0990871958871938,51.4260309941489],[-0.0985761675142283,51.4261613025209],[-0.0987247748942879,51.4265266567699],[-0.0978272529866006,51.4267143533012],[-0.0980311640490306,51.4270768160009],[-0.0974915116882387,51.4275750921364],[-0.0969545155961418,51.4279746811573],[-0.0958221200990493,51.4280044907591],[-0.0956728200639308,51.4280085297255],[-0.0957041473805593,51.428282349778],[-0.0969795133089052,51.4297915200916],[-0.0970357437076085,51.4298285271594],[-0.096925781056723,51.4301328304512],[-0.0935609436110759,51.4303258675574],[-0.0941463678097967,51.4304621019187],[-0.0940912190313673,51.4307575373824],[-0.0947844095161636,51.4307946936089],[-0.0947689804726312,51.431881921446],[-0.0937346694129519,51.4319972112454],[-0.0917242625324942,51.432064250457],[-0.0909809934210968,51.4317864207166],[-0.0908772394492882,51.4303419140912],[-0.090822095006671,51.4298497978606],[-0.0911765490864308,51.4296619841315],[-0.0908438159266708,51.4291115492768],[-0.0914784943630335,51.4290646240289]]]},"properties":{"FID":616,"MSOA21CD":"E02000648","MSOA21NM":"Lambeth 031","MSOA21NMW":" ","BNG_E":532112,"BNG_N":171289,"LAT":51.42522,"LONG":-0.10117,"Shape__Area":708534.18535614014,"Shape__Length":6840.543630498094,"GlobalID":"b21752e0-9415-44e6-94ca-faba5991d9bf"}},{"type":"Feature","id":617,"geometry":{"type":"Polygon","coordinates":[[[-0.119178589079564,51.4309109325573],[-0.120409305414211,51.4294804295496],[-0.119460588236951,51.4291095147231],[-0.119805135874887,51.4283622152386],[-0.120638400346291,51.4282855758741],[-0.120533718131349,51.4276954729397],[-0.120205251083999,51.4275375511043],[-0.121625783960928,51.4265563544556],[-0.12205556052942,51.4262484969761],[-0.123415440757399,51.4238303963868],[-0.123440566251073,51.4237942971897],[-0.123783381743622,51.4233546869597],[-0.126450108328276,51.4235174973256],[-0.127779177329662,51.4234619430345],[-0.129717255555205,51.4230520546483],[-0.129949518318087,51.4233916582232],[-0.130849890626068,51.423165165369],[-0.130670617237324,51.4228092372206],[-0.132819339719528,51.4218296165956],[-0.134863147314275,51.4208567989122],[-0.136234963147547,51.4201891763539],[-0.135864622258565,51.4198789323372],[-0.136261993186025,51.419667771406],[-0.134998790604392,51.4184326345221],[-0.135613570682763,51.4180652154107],[-0.136312732333749,51.4189145307669],[-0.137823541387836,51.4210993171643],[-0.137827032370869,51.4211061441562],[-0.13843957796187,51.4224797326444],[-0.138665869739252,51.4231926853799],[-0.138862749741631,51.4258478202876],[-0.13883445063909,51.426173250215],[-0.138557656155157,51.4277752547707],[-0.138369388012832,51.4298932725039],[-0.138369989485918,51.429995647161],[-0.138404766466175,51.4304573394937],[-0.135316996330779,51.4303656629895],[-0.135053951788869,51.4300845529486],[-0.134865410247192,51.4299513114376],[-0.133006814859743,51.4300206291847],[-0.132493502176804,51.4297170624637],[-0.13131670104756,51.4302930807178],[-0.131148620762051,51.4307048497134],[-0.129894506466225,51.4302885356259],[-0.129552597961692,51.430645414357],[-0.127708527994664,51.4300366809265],[-0.127322127986215,51.4294604715722],[-0.124344915130848,51.4285368857605],[-0.123399343577104,51.4282585814817],[-0.123201837840217,51.4286426464344],[-0.123844872813454,51.428701857116],[-0.123409122569833,51.4289754617802],[-0.123899733631354,51.4291045684997],[-0.123614587834342,51.4294486606961],[-0.123919774229093,51.4295517310721],[-0.123831333400902,51.4298983799093],[-0.122633759623881,51.4296803121054],[-0.122054785506576,51.429894512436],[-0.122719192665704,51.4300630732606],[-0.120248282353302,51.432266771546],[-0.120208980908624,51.431593572378],[-0.119370936199578,51.4315409146217],[-0.119089421007797,51.431231253047],[-0.119502225558781,51.4309689691059],[-0.119178589079564,51.4309109325573]]]},"properties":{"FID":617,"MSOA21CD":"E02000649","MSOA21NM":"Lambeth 032","MSOA21NMW":" ","BNG_E":530051,"BNG_N":171235,"LAT":51.42521,"LONG":-0.13081,"Shape__Area":1034895.8302459717,"Shape__Length":6074.2057093484091,"GlobalID":"17ca8c09-f9b4-441f-9d62-8d5afcbc3c35"}},{"type":"Feature","id":618,"geometry":{"type":"Polygon","coordinates":[[[-0.0878495246323908,51.4290948368943],[-0.085881710675163,51.4285165872453],[-0.0858447285188961,51.4283693862166],[-0.0858713112512399,51.4282807072799],[-0.0860653214848932,51.4278618316454],[-0.0845690296667499,51.4264405624998],[-0.0835132970640575,51.4241884739945],[-0.0835078372311028,51.4239960500116],[-0.0834023610372198,51.4229645851515],[-0.0816566392160261,51.4233050131917],[-0.0812316310640553,51.4225155610912],[-0.0808163638719454,51.4218426634425],[-0.0803815516750695,51.4219369548297],[-0.0802775971384105,51.4219596756245],[-0.0797455374696333,51.4221313953563],[-0.0788847490657278,51.4215655785727],[-0.0792480304997698,51.4208556255847],[-0.0783117071825023,51.4205835553746],[-0.0782673489957576,51.4205726045005],[-0.078450488278264,51.4200376842805],[-0.078648910742115,51.4198258468888],[-0.0830461821332128,51.419703563456],[-0.0843055883179938,51.4194771148023],[-0.0867581626880421,51.4194017068905],[-0.0870481325419479,51.4195132396214],[-0.088724714578298,51.4203051244897],[-0.0888985835184738,51.4204457329155],[-0.0906509702263624,51.4214087732911],[-0.0918177463643483,51.4219845439053],[-0.0936182095143608,51.422763472485],[-0.0965658224349689,51.4227057327055],[-0.0968802455952018,51.4226665736089],[-0.0969131650186846,51.4227027702566],[-0.0972214411350105,51.4230569413834],[-0.0964201657332655,51.4236992724414],[-0.0979685877414364,51.4249641528848],[-0.0980158147743831,51.425725701868],[-0.0952711458207448,51.4262518546805],[-0.0946659217716292,51.4260281079643],[-0.0925402401227947,51.4256201927506],[-0.0903297251960053,51.4266423595911],[-0.0895365126068425,51.4264406473133],[-0.08905897372318,51.4268929070977],[-0.0895874815108183,51.4269824632873],[-0.0894603095593561,51.4272510210196],[-0.0877317394919256,51.4276701767667],[-0.0896194674478659,51.4285696885414],[-0.0898755341866634,51.4288058712428],[-0.0911566028487028,51.4286807167657],[-0.0914784943630335,51.4290646240289],[-0.0908438159266708,51.4291115492768],[-0.0911765490864308,51.4296619841315],[-0.090822095006671,51.4298497978606],[-0.0908772394492882,51.4303419140912],[-0.0909809934210968,51.4317864207166],[-0.0917242625324942,51.432064250457],[-0.091168379971809,51.4323253588154],[-0.0901680807616501,51.4323992828446],[-0.0906171246461981,51.4336566553721],[-0.0898450885455213,51.4338057002835],[-0.0893131415313324,51.4319081096535],[-0.0892660154928386,51.4317521330632],[-0.0886179079432506,51.4300138584416],[-0.0878495246323908,51.4290948368943]]]},"properties":{"FID":618,"MSOA21CD":"E02000650","MSOA21NM":"Lambeth 033","MSOA21NMW":" ","BNG_E":533018,"BNG_N":171154,"LAT":51.42379,"LONG":-0.0882,"Shape__Area":769355.55324554443,"Shape__Length":5861.9001994036416,"GlobalID":"df003312-9d21-40bd-bc3e-6320f05fb840"}},{"type":"Feature","id":619,"geometry":{"type":"Polygon","coordinates":[[[-0.112686526500219,51.4232281402081],[-0.115387842161605,51.4208356122481],[-0.115886154220681,51.420471759562],[-0.119955258264919,51.4187224333486],[-0.120020536049621,51.418620137694],[-0.120363120873223,51.417794146753],[-0.122558959120883,51.4150301630491],[-0.122969237362254,51.4150290914121],[-0.123039033940422,51.4150322057268],[-0.124143810932241,51.4146423924735],[-0.124467598959548,51.4133146033527],[-0.125009866589506,51.4132841210535],[-0.125745949084724,51.4126912653528],[-0.126516002064193,51.4129010679449],[-0.126911404520714,51.4127072534345],[-0.130085756168189,51.4139578980092],[-0.130640210898588,51.4144049450907],[-0.132224496783818,51.4152326621096],[-0.132686244493181,51.4155568108517],[-0.134660775333999,51.4171001508834],[-0.135613570682763,51.4180652154107],[-0.134998790604392,51.4184326345221],[-0.136261993186025,51.419667771406],[-0.135864622258565,51.4198789323372],[-0.136234963147547,51.4201891763539],[-0.134863147314275,51.4208567989122],[-0.132819339719528,51.4218296165956],[-0.130670617237324,51.4228092372206],[-0.130849890626068,51.423165165369],[-0.129949518318087,51.4233916582232],[-0.129717255555205,51.4230520546483],[-0.127779177329662,51.4234619430345],[-0.126450108328276,51.4235174973256],[-0.123783381743622,51.4233546869597],[-0.119705977391298,51.4232069538768],[-0.116925368630326,51.4235668013682],[-0.114579392162693,51.4234663940285],[-0.112922948449683,51.4232447716285],[-0.112686526500219,51.4232281402081]]]},"properties":{"FID":619,"MSOA21CD":"E02000651","MSOA21NM":"Lambeth 034","MSOA21NMW":" ","BNG_E":530502,"BNG_N":170483,"LAT":51.41835,"LONG":-0.12461,"Shape__Area":1122004.3755722046,"Shape__Length":4657.4196601787271,"GlobalID":"d4515407-23e2-4b71-bfde-e0ac9ba4dcfc"}},{"type":"Feature","id":620,"geometry":{"type":"Polygon","coordinates":[[[-0.130085756168189,51.4139578980092],[-0.126911404520714,51.4127072534345],[-0.127568125125693,51.412410256657],[-0.127619492674759,51.412388124091],[-0.127781803098398,51.4123154643827],[-0.127906575899584,51.4119838067487],[-0.132713024022686,51.4123441284538],[-0.133549878656196,51.4125841047019],[-0.133461011789889,51.4128983809699],[-0.134207062034152,51.4110522584586],[-0.137149433971384,51.4116005115007],[-0.139643717099362,51.4122140366237],[-0.139656719060713,51.4122178847913],[-0.142053277029011,51.4130774936205],[-0.142618813441784,51.4133182981775],[-0.144689951032444,51.4123388929656],[-0.145072167190478,51.4125702018636],[-0.145821637225368,51.4125287902595],[-0.148029543905574,51.4128684956479],[-0.147054389939407,51.4138454741442],[-0.144458505675976,51.4152823679073],[-0.144108464164321,51.415463606895],[-0.144954565544376,51.4158934614285],[-0.143189564572945,51.4171273703497],[-0.143236397332189,51.4172627426795],[-0.141697581062706,51.41832890641],[-0.140380761022941,51.4192493277654],[-0.139427317307565,51.4199139646715],[-0.138670339473704,51.420450616347],[-0.137827032370869,51.4211061441562],[-0.137823541387836,51.4210993171643],[-0.136312732333749,51.4189145307669],[-0.135613570682763,51.4180652154107],[-0.134660775333999,51.4171001508834],[-0.132686244493181,51.4155568108517],[-0.132224496783818,51.4152326621096],[-0.130640210898588,51.4144049450907],[-0.130085756168189,51.4139578980092]]]},"properties":{"FID":620,"MSOA21CD":"E02000652","MSOA21NM":"Lambeth 035","MSOA21NMW":" ","BNG_E":529623,"BNG_N":170183,"LAT":51.41585,"LONG":-0.13735,"Shape__Area":688881.2787322998,"Shape__Length":4308.9711135370217,"GlobalID":"8871ebd8-d5a4-4136-9776-8f09f92c71fb"}},{"type":"Feature","id":621,"geometry":{"type":"Polygon","coordinates":[[[-0.0323339030133425,51.4929838217074],[-0.0307164794412767,51.4907645092465],[-0.0298376385447867,51.4895585301811],[-0.0293853732030738,51.4889378858952],[-0.0294467073652078,51.4885513238104],[-0.0294311926267493,51.488554617784],[-0.0304070681582626,51.4881410455197],[-0.0310865116573191,51.4884033750229],[-0.0321908520420613,51.488018244217],[-0.0327302019091302,51.4886291142733],[-0.0330320365752254,51.4885230922114],[-0.0343590717356437,51.4880569388546],[-0.0330983623956253,51.4868936853488],[-0.0339996760900107,51.4864655151271],[-0.0341720441447961,51.486363531787],[-0.0357514339745833,51.4879205992752],[-0.0360791189491597,51.4885893804983],[-0.0366975344515792,51.4883978340824],[-0.0377609948009487,51.4876643071574],[-0.0393418603799837,51.4884360442064],[-0.0396957767563844,51.4881908293674],[-0.0391202172151769,51.4876150433905],[-0.0396371109750796,51.4867553821677],[-0.0409257878765867,51.4874300056158],[-0.0418712483494296,51.4872114705266],[-0.041299884641366,51.4851487107744],[-0.0412720611200084,51.485061147706],[-0.0421857678307205,51.4849145442605],[-0.042470647975321,51.484316779253],[-0.0435061722426114,51.484289536142],[-0.0437186104000199,51.485408819605],[-0.0502230709896301,51.4880745179547],[-0.0500277356123277,51.4883115433215],[-0.0519342351594823,51.4891356008087],[-0.0501204801365986,51.4897817826809],[-0.0499242860892972,51.4898144545886],[-0.0492342958166574,51.4900425224831],[-0.0486969132034842,51.4901008606819],[-0.0486125219310121,51.4901202200479],[-0.0465469656249646,51.4907437179285],[-0.0465392754937917,51.4903427408813],[-0.0458062170348152,51.4901627973597],[-0.0447674009127437,51.4904366013655],[-0.0445428583384376,51.4901397640498],[-0.0422011753309691,51.4900365333072],[-0.0424784582000581,51.4902416959514],[-0.0424148111271561,51.4902652031624],[-0.0403179817744065,51.4910627561796],[-0.041028406038379,51.4918284510607],[-0.0400519859702716,51.4921730755081],[-0.0405210359823842,51.4927838185344],[-0.0388816264821484,51.492850585029],[-0.0381008136034535,51.4924045634859],[-0.0379712799537503,51.4923454628259],[-0.0373250931339811,51.4922221786056],[-0.0372536299632317,51.4922274476371],[-0.0345801139013213,51.4927603072077],[-0.0323671623177174,51.4930294553181],[-0.0323339030133425,51.4929838217074]]]},"properties":{"FID":621,"MSOA21CD":"E02000653","MSOA21NM":"Lewisham 001","MSOA21NMW":" ","BNG_E":536028,"BNG_N":178459,"LAT":51.48873,"LONG":-0.04212,"Shape__Area":676892.03022003174,"Shape__Length":5369.0533176472818,"GlobalID":"faeb756c-1955-4289-9cb3-a874c9487c48"}},{"type":"Feature","id":622,"geometry":{"type":"Polygon","coordinates":[[[-0.0291072488924238,51.4886234030645],[-0.0275537430187608,51.4872218002693],[-0.0274754536174855,51.4871734010118],[-0.0272309705540143,51.4870222595284],[-0.0248215319366139,51.4855326405429],[-0.0247131909248187,51.4854828066467],[-0.024677060839697,51.4854661875552],[-0.0252038114772304,51.4848637986972],[-0.0255529216230077,51.4834348738554],[-0.0261397153229961,51.4817450407142],[-0.0263830144763728,51.4815103951645],[-0.0256154691830981,51.4813681116384],[-0.0247655555333942,51.4812106576283],[-0.0231467398255134,51.4807397581913],[-0.0230454954338803,51.4796285515317],[-0.0230250796069056,51.4792883825843],[-0.0229004478273948,51.4785069922118],[-0.0260847900923868,51.4788405595163],[-0.0269597428045631,51.4790861357905],[-0.0281055308060605,51.4794712863711],[-0.0287605216321082,51.4797081648235],[-0.0299179356448476,51.480112316497],[-0.0304415157722607,51.4803050280202],[-0.031044199435859,51.4805328869062],[-0.0346288350763844,51.4792424127218],[-0.0349862654225512,51.4797866562137],[-0.0357166578085934,51.4808868456381],[-0.0361521068165027,51.4814516011877],[-0.0370365757008797,51.4820510801262],[-0.0387916742602404,51.4822416557912],[-0.0416597660779007,51.4827794568465],[-0.0433887416764531,51.4840733682999],[-0.0435061722426114,51.484289536142],[-0.042470647975321,51.484316779253],[-0.0421857678307205,51.4849145442605],[-0.0412720611200084,51.485061147706],[-0.041299884641366,51.4851487107744],[-0.0418712483494296,51.4872114705266],[-0.0409257878765867,51.4874300056158],[-0.0396371109750796,51.4867553821677],[-0.0391202172151769,51.4876150433905],[-0.0396957767563844,51.4881908293674],[-0.0393418603799837,51.4884360442064],[-0.0377609948009487,51.4876643071574],[-0.0366975344515792,51.4883978340824],[-0.0360791189491597,51.4885893804983],[-0.0357514339745833,51.4879205992752],[-0.0341720441447961,51.486363531787],[-0.0339996760900107,51.4864655151271],[-0.0330983623956253,51.4868936853488],[-0.0343590717356437,51.4880569388546],[-0.0330320365752254,51.4885230922114],[-0.0327302019091302,51.4886291142733],[-0.0321908520420613,51.488018244217],[-0.0310865116573191,51.4884033750229],[-0.0304070681582626,51.4881410455197],[-0.0294311926267493,51.488554617784],[-0.0291072488924238,51.4886234030645]]]},"properties":{"FID":622,"MSOA21CD":"E02000654","MSOA21NM":"Lewisham 002","MSOA21NMW":" ","BNG_E":536580,"BNG_N":177911,"LAT":51.48367,"LONG":-0.03439,"Shape__Area":940061.43934631348,"Shape__Length":5366.1936672306829,"GlobalID":"ce761b92-5e82-4270-825a-1be01269dbc5"}},{"type":"Feature","id":623,"geometry":{"type":"Polygon","coordinates":[[[-0.0502230709896301,51.4880745179547],[-0.0437186104000199,51.485408819605],[-0.0435061722426114,51.484289536142],[-0.0433887416764531,51.4840733682999],[-0.045983914327117,51.484006705157],[-0.0440296090631256,51.4815460187833],[-0.0427070911789619,51.4816270850619],[-0.042656616482685,51.4797752594386],[-0.0419644207428209,51.4803334588585],[-0.0421452539381107,51.4811548346754],[-0.041606014346716,51.4812402584896],[-0.04139003547975,51.4808848553244],[-0.0410579509164869,51.4800490971794],[-0.0404499875250358,51.4800395967868],[-0.0407306975289893,51.4797850798914],[-0.040272520263655,51.4790174365455],[-0.0396910604245653,51.4786047834346],[-0.0402719721889011,51.4781558616194],[-0.0400634310827469,51.4779815084643],[-0.0396814220845217,51.4780587344965],[-0.0387320991885163,51.4772294492818],[-0.0379036209256443,51.4773180181121],[-0.0373268044237732,51.4767531814777],[-0.0369844285194921,51.4762386891892],[-0.0387955407724666,51.4759818539024],[-0.0392128592620847,51.4759888378099],[-0.0394897449059369,51.4759125344928],[-0.039604955628937,51.4762870025043],[-0.0409792434098128,51.4757371647446],[-0.0405917516095823,51.4748217403919],[-0.0430120016789912,51.4743385568293],[-0.0454135643043657,51.4742947430985],[-0.045953702377364,51.4743100270324],[-0.0459945261172446,51.4743305209548],[-0.0468219245172362,51.4752436047958],[-0.0468714260507467,51.475325671684],[-0.0489113164044949,51.4765008631591],[-0.0500728620756924,51.4769958673648],[-0.0503872150298426,51.4771225030024],[-0.0523358501623111,51.4778806831068],[-0.0526752947615208,51.4780086138781],[-0.0543030269236447,51.4786065164795],[-0.0539941156999438,51.4791027383926],[-0.0533856206917594,51.4803218828588],[-0.0534679807685467,51.4804623998064],[-0.0533212375818721,51.4807998438186],[-0.0528315597580035,51.4826868845899],[-0.0530080202176117,51.4845688908256],[-0.0531615072390648,51.485080043167],[-0.0535133308148773,51.4857758931468],[-0.0530093748131194,51.4858579989537],[-0.0528657297367803,51.4866631101746],[-0.0539897804584447,51.4879696233834],[-0.0525480744704112,51.4875481497276],[-0.052115480888079,51.4878206526007],[-0.050572467125238,51.4878328554498],[-0.0502230709896301,51.4880745179547]]]},"properties":{"FID":623,"MSOA21CD":"E02000655","MSOA21NM":"Lewisham 003","MSOA21NMW":" ","BNG_E":535814,"BNG_N":177346,"LAT":51.47878,"LONG":-0.04563,"Shape__Area":979988.06010437012,"Shape__Length":5468.3068814424087,"GlobalID":"6f2aeb66-6d9d-49bd-a0e9-cee5e47722f1"}},{"type":"Feature","id":624,"geometry":{"type":"Polygon","coordinates":[[[-0.0227841836703055,51.4743124059668],[-0.022647084764224,51.4739851164724],[-0.021681580219967,51.4739944874476],[-0.0218783403192511,51.4735474625395],[-0.0227943898616077,51.4733895831083],[-0.0234645820359684,51.4728359902988],[-0.023792935111216,51.4726891609949],[-0.0241915629873043,51.4724219315227],[-0.0261880189355126,51.4734769875699],[-0.0255702526315475,51.4725918594609],[-0.0243990277243943,51.4722238081803],[-0.0255115857843352,51.4714691680349],[-0.0255415278462831,51.4714426937744],[-0.0263019109093606,51.4709243628624],[-0.0265502234879857,51.4707582367445],[-0.0280492078147322,51.4697223048151],[-0.0278877026538545,51.4695910875104],[-0.0287035542137731,51.4689059648612],[-0.029365131947172,51.4679279347792],[-0.0299196127152743,51.4680692799237],[-0.0299342540745491,51.4685944516305],[-0.0304205709742004,51.4681967210552],[-0.0313626552597693,51.4665307396103],[-0.0320525074822954,51.4661631301165],[-0.0328215275815295,51.4661757253616],[-0.0331368155964535,51.4666064083764],[-0.0334643938291107,51.4660092903963],[-0.0353988108338393,51.4658888548623],[-0.0359290908356181,51.4656099722697],[-0.0357178623485204,51.4651874332409],[-0.0341742105435215,51.465296549202],[-0.0339261442980349,51.4648056738355],[-0.0364739132577227,51.464656862485],[-0.0365109212791082,51.4651167778],[-0.0375350637488431,51.4651064328161],[-0.0375072775736625,51.4654074943422],[-0.0375832855912444,51.4676465477505],[-0.0377539541838013,51.4687591748383],[-0.0379039513079242,51.469441135116],[-0.0383643686407971,51.4708873279283],[-0.0390232291277098,51.4724526467047],[-0.0392085679705748,51.4728198083806],[-0.0402486289185602,51.4749009905979],[-0.036368916329434,51.4756833514442],[-0.0341365233340043,51.4758329491888],[-0.0325456151728052,51.475896321968],[-0.0322621576165657,51.4758728484797],[-0.0287442020800351,51.4753588818867],[-0.0281119951105693,51.4752497914768],[-0.0262960067859511,51.4749720581131],[-0.0261809934379031,51.4749561208679],[-0.0235014629709992,51.4745535654024],[-0.0227784507468356,51.474464091358],[-0.0227841836703055,51.4743124059668]]]},"properties":{"FID":624,"MSOA21CD":"E02000657","MSOA21NM":"Lewisham 005","MSOA21NMW":" ","BNG_E":536845,"BNG_N":176528,"LAT":51.47118,"LONG":-0.03111,"Shape__Area":872719.371170044,"Shape__Length":5022.789917318034,"GlobalID":"572deccc-e215-443e-a45d-655f497da377"}},{"type":"Feature","id":625,"geometry":{"type":"Polygon","coordinates":[[[-0.045953702377364,51.4743100270324],[-0.0454135643043657,51.4742947430985],[-0.0430120016789912,51.4743385568293],[-0.0405917516095823,51.4748217403919],[-0.0402486289185602,51.4749009905979],[-0.0392085679705748,51.4728198083806],[-0.0390232291277098,51.4724526467047],[-0.0383643686407971,51.4708873279283],[-0.0398877761876844,51.4708957450926],[-0.0405785687296275,51.4702184152215],[-0.0412904967151465,51.4705199263492],[-0.0421478994997211,51.4697631684122],[-0.0428883348771222,51.4700957490237],[-0.0432736530644738,51.4699570839649],[-0.0437625676694624,51.468286610409],[-0.0440060935847686,51.4682990701277],[-0.0444635650325092,51.4681187636392],[-0.044233371138184,51.466356511785],[-0.0455072465014187,51.4663580712209],[-0.0463009159326165,51.4657373215401],[-0.0481621942674744,51.4661077087807],[-0.0483442601296526,51.4659383928347],[-0.0489919776211946,51.466215410694],[-0.0509291292711048,51.466619785398],[-0.0505999342431807,51.4667476885123],[-0.0512872830864886,51.467368922726],[-0.050921427658897,51.4675579640355],[-0.0522570583181134,51.4692139944979],[-0.0517224851602085,51.4696546251159],[-0.0516936900016532,51.4697160263605],[-0.0522588684253751,51.4714330735361],[-0.052286839735214,51.4715227965105],[-0.0526088304916185,51.4725400928421],[-0.0527313432878096,51.4729688953188],[-0.0527348588729235,51.4733542394425],[-0.0527361074038281,51.4735901794818],[-0.0527289328707079,51.4752413205728],[-0.0527282509155128,51.4753856125947],[-0.0527265697259951,51.4755865432907],[-0.0527232994280177,51.4760761216292],[-0.0527127885886712,51.4766278140403],[-0.0526752947615208,51.4780086138781],[-0.0523358501623111,51.4778806831068],[-0.0503872150298426,51.4771225030024],[-0.0500728620756924,51.4769958673648],[-0.0489113164044949,51.4765008631591],[-0.0468714260507467,51.475325671684],[-0.0468219245172362,51.4752436047958],[-0.0459945261172446,51.4743305209548],[-0.045953702377364,51.4743100270324]]]},"properties":{"FID":625,"MSOA21CD":"E02000658","MSOA21NM":"Lewisham 006","MSOA21NMW":" ","BNG_E":535842,"BNG_N":176571,"LAT":51.4718,"LONG":-0.04553,"Shape__Area":774927.49514770508,"Shape__Length":4277.9987536347626,"GlobalID":"cd9e40c2-c03f-4e62-8e42-5de45135db78"}},{"type":"Feature","id":626,"geometry":{"type":"Polygon","coordinates":[[[-0.00546333386951475,51.4723670746414],[-0.00220116971053377,51.4719025897317],[-0.00222116273513445,51.4699864982681],[-0.00138367238831703,51.4697114364346],[-8.08289914182012E-05,51.4692126104787],[0.000331452218590281,51.4677757164716],[0.000630661582633205,51.4673381923461],[0.00208763935607953,51.4670363287074],[0.00240937670625044,51.4664252508537],[0.00152237124493525,51.4662843716974],[0.00146747035784025,51.4658952892239],[0.000831508472211099,51.4659258952973],[0.00121770194560627,51.4653511404247],[0.00244400297211759,51.4654293760793],[0.00286996008283427,51.4652660533512],[0.00249527282037217,51.4645476184937],[0.00065881686016593,51.4643403643731],[0.00144175859583455,51.4632064024802],[0.00169440025593575,51.4627600757874],[0.00210552858922806,51.4627856317353],[0.00222974460702007,51.4620224207219],[0.0030363103173548,51.461198018586],[0.0031843168813767,51.4610750681037],[0.00108362541078138,51.4606135818245],[0.00129899080626666,51.4601749150705],[-0.000635850521442187,51.4599980425744],[-0.000782624003769511,51.46003140752],[-0.00088934048831309,51.4603450619403],[0.00108624005803925,51.4606195489361],[0.0002943999065575,51.4621467511728],[-0.0018364743063321,51.4615918697428],[-0.00290684160318783,51.4618420168953],[-0.00337052958998468,51.46194650365],[-0.00493368701968231,51.4620561800385],[-0.00498248292625748,51.462074501152],[-0.00649488369341648,51.4624238933855],[-0.00754036831962585,51.4625755482083],[-0.00846279513710459,51.4622348320889],[-0.0101859301844169,51.462731218105],[-0.0105464350988663,51.4633010138825],[-0.0111271533374215,51.4643467776035],[-0.0112230697041404,51.4650135693542],[-0.0110877211072616,51.4653903344393],[-0.0109487987929431,51.4659871692725],[-0.012107501585367,51.4679480920214],[-0.0122878428998446,51.4681192221853],[-0.013104583069785,51.4689358176637],[-0.0136193927645091,51.469573430886],[-0.0140140778127904,51.4700406132352],[-0.0144683878570742,51.4707878728742],[-0.0147783842812095,51.4713028288356],[-0.0151198807294138,51.4717297057832],[-0.0145074570278257,51.4719038049711],[-0.0140513116309381,51.4726384165525],[-0.0134110515655911,51.4723991347564],[-0.0123256762850402,51.4723502030834],[-0.0120810505887305,51.4723752923238],[-0.0083222253375733,51.4726852746021],[-0.00767952658243239,51.4726328785279],[-0.00546333386951475,51.4723670746414]]]},"properties":{"FID":626,"MSOA21CD":"E02000659","MSOA21NM":"Lewisham 007","MSOA21NMW":" ","BNG_E":538606,"BNG_N":176156,"LAT":51.46741,"LONG":-0.00592,"Shape__Area":1024892.2654342651,"Shape__Length":5306.1353329190506,"GlobalID":"3bba08c6-c647-4967-868a-4c436bb7bbc7"}},{"type":"Feature","id":627,"geometry":{"type":"Polygon","coordinates":[[[-0.0199526881427608,51.4729213131862],[-0.0202540376174987,51.4722497698597],[-0.0192761134327962,51.4719608780238],[-0.0192434909830358,51.471881674808],[-0.0192234283428616,51.4718090328483],[-0.0188173367451883,51.4711260000281],[-0.0190934358206318,51.4699475725561],[-0.0178588230495722,51.4694782547592],[-0.0171150966727097,51.4692979061189],[-0.0199649336735992,51.4683106341401],[-0.0198324807156523,51.4680527218716],[-0.0207412082440298,51.4680192135026],[-0.0228075137022224,51.467482259024],[-0.0231512329814364,51.4675933694714],[-0.0231772590826187,51.4676039092915],[-0.0231782736322202,51.4676043202933],[-0.0231782957568241,51.4676042748027],[-0.0231789970561453,51.4676028405721],[-0.0244423354367462,51.4650198324201],[-0.0244948511199201,51.4648252842436],[-0.024786498438701,51.4630692397178],[-0.025428750064218,51.4631602623214],[-0.0269723499331215,51.4632291495669],[-0.0280332235687011,51.4628502180618],[-0.0283703694608002,51.4628850087266],[-0.0296040538993752,51.4632676034083],[-0.0305722418548291,51.4624378570423],[-0.032406962976848,51.4613380235806],[-0.0341379576396486,51.4610435347442],[-0.0344225645460684,51.4607100497361],[-0.0349350481846404,51.4611621157633],[-0.0353816162820439,51.4609892521114],[-0.0365993458109689,51.4615962506757],[-0.0371151788158579,51.4612462260271],[-0.0383738842457147,51.461750254474],[-0.0375350637488431,51.4651064328161],[-0.0365109212791082,51.4651167778],[-0.0364739132577227,51.464656862485],[-0.0339261442980349,51.4648056738355],[-0.0341742105435215,51.465296549202],[-0.0357178623485204,51.4651874332409],[-0.0359290908356181,51.4656099722697],[-0.0353988108338393,51.4658888548623],[-0.0334643938291107,51.4660092903963],[-0.0331368155964535,51.4666064083764],[-0.0328215275815295,51.4661757253616],[-0.0320525074822954,51.4661631301165],[-0.0313626552597693,51.4665307396103],[-0.0304205709742004,51.4681967210552],[-0.0299342540745491,51.4685944516305],[-0.0299196127152743,51.4680692799237],[-0.029365131947172,51.4679279347792],[-0.0287035542137731,51.4689059648612],[-0.0278877026538545,51.4695910875104],[-0.0280492078147322,51.4697223048151],[-0.0265502234879857,51.4707582367445],[-0.0263019109093606,51.4709243628624],[-0.0255415278462831,51.4714426937744],[-0.0255115857843352,51.4714691680349],[-0.0243990277243943,51.4722238081803],[-0.0255702526315475,51.4725918594609],[-0.0261880189355126,51.4734769875699],[-0.0241915629873043,51.4724219315227],[-0.023792935111216,51.4726891609949],[-0.0234645820359684,51.4728359902988],[-0.0227943898616077,51.4733895831083],[-0.0218783403192511,51.4735474625395],[-0.021681580219967,51.4739944874476],[-0.0209587181636223,51.4736187807547],[-0.0208153350972251,51.4735234627339],[-0.0207111441421246,51.4733545881116],[-0.0203334812053027,51.4731726767714],[-0.0199526881427608,51.4729213131862]]]},"properties":{"FID":627,"MSOA21CD":"E02000660","MSOA21NM":"Lewisham 008","MSOA21NMW":" ","BNG_E":537096,"BNG_N":176012,"LAT":51.46648,"LONG":-0.0277,"Shape__Area":816961.259475708,"Shape__Length":5831.9330359166352,"GlobalID":"b031ac1b-55b6-48c1-9459-7d55705276c6"}},{"type":"Feature","id":628,"geometry":{"type":"Polygon","coordinates":[[[0.0149291433864935,51.4726980392099],[0.016242786604268,51.4700332095997],[0.0166751473315303,51.4694945408694],[0.0163678938426194,51.469054200938],[0.0135748741103722,51.4698808152536],[0.0126353102656133,51.4697784406335],[0.0130698738096399,51.4684570934583],[0.0128167673097478,51.4676798864625],[0.013301370153377,51.4668356784701],[0.0121613157273488,51.4665243927186],[0.00996718968224173,51.4660070579778],[0.00979272581256532,51.4659796225763],[0.00914036346819539,51.4658776424137],[0.00913482647898761,51.4645849267993],[0.00934464987694845,51.464030195956],[0.00987362857701806,51.4615039456622],[0.00985707127705909,51.4607329436683],[0.0100768283610609,51.4592476518381],[0.010102767150551,51.4591608238707],[0.0114080650972792,51.4566758186865],[0.00971536391205225,51.456628293361],[0.00952689954538257,51.456720830102],[0.00813981891978717,51.4579919476899],[0.0066956486278158,51.4585917369618],[0.00611647307604637,51.458664257779],[0.00589315154582561,51.4586735713813],[0.00303473485470059,51.4586150944122],[0.00191757897457394,51.4586114652871],[-0.000390349138702979,51.4585940108749],[-0.00177618287085078,51.4586937470541],[-0.00312814346035374,51.4591029501036],[-0.00375683895338505,51.459601298172],[-0.00211990872451524,51.4601123220945],[-0.00198441387660888,51.4601489367913],[-0.00088934048831309,51.4603450619403],[-0.000782624003769511,51.46003140752],[-0.000635850521442187,51.4599980425744],[0.00129899080626666,51.4601749150705],[0.00108362541078138,51.4606135818245],[0.0031843168813767,51.4610750681037],[0.0030363103173548,51.461198018586],[0.00222974460702007,51.4620224207219],[0.00210552858922806,51.4627856317353],[0.00169440025593575,51.4627600757874],[0.00144175859583455,51.4632064024802],[0.00065881686016593,51.4643403643731],[0.00249527282037217,51.4645476184937],[0.00286996008283427,51.4652660533512],[0.00244400297211759,51.4654293760793],[0.00121770194560627,51.4653511404247],[0.000831508472211099,51.4659258952973],[0.00146747035784025,51.4658952892239],[0.00152237124493525,51.4662843716974],[0.00240937670625044,51.4664252508537],[0.00208763935607953,51.4670363287074],[0.000630661582633205,51.4673381923461],[0.000331452218590281,51.4677757164716],[-8.08289914182012E-05,51.4692126104787],[-0.00138367238831703,51.4697114364346],[-0.00222116273513445,51.4699864982681],[-0.00220116971053377,51.4719025897317],[-0.00066695578276179,51.4718090731054],[0.0121156519577685,51.4731737142464],[0.0162890010506743,51.4736718514092],[0.0183493779348543,51.4739131870418],[0.0156254341670707,51.4732586948447],[0.0149360142443901,51.4730931114045],[0.0149291433864935,51.4726980392099]]]},"properties":{"FID":628,"MSOA21CD":"E02000661","MSOA21NM":"Lewisham 009","MSOA21NMW":" ","BNG_E":539526,"BNG_N":175980,"LAT":51.4656,"LONG":0.007248,"Shape__Area":1288121.1321105957,"Shape__Length":7706.52307049812,"GlobalID":"e8ea0161-d0ba-463e-a794-66a818a100ee"}},{"type":"Feature","id":629,"geometry":{"type":"Polygon","coordinates":[[[-0.0383643686407971,51.4708873279283],[-0.0379039513079242,51.469441135116],[-0.0377539541838013,51.4687591748383],[-0.0375832855912444,51.4676465477505],[-0.0375072775736625,51.4654074943422],[-0.0375350637488431,51.4651064328161],[-0.0383738842457147,51.461750254474],[-0.0386539685223836,51.4610456184663],[-0.0390354446290876,51.460085787239],[-0.0391936260449319,51.4596852912836],[-0.0396247367981024,51.4585424093073],[-0.0399014479439951,51.4578096228558],[-0.0405402640599908,51.4561340131798],[-0.0412649194620846,51.4548926814605],[-0.041622761821125,51.4549898607954],[-0.044724507418372,51.4566043032802],[-0.0461373517912601,51.4569576354197],[-0.0454111567965441,51.4586852913888],[-0.0452135096686921,51.4594317955174],[-0.0451797357680519,51.459748410119],[-0.0451859274534338,51.4611313970806],[-0.0452398334071038,51.4618989337568],[-0.045290552908521,51.4622253411876],[-0.0461840643754711,51.4641009527025],[-0.0471241422686368,51.4648794272401],[-0.0485845771249051,51.465580737353],[-0.0483442601296526,51.4659383928347],[-0.0481621942674744,51.4661077087807],[-0.0463009159326165,51.4657373215401],[-0.0455072465014187,51.4663580712209],[-0.044233371138184,51.466356511785],[-0.0444635650325092,51.4681187636392],[-0.0440060935847686,51.4682990701277],[-0.0437625676694624,51.468286610409],[-0.0432736530644738,51.4699570839649],[-0.0428883348771222,51.4700957490237],[-0.0421478994997211,51.4697631684122],[-0.0412904967151465,51.4705199263492],[-0.0405785687296275,51.4702184152215],[-0.0398877761876844,51.4708957450926],[-0.0383643686407971,51.4708873279283]]]},"properties":{"FID":629,"MSOA21CD":"E02000662","MSOA21NM":"Lewisham 010","MSOA21NMW":" ","BNG_E":536033,"BNG_N":175598,"LAT":51.46301,"LONG":-0.04315,"Shape__Area":767460.18019866943,"Shape__Length":4547.5268478472772,"GlobalID":"e50d9ff4-3ab5-4a8e-b9c1-0bca8048addb"}},{"type":"Feature","id":630,"geometry":{"type":"Polygon","coordinates":[[[-0.0191504046006723,51.4675650666603],[-0.0178078867152323,51.4659819038568],[-0.0174678791864529,51.4650773418424],[-0.0170613571254411,51.4638273283502],[-0.0169560772667698,51.4635001334585],[-0.0169333304146466,51.4634294417444],[-0.0165408056317665,51.4622395141808],[-0.0161253139435632,51.4602506033637],[-0.0164706551487933,51.4594187855763],[-0.0168955359233366,51.4589461736592],[-0.018820976725418,51.4565837052753],[-0.019804838799775,51.4566155716947],[-0.0202202815194838,51.4571644983314],[-0.0210403820436112,51.458041057996],[-0.0233589211688232,51.4581806898382],[-0.023802683230368,51.4585577967023],[-0.0244498741466541,51.4584459799254],[-0.0250162267222007,51.4585574754962],[-0.0248033402345581,51.4592866736721],[-0.0244447231497638,51.460077067638],[-0.0270635337336607,51.4604867002549],[-0.0264808358048555,51.4610597566513],[-0.0252617966516566,51.4610264648946],[-0.0247572893341706,51.4623217892997],[-0.0248758221110122,51.4623029142342],[-0.0264731251131207,51.4625374290399],[-0.0290480726332497,51.4619152720288],[-0.0291021512101962,51.4618295797046],[-0.0312476829803665,51.4602648353313],[-0.0316754626231411,51.4604427768165],[-0.0320920249267247,51.4602337162906],[-0.0323464871707859,51.4604865611849],[-0.0319291964167632,51.4609306760894],[-0.032406962976848,51.4613380235806],[-0.0305722418548291,51.4624378570423],[-0.0296040538993752,51.4632676034083],[-0.0283703694608002,51.4628850087266],[-0.0280332235687011,51.4628502180618],[-0.0269723499331215,51.4632291495669],[-0.025428750064218,51.4631602623214],[-0.024786498438701,51.4630692397178],[-0.0244948511199201,51.4648252842436],[-0.0244423354367462,51.4650198324201],[-0.0231789970561453,51.4676028405721],[-0.0231782957568241,51.4676042748027],[-0.0231782736322202,51.4676043202933],[-0.0231772590826187,51.4676039092915],[-0.0231512329814364,51.4675933694714],[-0.0228075137022224,51.467482259024],[-0.0207412082440298,51.4680192135026],[-0.0198324807156523,51.4680527218716],[-0.0191504046006723,51.4675650666603]]]},"properties":{"FID":630,"MSOA21CD":"E02000663","MSOA21NM":"Lewisham 011","MSOA21NMW":" ","BNG_E":537352,"BNG_N":175573,"LAT":51.46247,"LONG":-0.02419,"Shape__Area":647133.19176483154,"Shape__Length":4780.3827975975273,"GlobalID":"b93a7e4b-1774-4afd-828c-2c3796abbf68"}},{"type":"Feature","id":631,"geometry":{"type":"Polygon","coordinates":[[[-0.00177618287085078,51.4586937470541],[-0.000390349138702979,51.4585940108749],[0.00191757897457394,51.4586114652871],[0.00303473485470059,51.4586150944122],[0.00589315154582561,51.4586735713813],[0.00611647307604637,51.458664257779],[0.0066956486278158,51.4585917369618],[0.00813981891978717,51.4579919476899],[0.00952689954538257,51.456720830102],[0.00971536391205225,51.456628293361],[0.0114080650972792,51.4566758186865],[0.0132342042268671,51.4559749104148],[0.0146258054612984,51.4556200452245],[0.0147548780868283,51.4555928911685],[0.0169014792389195,51.4551760230697],[0.0175060043181993,51.4550499598719],[0.0174797857562428,51.4542545427728],[0.0181263150513048,51.4525838771972],[0.0183969539513594,51.4515947352566],[0.0163375267158038,51.4512706416157],[0.0156780505914103,51.4529126528675],[0.0150503201275359,51.4528294908395],[0.0142406109163616,51.4527176920517],[0.0139232888549992,51.453712160812],[0.0136320124506352,51.4546164470647],[0.012676803970674,51.4544979478534],[0.0118041559307427,51.4551584337918],[0.0117160711335081,51.4542536266642],[0.0106674763600866,51.4542170997967],[0.00878974830999145,51.4540658529705],[0.00831423064027375,51.4540191209341],[0.00837569305392911,51.453667122582],[0.00547103412124769,51.4533789667791],[0.00502946593424228,51.4540187036188],[0.00450526098708418,51.4539634717564],[0.00437092273671692,51.4542296983911],[0.00387626933656546,51.4541801188436],[0.00386136908649574,51.4537276105413],[0.00237504297789486,51.4539668779869],[0.00204682391825195,51.4536726589051],[0.000971808989418955,51.4541046727046],[0.000453168914997218,51.4537459344611],[0.000391557425711599,51.4534561853923],[-0.000236935051510075,51.4529036529563],[0.00260780855478546,51.4518319684189],[0.00179003078210059,51.4515605211797],[-0.000737117433248658,51.4526060717079],[-0.0011143402776958,51.4518476105722],[-0.0024758720646853,51.4530782867537],[-0.00278367385193995,51.4533099051115],[-0.00558539342832868,51.4550092219703],[-0.00669312839831933,51.4555786843559],[-0.00886351502751631,51.4566992676052],[-0.00843539425652037,51.4566684827244],[-0.00838183930955682,51.4577993271513],[-0.00685072157107972,51.4580279370864],[-0.00683321603199789,51.4580325946615],[-0.0059285460103244,51.4585246925174],[-0.00535320449041858,51.4586383524261],[-0.00514577650055334,51.4582788269862],[-0.00475747816388347,51.4583143266389],[-0.00345234576095472,51.4589447635612],[-0.00312814346035374,51.4591029501036],[-0.00177618287085078,51.4586937470541]]]},"properties":{"FID":631,"MSOA21CD":"E02000665","MSOA21NM":"Lewisham 013","MSOA21NMW":" ","BNG_E":539238,"BNG_N":174820,"LAT":51.45525,"LONG":0.002648,"Shape__Area":796922.46074676514,"Shape__Length":5968.2663347842508,"GlobalID":"15e1dd0a-6634-412a-b3ff-85baf59110c5"}},{"type":"Feature","id":632,"geometry":{"type":"Polygon","coordinates":[[[-0.0264731251131207,51.4625374290399],[-0.0248758221110122,51.4623029142342],[-0.0247572893341706,51.4623217892997],[-0.0252617966516566,51.4610264648946],[-0.0264808358048555,51.4610597566513],[-0.0270635337336607,51.4604867002549],[-0.0244447231497638,51.460077067638],[-0.0248033402345581,51.4592866736721],[-0.0250162267222007,51.4585574754962],[-0.0244498741466541,51.4584459799254],[-0.023802683230368,51.4585577967023],[-0.0233589211688232,51.4581806898382],[-0.0210403820436112,51.458041057996],[-0.0202202815194838,51.4571644983314],[-0.019804838799775,51.4566155716947],[-0.018820976725418,51.4565837052753],[-0.0196038618241909,51.4554553172879],[-0.0197687605063509,51.4552114556821],[-0.0220148683382623,51.4520317623121],[-0.0230738753289467,51.4519147000393],[-0.0258470851777003,51.449957507373],[-0.0267438737921177,51.450912335747],[-0.0278628098914947,51.4517520808841],[-0.0302179337718158,51.4528239418076],[-0.0302241153631687,51.4528251194215],[-0.031518290797011,51.4532559797589],[-0.0334743715448772,51.4539158786272],[-0.0316090551348761,51.4552586035542],[-0.0346482618599534,51.4560649541472],[-0.0356966262073358,51.4563169695963],[-0.0360478461667481,51.4564048371766],[-0.0354394876263614,51.4571334045079],[-0.0345748022843625,51.4578125456887],[-0.0340183656580431,51.4585161631162],[-0.0376101357890491,51.4593310869517],[-0.0380514057047585,51.4594311837236],[-0.0391936260449319,51.4596852912836],[-0.0390354446290876,51.460085787239],[-0.0386539685223836,51.4610456184663],[-0.0383738842457147,51.461750254474],[-0.0371151788158579,51.4612462260271],[-0.0365993458109689,51.4615962506757],[-0.0353816162820439,51.4609892521114],[-0.0349350481846404,51.4611621157633],[-0.0344225645460684,51.4607100497361],[-0.0341379576396486,51.4610435347442],[-0.032406962976848,51.4613380235806],[-0.0319291964167632,51.4609306760894],[-0.0323464871707859,51.4604865611849],[-0.0320920249267247,51.4602337162906],[-0.0316754626231411,51.4604427768165],[-0.0312476829803665,51.4602648353313],[-0.0291021512101962,51.4618295797046],[-0.0290480726332497,51.4619152720288],[-0.0264731251131207,51.4625374290399]]]},"properties":{"FID":632,"MSOA21CD":"E02000666","MSOA21NM":"Lewisham 014","MSOA21NMW":" ","BNG_E":537134,"BNG_N":174877,"LAT":51.45627,"LONG":-0.02759,"Shape__Area":955599.86789703369,"Shape__Length":5572.5455194722181,"GlobalID":"7c32fd00-9021-4778-9c8a-69c401495410"}},{"type":"Feature","id":633,"geometry":{"type":"Polygon","coordinates":[[[-0.0316090551348761,51.4552586035542],[-0.0334743715448772,51.4539158786272],[-0.031518290797011,51.4532559797589],[-0.0302241153631687,51.4528251194215],[-0.0302179337718158,51.4528239418076],[-0.0278628098914947,51.4517520808841],[-0.0267438737921177,51.450912335747],[-0.0258470851777003,51.449957507373],[-0.0256037928756551,51.4495714929568],[-0.0260741629743202,51.4494685491976],[-0.0280793080291344,51.4485348480073],[-0.0286706173207033,51.4488105127473],[-0.0297803319207546,51.4487762070987],[-0.0296720246321681,51.4483654724871],[-0.0303481192287033,51.4483401865282],[-0.0317958176946764,51.4480075711676],[-0.0332759211656524,51.4465636654529],[-0.0352597784679267,51.4472724571124],[-0.0334157280589243,51.4482436488607],[-0.033219876624883,51.4487985870862],[-0.0337864176789767,51.4490036484358],[-0.0344807444788264,51.4490241663676],[-0.033536281069937,51.4501775552327],[-0.0339770195106349,51.4502906669118],[-0.0331693271175665,51.4512721302958],[-0.0335948563402321,51.4514223076715],[-0.0342253527360206,51.4507553658809],[-0.0345397692637156,51.4509039393272],[-0.0343003363300375,51.4513757310986],[-0.0366760601883325,51.4501911858163],[-0.0372310401236476,51.4506242476234],[-0.0388231665873483,51.4505368352917],[-0.0391111752012909,51.4519067804688],[-0.0397857163968545,51.4512049665417],[-0.0402999961996168,51.4513182027137],[-0.0408428700654354,51.4503384579885],[-0.0432192268886209,51.4508645539367],[-0.0420438610039112,51.4519808745991],[-0.0422422754703904,51.4522860240431],[-0.0417921817357845,51.4527493302265],[-0.0421604984738625,51.4535828067755],[-0.0424572582651734,51.4538433630841],[-0.041622761821125,51.4549898607954],[-0.0412649194620846,51.4548926814605],[-0.0405402640599908,51.4561340131798],[-0.0399014479439951,51.4578096228558],[-0.0396247367981024,51.4585424093073],[-0.0391936260449319,51.4596852912836],[-0.0380514057047585,51.4594311837236],[-0.0376101357890491,51.4593310869517],[-0.0340183656580431,51.4585161631162],[-0.0345748022843625,51.4578125456887],[-0.0354394876263614,51.4571334045079],[-0.0360478461667481,51.4564048371766],[-0.0356966262073358,51.4563169695963],[-0.0346482618599534,51.4560649541472],[-0.0316090551348761,51.4552586035542]]]},"properties":{"FID":633,"MSOA21CD":"E02000667","MSOA21NM":"Lewisham 015","MSOA21NMW":" ","BNG_E":536530,"BNG_N":174511,"LAT":51.45313,"LONG":-0.03642,"Shape__Area":731997.50402832031,"Shape__Length":5708.7415645912806,"GlobalID":"83a53a79-37d6-43dd-a0bb-67911ec5c6a3"}},{"type":"Feature","id":634,"geometry":{"type":"Polygon","coordinates":[[[0.0118041559307427,51.4551584337918],[0.012676803970674,51.4544979478534],[0.0136320124506352,51.4546164470647],[0.0139232888549992,51.453712160812],[0.0142406109163616,51.4527176920517],[0.0150503201275359,51.4528294908395],[0.0156780505914103,51.4529126528675],[0.0163375267158038,51.4512706416157],[0.0183969539513594,51.4515947352566],[0.019591132346485,51.4517214274594],[0.0198657057628444,51.4507276816846],[0.0150300495634183,51.4502189547717],[0.0150677999648053,51.4500384254891],[0.0206004510754992,51.4491192677458],[0.0219536702003066,51.4489577079526],[0.0223353156571994,51.4481654204934],[0.0223697080024595,51.4481129295829],[0.0146805520886219,51.4462747181257],[0.0137875623311581,51.4460225457154],[0.011918719170794,51.445849962331],[0.0115988514369165,51.4458317253656],[0.0085552897078418,51.445650194803],[0.00539756606877181,51.4454179604183],[0.00510503812784412,51.4457108005762],[0.00323250103006795,51.4475822317535],[0.00207825693787403,51.4487329524598],[-0.0011143402776958,51.4518476105722],[-0.000737117433248658,51.4526060717079],[0.00179003078210059,51.4515605211797],[0.00260780855478546,51.4518319684189],[-0.000236935051510075,51.4529036529563],[0.000391557425711599,51.4534561853923],[0.000453168914997218,51.4537459344611],[0.000971808989418955,51.4541046727046],[0.00204682391825195,51.4536726589051],[0.00237504297789486,51.4539668779869],[0.00386136908649574,51.4537276105413],[0.00387626933656546,51.4541801188436],[0.00437092273671692,51.4542296983911],[0.00450526098708418,51.4539634717564],[0.00502946593424228,51.4540187036188],[0.00547103412124769,51.4533789667791],[0.00837569305392911,51.453667122582],[0.00831423064027375,51.4540191209341],[0.00878974830999145,51.4540658529705],[0.0106674763600866,51.4542170997967],[0.0117160711335081,51.4542536266642],[0.0118041559307427,51.4551584337918]]]},"properties":{"FID":634,"MSOA21CD":"E02000668","MSOA21NM":"Lewisham 016","MSOA21NMW":" ","BNG_E":539604,"BNG_N":174280,"LAT":51.4503,"LONG":0.0077,"Shape__Area":1019693.153755188,"Shape__Length":5844.7445861764854,"GlobalID":"a0eadc17-f975-4d3a-81e3-44d7916139ac"}},{"type":"Feature","id":635,"geometry":{"type":"Polygon","coordinates":[[[-0.00844567918073455,51.4540131599764],[-0.00746208546647009,51.4527252441519],[-0.0063318783876493,51.4513253672309],[-0.00620593047753048,51.4518986428126],[-0.0051352504680844,51.4521593378974],[-0.00455293402622823,51.4526706446036],[-0.00347356461960525,51.4526142911561],[-0.00268426268357672,51.4526902691259],[-0.00284400682878966,51.4529609579506],[-0.0024758720646853,51.4530782867537],[-0.0011143402776958,51.4518476105722],[0.00207825693787403,51.4487329524598],[0.00323250103006795,51.4475822317535],[0.00510503812784412,51.4457108005762],[0.00539756606877181,51.4454179604183],[0.00444478165148928,51.4452607607409],[0.00443395301380067,51.4452595572947],[0.00130043877260254,51.4451603222847],[-0.0010062814367217,51.445104254144],[-0.00215725260088237,51.4450781804595],[-0.00568537969426026,51.4450788996006],[-0.00566688507672073,51.4453960113186],[-0.00620111858811855,51.4468723909507],[-0.006879894113468,51.4483598193063],[-0.00702250060936166,51.4493834721718],[-0.00703224010026367,51.4496569824659],[-0.00816584943791598,51.4497943188096],[-0.00897669592748189,51.4505940043561],[-0.010538853208194,51.450570527522],[-0.0113174309211461,51.4505295557237],[-0.0139042328122839,51.450397691746],[-0.014523817481577,51.4503925839522],[-0.0160611612685898,51.4504504078695],[-0.0169352476359426,51.4505069516094],[-0.0167454730329427,51.4520303690252],[-0.0162734627011097,51.452010482439],[-0.0159459385888218,51.4515743827359],[-0.0142940776124475,51.4514589382463],[-0.0141517509683924,51.4518363266887],[-0.0141368728723033,51.451875775557],[-0.0145273985957585,51.4518841313335],[-0.0141011713263047,51.4519247037554],[-0.013067402323633,51.451698328552],[-0.0109461284143161,51.4517022320314],[-0.010276777329508,51.4520616637106],[-0.0105258486649938,51.4526362691852],[-0.011347281073803,51.4534868399454],[-0.011085941690366,51.453909776001],[-0.0101213069316626,51.4539174258125],[-0.00986231580088764,51.4536823516618],[-0.00886958681816776,51.4538940523386],[-0.00844567918073455,51.4540131599764]]]},"properties":{"FID":635,"MSOA21CD":"E02000669","MSOA21NM":"Lewisham 017","MSOA21NMW":" ","BNG_E":538674,"BNG_N":174121,"LAT":51.4491,"LONG":-0.00574,"Shape__Area":640256.45914459229,"Shape__Length":4978.1990871926546,"GlobalID":"08363133-5e3b-4b65-929c-d860392a22d5"}},{"type":"Feature","id":636,"geometry":{"type":"Polygon","coordinates":[[[-0.00897669592748189,51.4505940043561],[-0.00816584943791598,51.4497943188096],[-0.00703224010026367,51.4496569824659],[-0.00702250060936166,51.4493834721718],[-0.006879894113468,51.4483598193063],[-0.00620111858811855,51.4468723909507],[-0.00566688507672073,51.4453960113186],[-0.00568537969426026,51.4450788996006],[-0.00695504882839523,51.4450837684095],[-0.00898836385540697,51.4450907782644],[-0.00903412794046299,51.4445797403305],[-0.00918514509149076,51.4441991765969],[-0.0101611907007689,51.442194888915],[-0.0101623751119335,51.4421914089886],[-0.0102733234689309,51.4418717785057],[-0.0111426073851832,51.4420631504313],[-0.0133855662825895,51.4425023238193],[-0.0139798931408115,51.4429269681264],[-0.0143807508303835,51.4427579490472],[-0.0188436208394347,51.44355027897],[-0.0191824836171108,51.44314080415],[-0.020325944711087,51.4431980378289],[-0.020117019556422,51.4441797680769],[-0.0178899796305524,51.4439932219729],[-0.0176994162817422,51.4445584215739],[-0.0184003920697556,51.4448043869199],[-0.0181286288886936,51.4459868773217],[-0.0172779780237223,51.4458975727549],[-0.0171315874690865,51.4462333011072],[-0.018116942829851,51.4463705665076],[-0.0179416243630636,51.4467077584964],[-0.0179392348788023,51.4467099645315],[-0.0177577905102657,51.4470816859659],[-0.0171918459120547,51.4470517515316],[-0.0172149422094265,51.44794308114],[-0.017124029271091,51.4482411588955],[-0.0175547341472252,51.4483036552326],[-0.0170218074918442,51.4497519551213],[-0.0169352476359426,51.4505069516094],[-0.0160611612685898,51.4504504078695],[-0.014523817481577,51.4503925839522],[-0.0139042328122839,51.450397691746],[-0.0113174309211461,51.4505295557237],[-0.010538853208194,51.450570527522],[-0.00897669592748189,51.4505940043561]]]},"properties":{"FID":636,"MSOA21CD":"E02000670","MSOA21NM":"Lewisham 018","MSOA21NMW":" ","BNG_E":538183,"BNG_N":173812,"LAT":51.44645,"LONG":-0.01292,"Shape__Area":623948.75569152832,"Shape__Length":3861.7887072448693,"GlobalID":"e74a8781-35ff-4cd7-b978-fd7f9b1c00db"}},{"type":"Feature","id":637,"geometry":{"type":"Polygon","coordinates":[[[-0.0432192268886209,51.4508645539367],[-0.0408428700654354,51.4503384579885],[-0.0402999961996168,51.4513182027137],[-0.0397857163968545,51.4512049665417],[-0.0391111752012909,51.4519067804688],[-0.0388231665873483,51.4505368352917],[-0.0372310401236476,51.4506242476234],[-0.0366760601883325,51.4501911858163],[-0.0343003363300375,51.4513757310986],[-0.0345397692637156,51.4509039393272],[-0.0342253527360206,51.4507553658809],[-0.0335948563402321,51.4514223076715],[-0.0331693271175665,51.4512721302958],[-0.0339770195106349,51.4502906669118],[-0.033536281069937,51.4501775552327],[-0.0344807444788264,51.4490241663676],[-0.0337864176789767,51.4490036484358],[-0.033219876624883,51.4487985870862],[-0.0334157280589243,51.4482436488607],[-0.0352597784679267,51.4472724571124],[-0.0332759211656524,51.4465636654529],[-0.034006246698079,51.4455308300961],[-0.0333358088131111,51.4443064151871],[-0.0343291951675695,51.4441001559151],[-0.0338078824325573,51.4428780078398],[-0.0340023785061848,51.4422473268535],[-0.0362192811705435,51.4423651659293],[-0.0388173070430313,51.4421565382663],[-0.0394762515217728,51.4421037254707],[-0.042513281696315,51.442269931226],[-0.0468158086888414,51.4423007007919],[-0.0473904978881119,51.4423019627284],[-0.0495133740135798,51.442344614378],[-0.0499944031752979,51.44235509046],[-0.0517605540863323,51.4420864553697],[-0.0500854192704844,51.4442342564003],[-0.0494941057911593,51.4449814513498],[-0.0494373365921729,51.445054661772],[-0.0489426142624517,51.4456918057694],[-0.0475843450821792,51.4474202752431],[-0.0471044523113928,51.4480108624328],[-0.045731211350494,51.4497788866248],[-0.0461257805854853,51.4498731879226],[-0.0424572582651734,51.4538433630841],[-0.0421604984738625,51.4535828067755],[-0.0417921817357845,51.4527493302265],[-0.0422422754703904,51.4522860240431],[-0.0420438610039112,51.4519808745991],[-0.0432192268886209,51.4508645539367]]]},"properties":{"FID":637,"MSOA21CD":"E02000671","MSOA21NM":"Lewisham 019","MSOA21NMW":" ","BNG_E":536134,"BNG_N":173759,"LAT":51.44646,"LONG":-0.04241,"Shape__Area":989781.43518829346,"Shape__Length":5608.805239027517,"GlobalID":"b3206742-3ead-4085-a0ec-b55fcc2a51a8"}},{"type":"Feature","id":638,"geometry":{"type":"Polygon","coordinates":[[[-0.0170218074918442,51.4497519551213],[-0.0175547341472252,51.4483036552326],[-0.017124029271091,51.4482411588955],[-0.0172149422094265,51.44794308114],[-0.0171918459120547,51.4470517515316],[-0.0177577905102657,51.4470816859659],[-0.0179392348788023,51.4467099645315],[-0.0179416243630636,51.4467077584964],[-0.018116942829851,51.4463705665076],[-0.0171315874690865,51.4462333011072],[-0.0172779780237223,51.4458975727549],[-0.0181286288886936,51.4459868773217],[-0.0184003920697556,51.4448043869199],[-0.0176994162817422,51.4445584215739],[-0.0178899796305524,51.4439932219729],[-0.020117019556422,51.4441797680769],[-0.020325944711087,51.4431980378289],[-0.020579901058574,51.4409184204125],[-0.0202355015071001,51.4397762197093],[-0.0194688263916558,51.4389265234506],[-0.0202010015915733,51.438698801458],[-0.0224305364861514,51.4395906022182],[-0.0228061664691044,51.4390766192124],[-0.0237928544815739,51.4392481683316],[-0.024245792237306,51.4386459236541],[-0.0256696021502836,51.4406182491211],[-0.0264065055867189,51.4420932527626],[-0.0264608699789623,51.4436281527738],[-0.027545503577558,51.4427441675445],[-0.0295089205144057,51.440646474495],[-0.0303352350747037,51.4403719839524],[-0.0329636094741632,51.4390667722084],[-0.0334444881521447,51.4416077498128],[-0.0335136810656091,51.4421163252141],[-0.0340023785061848,51.4422473268535],[-0.0338078824325573,51.4428780078398],[-0.0343291951675695,51.4441001559151],[-0.0333358088131111,51.4443064151871],[-0.034006246698079,51.4455308300961],[-0.0332759211656524,51.4465636654529],[-0.0317958176946764,51.4480075711676],[-0.0303481192287033,51.4483401865282],[-0.0296720246321681,51.4483654724871],[-0.0297803319207546,51.4487762070987],[-0.0286706173207033,51.4488105127473],[-0.0280793080291344,51.4485348480073],[-0.0260741629743202,51.4494685491976],[-0.0256037928756551,51.4495714929568],[-0.0258470851777003,51.449957507373],[-0.0230738753289467,51.4519147000393],[-0.0220148683382623,51.4520317623121],[-0.0201630672846068,51.4526602664815],[-0.0180217032106926,51.4522813056328],[-0.0167002305582383,51.4522014998309],[-0.0167454730329427,51.4520303690252],[-0.0169352476359426,51.4505069516094],[-0.0170218074918442,51.4497519551213]]]},"properties":{"FID":638,"MSOA21CD":"E02000672","MSOA21NM":"Lewisham 020","MSOA21NMW":" ","BNG_E":537277,"BNG_N":173706,"LAT":51.44571,"LONG":-0.02599,"Shape__Area":1157432.7342300415,"Shape__Length":6096.442598676309,"GlobalID":"e109fde9-326b-4e86-8f1f-b6f0e31c8578"}},{"type":"Feature","id":639,"geometry":{"type":"Polygon","coordinates":[[[-0.0563896405945662,51.4498877363066],[-0.0539198167712192,51.4487268680557],[-0.0498741032392862,51.4498598298681],[-0.0480085709693825,51.4500832525884],[-0.0461257805854853,51.4498731879226],[-0.045731211350494,51.4497788866248],[-0.0471044523113928,51.4480108624328],[-0.0475843450821792,51.4474202752431],[-0.0489426142624517,51.4456918057694],[-0.0494373365921729,51.445054661772],[-0.0494941057911593,51.4449814513498],[-0.0500854192704844,51.4442342564003],[-0.0517605540863323,51.4420864553697],[-0.0523060021741815,51.4412102863499],[-0.052761793267259,51.4402916814937],[-0.0530495842267834,51.4394719635852],[-0.0533440357919698,51.438247399804],[-0.0533787522028433,51.4379932635518],[-0.0540642106249249,51.4378532654712],[-0.0539884476008019,51.4370489317123],[-0.0547774826193082,51.4367921145334],[-0.0549558825309631,51.4374959324025],[-0.0549942274591,51.4380089369865],[-0.055545997501186,51.4383159239085],[-0.0551619505298151,51.438851271961],[-0.0562074721540395,51.4392700591929],[-0.0565897799240875,51.4388144818921],[-0.0579030688613773,51.4373894746645],[-0.0593655697590888,51.4377811618102],[-0.0591780673719644,51.4384891782365],[-0.0582574689077323,51.4391800108277],[-0.0584318622710155,51.439988748896],[-0.0589172843480383,51.4403008747638],[-0.0595065686095811,51.439772439634],[-0.0604353229219693,51.4404698063065],[-0.0637833742146068,51.4409084876738],[-0.0642972138799317,51.4409739315626],[-0.0640390611040292,51.4408505725707],[-0.0647425970925439,51.4410487460046],[-0.0649761192959564,51.4411803504595],[-0.0638457700653723,51.4425257590799],[-0.0637152855520128,51.4440639975176],[-0.0637172370748342,51.4442372421462],[-0.062195240587169,51.4473509029819],[-0.0603861586147357,51.4486751705306],[-0.0600111724196875,51.4488406680761],[-0.0575354724773353,51.4503387280909],[-0.0570211471394639,51.4501370401748],[-0.0563896405945662,51.4498877363066]]]},"properties":{"FID":639,"MSOA21CD":"E02000673","MSOA21NM":"Lewisham 021","MSOA21NMW":" ","BNG_E":535237,"BNG_N":173485,"LAT":51.44422,"LONG":-0.05541,"Shape__Area":1057569.6316146851,"Shape__Length":5277.9883970766605,"GlobalID":"c00a1c9a-bf85-4bd8-a8eb-a9e9efea4253"}},{"type":"Feature","id":640,"geometry":{"type":"Polygon","coordinates":[[[0.00384322276225109,51.4421902456899],[0.00489728821234859,51.4405478096444],[0.00535547393455516,51.439521095853],[0.00565524112978535,51.4382540888078],[0.00575906367173937,51.4379086232995],[0.0059738302983837,51.4372535866228],[0.003330263099629,51.4366646287748],[0.00242829450825507,51.436747631265],[0.00191204166682484,51.4366560926781],[0.000718970668306193,51.4363985889574],[0.000589379467972006,51.43680844673],[0.00173428246656513,51.4369782480243],[0.00171737224642405,51.4372947388681],[0.0011636195566332,51.4372692205856],[-0.000554820516839303,51.4369192180568],[-0.00110755832146989,51.4369183338372],[-0.00114876031393515,51.4374806051316],[-0.00229538511895986,51.4375692465902],[-0.00345997693020167,51.4375567519866],[-0.00400966325317518,51.4375550735832],[-0.00452419570313038,51.4375623719186],[-0.00454036449934209,51.4371321402872],[-0.00493250834071645,51.4371172194953],[-0.00633737576197978,51.4371681406693],[-0.00628386328024188,51.4375711187685],[-0.00514664011490466,51.4375631130919],[-0.00526743092947066,51.4397590946101],[-0.00676905924619634,51.4397707111368],[-0.00746088303936614,51.4393019682904],[-0.00878998013698622,51.4398091472131],[-0.00865470693017245,51.4382881987468],[-0.00923082316223952,51.4382563058273],[-0.00943676630362761,51.4390913082992],[-0.00990536435304025,51.4382802171875],[-0.0102396423017405,51.4386051531943],[-0.0108134947035103,51.4402517315017],[-0.0103587376361448,51.4406055221286],[-0.00950643853037879,51.440546663422],[-0.00940210687320255,51.4408682940522],[-0.00841869009890283,51.440832678895],[-0.00844395928434248,51.4411949717065],[-0.00888878235716624,51.4411921010653],[-0.00889200956861613,51.4420882403839],[-0.0101623751119335,51.4421914089886],[-0.0101611907007689,51.442194888915],[-0.00918514509149076,51.4441991765969],[-0.00903412794046299,51.4445797403305],[-0.00898836385540697,51.4450907782644],[-0.00695504882839523,51.4450837684095],[-0.00568537969426026,51.4450788996006],[-0.00215725260088237,51.4450781804595],[-0.0010062814367217,51.445104254144],[0.00130043877260254,51.4451603222847],[0.00443395301380067,51.4452595572947],[0.00444478165148928,51.4452607607409],[0.00380962682870315,51.4423063761931],[0.00384322276225109,51.4421902456899]]]},"properties":{"FID":640,"MSOA21CD":"E02000674","MSOA21NM":"Lewisham 022","MSOA21NMW":" ","BNG_E":538967,"BNG_N":173217,"LAT":51.44091,"LONG":-0.00188,"Shape__Area":818850.20442199707,"Shape__Length":5162.29678664477,"GlobalID":"e9a85921-4d43-4991-9678-e97b87fdee82"}},{"type":"Feature","id":641,"geometry":{"type":"Polygon","coordinates":[[[0.0250543029939395,51.4368219985634],[0.0253792453942382,51.4358419464178],[0.0249724392472742,51.4360193258348],[0.0251962142405714,51.4354491841264],[0.0239261884641493,51.4356733997536],[0.0242415511653103,51.4351406456418],[0.0236169158242556,51.4343482765787],[0.0236933380377851,51.4341013423111],[0.0242771992665655,51.4341076291304],[0.0249545298103569,51.4334167473589],[0.0255594462249088,51.4334353819496],[0.0258108293877876,51.4329783469722],[0.0248320337390208,51.4318552250953],[0.0250456628422832,51.4315897569481],[0.0232419184010619,51.4315659058555],[0.0228038662072386,51.4315536798865],[0.0213208044855765,51.4315253001666],[0.0213167265639746,51.4317591980714],[0.0210570576860101,51.4313929462766],[0.0192132161349139,51.4326431549032],[0.0179768780830468,51.4335732808941],[0.0170975422852874,51.4342918849642],[0.0158691626374301,51.4353080338272],[0.014151065153942,51.4368526571437],[0.0110045964056779,51.4398846119101],[0.0103537543450158,51.4405285269837],[0.00831707269485974,51.4425409873685],[0.00738270318316476,51.4434618288527],[0.0073065678388666,51.4435362510665],[0.00712578852748644,51.4437143729592],[0.00539756606877181,51.4454179604183],[0.0085552897078418,51.445650194803],[0.0115988514369165,51.4458317253656],[0.011918719170794,51.445849962331],[0.0137875623311581,51.4460225457154],[0.0146805520886219,51.4462747181257],[0.0223697080024595,51.4481129295829],[0.0229408915242033,51.4471969120316],[0.0212474714378465,51.4467047751637],[0.0211973012754444,51.4464480370492],[0.0215212634510361,51.4444061154455],[0.0206611381282192,51.4441744697838],[0.0215849380616119,51.4427077287197],[0.0217749354838044,51.4426557211861],[0.0250308047906246,51.4417965996905],[0.0289133282083536,51.4416254090528],[0.0288644101318178,51.4412148849447],[0.0284630338365535,51.440374646233],[0.0287173613932563,51.4388059032013],[0.0248169303356639,51.4382378633],[0.0250543029939395,51.4368219985634]]]},"properties":{"FID":641,"MSOA21CD":"E02000675","MSOA21NM":"Lewisham 023","MSOA21NMW":" ","BNG_E":540284,"BNG_N":173236,"LAT":51.44075,"LONG":0.017066,"Shape__Area":1436693.5581741333,"Shape__Length":6380.2929107560421,"GlobalID":"935814c0-11b4-4e4d-9c8b-569688c0a8ae"}},{"type":"Feature","id":642,"geometry":{"type":"Polygon","coordinates":[[[-0.0335136810656091,51.4421163252141],[-0.0334444881521447,51.4416077498128],[-0.0329636094741632,51.4390667722084],[-0.0329968060554873,51.4390315986506],[-0.0337604512522832,51.4372704307599],[-0.0338390152409196,51.4371037703872],[-0.0346416742327099,51.4372555189025],[-0.0349635392243681,51.4364658003314],[-0.0356055272235167,51.4365934717766],[-0.0353892053277833,51.4369405670158],[-0.0358444479216936,51.4370586896674],[-0.0363354633460203,51.436850249423],[-0.0373327407005318,51.4373371139352],[-0.0378329449308378,51.4371594051532],[-0.0382431544290483,51.4374944648657],[-0.0387537517575936,51.4372956364013],[-0.0401596254628257,51.4365907715124],[-0.040901829863605,51.4368546326953],[-0.0413886952759766,51.4363331807819],[-0.0411303345303753,51.4359848753304],[-0.0424066329251169,51.4354515679059],[-0.04318606186142,51.4352484692755],[-0.0432331905708436,51.435521381052],[-0.0441687022857842,51.435695471957],[-0.0448815909167325,51.4355660272656],[-0.0446741290484682,51.4351836142139],[-0.0455858617093952,51.4351021686358],[-0.045857131714676,51.4350742194005],[-0.0465854270972322,51.4350662723017],[-0.0462622693622799,51.4355485334522],[-0.0465894258932064,51.4368373455127],[-0.0460206010031295,51.4369358841567],[-0.0460620217659558,51.4374458692527],[-0.0472989639876136,51.437364464521],[-0.0488269158774444,51.4379744554486],[-0.0500350964907053,51.4383680155048],[-0.0497307290270498,51.4398885138909],[-0.048913790877786,51.4401859508082],[-0.048824044412016,51.4406692272275],[-0.0481104433807229,51.4404910723979],[-0.0478400019089865,51.4406779356793],[-0.0482293120354618,51.4409871758696],[-0.0512581518500655,51.439936777907],[-0.052761793267259,51.4402916814937],[-0.0523060021741815,51.4412102863499],[-0.0517605540863323,51.4420864553697],[-0.0499944031752979,51.44235509046],[-0.0495133740135798,51.442344614378],[-0.0473904978881119,51.4423019627284],[-0.0468158086888414,51.4423007007919],[-0.042513281696315,51.442269931226],[-0.0394762515217728,51.4421037254707],[-0.0388173070430313,51.4421565382663],[-0.0362192811705435,51.4423651659293],[-0.0340023785061848,51.4422473268535],[-0.0335136810656091,51.4421163252141]]]},"properties":{"FID":642,"MSOA21CD":"E02000676","MSOA21NM":"Lewisham 024","MSOA21NMW":" ","BNG_E":536218,"BNG_N":172900,"LAT":51.43872,"LONG":-0.04153,"Shape__Area":747468.33798217773,"Shape__Length":4752.9565666902736,"GlobalID":"a8a0ff63-718c-4fbc-8ac5-a04778b140f7"}},{"type":"Feature","id":643,"geometry":{"type":"Polygon","coordinates":[[[-0.0188436208394347,51.44355027897],[-0.0143807508303835,51.4427579490472],[-0.0139798931408115,51.4429269681264],[-0.0133855662825895,51.4425023238193],[-0.0111426073851832,51.4420631504313],[-0.0102733234689309,51.4418717785057],[-0.0101623751119335,51.4421914089886],[-0.00889200956861613,51.4420882403839],[-0.00888878235716624,51.4411921010653],[-0.00844395928434248,51.4411949717065],[-0.00841869009890283,51.440832678895],[-0.00940210687320255,51.4408682940522],[-0.00950643853037879,51.440546663422],[-0.0103587376361448,51.4406055221286],[-0.0108134947035103,51.4402517315017],[-0.0102396423017405,51.4386051531943],[-0.00990536435304025,51.4382802171875],[-0.00943676630362761,51.4390913082992],[-0.00923082316223952,51.4382563058273],[-0.00865470693017245,51.4382881987468],[-0.00878998013698622,51.4398091472131],[-0.00746088303936614,51.4393019682904],[-0.00676905924619634,51.4397707111368],[-0.00526743092947066,51.4397590946101],[-0.00514664011490466,51.4375631130919],[-0.00628386328024188,51.4375711187685],[-0.00633737576197978,51.4371681406693],[-0.00493250834071645,51.4371172194953],[-0.00454036449934209,51.4371321402872],[-0.00452419570313038,51.4375623719186],[-0.00400966325317518,51.4375550735832],[-0.00345997693020167,51.4375567519866],[-0.00229538511895986,51.4375692465902],[-0.00114876031393515,51.4374806051316],[-0.00110755832146989,51.4369183338372],[-0.000554820516839303,51.4369192180568],[0.0011636195566332,51.4372692205856],[0.00171737224642405,51.4372947388681],[0.00173428246656513,51.4369782480243],[0.000589379467972006,51.43680844673],[0.000718970668306193,51.4363985889574],[-0.00358198950445142,51.4357531409272],[-0.00392155661562352,51.4356802508496],[-0.00840478093153052,51.4347073838757],[-0.00876992389960375,51.4346269734174],[-0.0118744608670635,51.4339515148705],[-0.0125064218190683,51.433801415262],[-0.015568366283569,51.433150739705],[-0.0166375452478967,51.4329144888289],[-0.016870010439083,51.4333498527107],[-0.0175648018115581,51.4331989986207],[-0.0192345636757237,51.4327727172032],[-0.0194896057977497,51.4332029607531],[-0.0202217290357307,51.434332651687],[-0.0208958983937823,51.4352115772028],[-0.0225424257668692,51.4369812245122],[-0.0235967756707984,51.4380104634792],[-0.024245792237306,51.4386459236541],[-0.0237928544815739,51.4392481683316],[-0.0228061664691044,51.4390766192124],[-0.0224305364861514,51.4395906022182],[-0.0202010015915733,51.438698801458],[-0.0194688263916558,51.4389265234506],[-0.0202355015071001,51.4397762197093],[-0.020579901058574,51.4409184204125],[-0.020325944711087,51.4431980378289],[-0.0191824836171108,51.44314080415],[-0.0188436208394347,51.44355027897]]]},"properties":{"FID":643,"MSOA21CD":"E02000677","MSOA21NM":"Lewisham 025","MSOA21NMW":" ","BNG_E":538098,"BNG_N":172879,"LAT":51.43808,"LONG":-0.01451,"Shape__Area":1051242.7019195557,"Shape__Length":6587.9639487813238,"GlobalID":"193c52ae-7b9f-47da-8591-b8459e5776ca"}},{"type":"Feature","id":644,"geometry":{"type":"Polygon","coordinates":[[[0.014151065153942,51.4368526571437],[0.0158691626374301,51.4353080338272],[0.0170975422852874,51.4342918849642],[0.0179768780830468,51.4335732808941],[0.0192132161349139,51.4326431549032],[0.016171876191835,51.4317194458104],[0.0161643865301373,51.4317177472298],[0.0127262622340346,51.4307650241302],[0.0117560930633268,51.430616703176],[0.0110351484059294,51.4305241123913],[0.0109039780924192,51.4305058578816],[0.00874764758227842,51.430210427401],[0.0051356769038662,51.4297373192904],[0.00486350399515468,51.4303973328137],[-0.00156846785606543,51.4294301076855],[-0.00212140279683383,51.4310331400942],[0.0010406570188072,51.4318357379631],[0.0010387542480276,51.4322931224866],[0.00245491152914388,51.4326062516881],[0.00330207365736181,51.4331130083667],[0.00311372915039941,51.4334788017791],[0.00366922610803234,51.4340005597378],[0.00403427090197553,51.4338211644852],[0.00519953410640599,51.4339136729645],[0.00740474201987714,51.434436029854],[0.00673877086347401,51.4355046848445],[0.00566253972776294,51.4352974503409],[0.00553169341020751,51.4355139901838],[0.00487709252545494,51.4355175398313],[0.00441181193556824,51.4360579613021],[0.00308320545588149,51.4357334969633],[0.00242829450825507,51.436747631265],[0.003330263099629,51.4366646287748],[0.0059738302983837,51.4372535866228],[0.00575906367173937,51.4379086232995],[0.00565524112978535,51.4382540888078],[0.00535547393455516,51.439521095853],[0.00489728821234859,51.4405478096444],[0.00384322276225109,51.4421902456899],[0.00380962682870315,51.4423063761931],[0.00444478165148928,51.4452607607409],[0.00539756606877181,51.4454179604183],[0.00712578852748644,51.4437143729592],[0.0073065678388666,51.4435362510665],[0.00738270318316476,51.4434618288527],[0.00831707269485974,51.4425409873685],[0.0103537543450158,51.4405285269837],[0.0110045964056779,51.4398846119101],[0.014151065153942,51.4368526571437]]]},"properties":{"FID":644,"MSOA21CD":"E02000678","MSOA21NM":"Lewisham 026","MSOA21NMW":" ","BNG_E":539719,"BNG_N":172694,"LAT":51.43602,"LONG":0.008728,"Shape__Area":1030599.0701293945,"Shape__Length":6146.1680711605459,"GlobalID":"a833a8be-1356-43eb-adf2-0f8ca16e86f8"}},{"type":"Feature","id":645,"geometry":{"type":"Polygon","coordinates":[[[-0.0478400019089865,51.4406779356793],[-0.0481104433807229,51.4404910723979],[-0.048824044412016,51.4406692272275],[-0.048913790877786,51.4401859508082],[-0.0497307290270498,51.4398885138909],[-0.0500350964907053,51.4383680155048],[-0.0488269158774444,51.4379744554486],[-0.0472989639876136,51.437364464521],[-0.0460620217659558,51.4374458692527],[-0.0460206010031295,51.4369358841567],[-0.0465894258932064,51.4368373455127],[-0.0462622693622799,51.4355485334522],[-0.0465854270972322,51.4350662723017],[-0.045857131714676,51.4350742194005],[-0.0455858617093952,51.4351021686358],[-0.0446741290484682,51.4351836142139],[-0.0448815909167325,51.4355660272656],[-0.0441687022857842,51.435695471957],[-0.0432331905708436,51.435521381052],[-0.04318606186142,51.4352484692755],[-0.0424066329251169,51.4354515679059],[-0.0411303345303753,51.4359848753304],[-0.0413886952759766,51.4363331807819],[-0.040901829863605,51.4368546326953],[-0.0401596254628257,51.4365907715124],[-0.0387537517575936,51.4372956364013],[-0.0382431544290483,51.4374944648657],[-0.0378329449308378,51.4371594051532],[-0.0373327407005318,51.4373371139352],[-0.0363354633460203,51.436850249423],[-0.0358444479216936,51.4370586896674],[-0.0353892053277833,51.4369405670158],[-0.0356055272235167,51.4365934717766],[-0.0349635392243681,51.4364658003314],[-0.0346416742327099,51.4372555189025],[-0.0338390152409196,51.4371037703872],[-0.0341239855445811,51.4365092007722],[-0.0344335522124453,51.4355391047841],[-0.035767177268091,51.4343410931205],[-0.036198227504283,51.4345810299045],[-0.037499665759144,51.434656746217],[-0.0375871839504326,51.4341867918024],[-0.0403235895302632,51.4328150199074],[-0.0405182082598398,51.4327214965937],[-0.0409165251762869,51.4325275665345],[-0.0400411020645563,51.4318732580533],[-0.0388452668785034,51.4311829641638],[-0.0400296950294571,51.4306867865578],[-0.0413956967366038,51.4303535269324],[-0.0422456433071935,51.429988857408],[-0.0429471680298589,51.4296974698949],[-0.0457806663266455,51.4295623457321],[-0.0465773869775699,51.4295501235231],[-0.0467173544308101,51.4287215941384],[-0.0467621838611774,51.4285963194157],[-0.048683704347492,51.4287988134759],[-0.0514332902491348,51.4291110048167],[-0.0524542156050241,51.4293107455975],[-0.052387147500697,51.4296850482017],[-0.0533361691813595,51.4298050949225],[-0.0531944579934289,51.4302824842141],[-0.0530007527356077,51.4315814762562],[-0.0529768528204167,51.4323960297704],[-0.0530255285752474,51.4333318211925],[-0.0530749300902771,51.4337295319832],[-0.0531878516846527,51.4344648996701],[-0.0533783604328588,51.4353482822009],[-0.0534104621948766,51.4355742389976],[-0.0534606877653767,51.4370111261724],[-0.0533787522028433,51.4379932635518],[-0.0533440357919698,51.438247399804],[-0.0530495842267834,51.4394719635852],[-0.052761793267259,51.4402916814937],[-0.0512581518500655,51.439936777907],[-0.0482293120354618,51.4409871758696],[-0.0478400019089865,51.4406779356793]]]},"properties":{"FID":645,"MSOA21CD":"E02000679","MSOA21NM":"Lewisham 027","MSOA21NMW":" ","BNG_E":535961,"BNG_N":172451,"LAT":51.43475,"LONG":-0.0454,"Shape__Area":938863.9061050415,"Shape__Length":6102.3361725480208,"GlobalID":"9c2f9514-6584-4c04-b3d8-367c31f699b2"}},{"type":"Feature","id":646,"geometry":{"type":"Polygon","coordinates":[[[-0.0604353229219693,51.4404698063065],[-0.0595065686095811,51.439772439634],[-0.0589172843480383,51.4403008747638],[-0.0584318622710155,51.439988748896],[-0.0582574689077323,51.4391800108277],[-0.0591780673719644,51.4384891782365],[-0.0593655697590888,51.4377811618102],[-0.0579030688613773,51.4373894746645],[-0.0565897799240875,51.4388144818921],[-0.0562074721540395,51.4392700591929],[-0.0551619505298151,51.438851271961],[-0.055545997501186,51.4383159239085],[-0.0549942274591,51.4380089369865],[-0.0549558825309631,51.4374959324025],[-0.0547774826193082,51.4367921145334],[-0.0539884476008019,51.4370489317123],[-0.0540642106249249,51.4378532654712],[-0.0533787522028433,51.4379932635518],[-0.0534606877653767,51.4370111261724],[-0.0534104621948766,51.4355742389976],[-0.0533783604328588,51.4353482822009],[-0.0531878516846527,51.4344648996701],[-0.0530749300902771,51.4337295319832],[-0.0557420972202082,51.4331388795286],[-0.0561269381369623,51.4329609296738],[-0.0587396243948657,51.4311238355785],[-0.0588553232527159,51.4310693529168],[-0.0594443152342868,51.4308431284533],[-0.0604496075563057,51.4307368620429],[-0.0614287651615414,51.4305502075976],[-0.0626675039382237,51.4306501838116],[-0.0652264630269964,51.430899459451],[-0.0657777831816935,51.4309562089922],[-0.0660146210362453,51.4309825205469],[-0.0664756506539168,51.4310515343987],[-0.0688919526103056,51.4314327796192],[-0.0699974284471318,51.4317274933402],[-0.0718511930811099,51.4316937560413],[-0.0728335964200672,51.4320877671622],[-0.0726038085292957,51.4322916598409],[-0.068949201042539,51.4328624709516],[-0.06647671578878,51.4340635901931],[-0.0657370940891073,51.4347582497406],[-0.0649875940134266,51.4360126487258],[-0.0645297432072755,51.4368079194759],[-0.0634307456789069,51.4376175786948],[-0.0636788549255631,51.4379623492142],[-0.0640390611040292,51.4408505725707],[-0.0642972138799317,51.4409739315626],[-0.0637833742146068,51.4409084876738],[-0.0604353229219693,51.4404698063065]]]},"properties":{"FID":646,"MSOA21CD":"E02000680","MSOA21NM":"Lewisham 028","MSOA21NMW":" ","BNG_E":534746,"BNG_N":172520,"LAT":51.43566,"LONG":-0.06284,"Shape__Area":771222.33058929443,"Shape__Length":5007.8033691953406,"GlobalID":"0d4bb337-fcb4-41fd-bddf-87a361c95277"}},{"type":"Feature","id":647,"geometry":{"type":"Polygon","coordinates":[[[-0.0202217290357307,51.434332651687],[-0.0194896057977497,51.4332029607531],[-0.0192345636757237,51.4327727172032],[-0.0192312740739095,51.4327653477332],[-0.0181521077620252,51.4297961341484],[-0.0179937797134108,51.4289908598525],[-0.0191105328136245,51.428946274488],[-0.0191935453295149,51.4294019698553],[-0.0198147580030409,51.4289576475004],[-0.0201298323557482,51.42907523489],[-0.0203492677427554,51.4301673742981],[-0.0207391272958364,51.4293470158412],[-0.0210128243318494,51.4292639728332],[-0.0216261384399583,51.4299978708738],[-0.02214207641946,51.4311406298413],[-0.0231244557113185,51.4309756299044],[-0.0238149775313126,51.4302645391945],[-0.0240709116744453,51.4302024128707],[-0.0241934964115062,51.4296079811211],[-0.0251339440857774,51.429662556157],[-0.025333025458546,51.4293135860348],[-0.0267052247798094,51.4290143005209],[-0.0267661505664219,51.4286077596405],[-0.0275005024818526,51.4285862208345],[-0.0283843758124727,51.4290314038939],[-0.0293860946579629,51.4288603365077],[-0.0295453392872585,51.4292029793127],[-0.0295529211389357,51.4292227021976],[-0.0313031064486257,51.4300512425108],[-0.0319397950657293,51.4291640635401],[-0.0314927285058643,51.4278341115574],[-0.0318925171271958,51.4279070369298],[-0.0342322966285536,51.4283599572671],[-0.0334788207195001,51.429156682427],[-0.0342379177070226,51.4297581831825],[-0.0340296963724852,51.4307424158779],[-0.0353258431470621,51.4306805238951],[-0.0375974214419706,51.4307365132118],[-0.0373699576227691,51.4293342031415],[-0.037105293364192,51.429127547394],[-0.0373401741013791,51.4286818283595],[-0.0395023704273063,51.4277094597127],[-0.0407393138545301,51.4289886469818],[-0.0407580312308679,51.4290256149185],[-0.0413956967366038,51.4303535269324],[-0.0400296950294571,51.4306867865578],[-0.0388452668785034,51.4311829641638],[-0.0400411020645563,51.4318732580533],[-0.0409165251762869,51.4325275665345],[-0.0405182082598398,51.4327214965937],[-0.0403235895302632,51.4328150199074],[-0.0375871839504326,51.4341867918024],[-0.037499665759144,51.434656746217],[-0.036198227504283,51.4345810299045],[-0.035767177268091,51.4343410931205],[-0.0344335522124453,51.4355391047841],[-0.0341239855445811,51.4365092007722],[-0.0338390152409196,51.4371037703872],[-0.0337604512522832,51.4372704307599],[-0.0329968060554873,51.4390315986506],[-0.0329636094741632,51.4390667722084],[-0.0303352350747037,51.4403719839524],[-0.0295089205144057,51.440646474495],[-0.027545503577558,51.4427441675445],[-0.0264608699789623,51.4436281527738],[-0.0264065055867189,51.4420932527626],[-0.0256696021502836,51.4406182491211],[-0.024245792237306,51.4386459236541],[-0.0235967756707984,51.4380104634792],[-0.0225424257668692,51.4369812245122],[-0.0208958983937823,51.4352115772028],[-0.0202217290357307,51.434332651687]]]},"properties":{"FID":647,"MSOA21CD":"E02000681","MSOA21NM":"Lewisham 029","MSOA21NMW":" ","BNG_E":537068,"BNG_N":172514,"LAT":51.43505,"LONG":-0.02946,"Shape__Area":1354530.423210144,"Shape__Length":7242.0996321018356,"GlobalID":"949e693f-e571-4551-b77d-13e1320ba5e0"}},{"type":"Feature","id":648,"geometry":{"type":"Polygon","coordinates":[[[0.00242829450825507,51.436747631265],[0.00308320545588149,51.4357334969633],[0.00441181193556824,51.4360579613021],[0.00487709252545494,51.4355175398313],[0.00553169341020751,51.4355139901838],[0.00566253972776294,51.4352974503409],[0.00673877086347401,51.4355046848445],[0.00740474201987714,51.434436029854],[0.00519953410640599,51.4339136729645],[0.00403427090197553,51.4338211644852],[0.00366922610803234,51.4340005597378],[0.00311372915039941,51.4334788017791],[0.00330207365736181,51.4331130083667],[0.00245491152914388,51.4326062516881],[0.0010387542480276,51.4322931224866],[0.0010406570188072,51.4318357379631],[-0.00212140279683383,51.4310331400942],[-0.00156846785606543,51.4294301076855],[-0.00213702315662615,51.4291861590112],[-0.00173702699297592,51.4288209453385],[-0.000502659518233576,51.4263542361333],[-0.00155454469801589,51.4261178151717],[-0.00517946128146766,51.4260897889158],[-0.00618951455634842,51.425973730763],[-0.00696984857466426,51.426268134622],[-0.0100671653216476,51.4268977760984],[-0.0111394626354772,51.4274476157176],[-0.0116111187033982,51.4277282864554],[-0.0131066611188175,51.4285807079295],[-0.0136430498549065,51.4282245930286],[-0.0166939454938249,51.4268817739931],[-0.0174425990002821,51.4265592710517],[-0.0176960312276989,51.4271745346634],[-0.0179937797134108,51.4289908598525],[-0.0181521077620252,51.4297961341484],[-0.0192312740739095,51.4327653477332],[-0.0192345636757237,51.4327727172032],[-0.0175648018115581,51.4331989986207],[-0.016870010439083,51.4333498527107],[-0.0166375452478967,51.4329144888289],[-0.015568366283569,51.433150739705],[-0.0125064218190683,51.433801415262],[-0.0118744608670635,51.4339515148705],[-0.00876992389960375,51.4346269734174],[-0.00840478093153052,51.4347073838757],[-0.00392155661562352,51.4356802508496],[-0.00358198950445142,51.4357531409272],[0.000718970668306193,51.4363985889574],[0.00191204166682484,51.4366560926781],[0.00242829450825507,51.436747631265]]]},"properties":{"FID":648,"MSOA21CD":"E02000682","MSOA21NM":"Lewisham 030","MSOA21NMW":" ","BNG_E":538447,"BNG_N":172155,"LAT":51.43149,"LONG":-0.00977,"Shape__Area":1188157.4484939575,"Shape__Length":5673.5869333732762,"GlobalID":"29d8a7d8-1062-4150-aaf3-9df44f73308e"}},{"type":"Feature","id":649,"geometry":{"type":"Polygon","coordinates":[[[0.0287459651627334,51.436185712713],[0.0289669734953442,51.4354924698107],[0.0290088725049331,51.4343915358959],[0.0286072352178423,51.4340535241225],[0.0298934315399625,51.4333365875407],[0.0313896575574406,51.4325997624562],[0.0311927265338023,51.4320727269863],[0.0316493335071656,51.4325946874148],[0.0324715403502663,51.4318980934586],[0.0333007375798573,51.4322626898799],[0.0337721200626558,51.4317697313466],[0.0377024270366413,51.4333788247285],[0.0375335035518306,51.4320120799055],[0.0375944078257061,51.4313469472739],[0.0377179875517113,51.4308989923802],[0.0382780949622386,51.42907758929],[0.0382953961700005,51.427955239753],[0.0378713114925038,51.4277263292743],[0.0384318572834185,51.4275872439906],[0.0384450805076989,51.427255252039],[0.0388832864014839,51.4260763291661],[0.038847379058361,51.4246916589517],[0.0362122196732604,51.4223653003071],[0.0345916451489646,51.4233934910283],[0.0338850760413026,51.4239676600075],[0.0338504814382483,51.4239988777062],[0.0312811275122689,51.425457426168],[0.0311183189674592,51.425533216589],[0.0273359841807887,51.4280010652473],[0.0268465487242438,51.4282919267251],[0.0254905674123141,51.4289309304473],[0.0246888142455187,51.4287274363624],[0.0243999526000269,51.4285618539169],[0.0243490102276037,51.4285324990053],[0.0209404213956582,51.4268175432027],[0.0209341881442663,51.426818745116],[0.0212821620660402,51.4279808886894],[0.0212900954177715,51.4291529048756],[0.0212598598980526,51.4306628542291],[0.0212567665886347,51.4309942096679],[0.0210570576860101,51.4313929462766],[0.0213167265639746,51.4317591980714],[0.0213208044855765,51.4315253001666],[0.0228038662072386,51.4315536798865],[0.0232419184010619,51.4315659058555],[0.0250456628422832,51.4315897569481],[0.0248320337390208,51.4318552250953],[0.0258108293877876,51.4329783469722],[0.0255594462249088,51.4334353819496],[0.0249545298103569,51.4334167473589],[0.0242771992665655,51.4341076291304],[0.0236933380377851,51.4341013423111],[0.0236169158242556,51.4343482765787],[0.0242415511653103,51.4351406456418],[0.0239261884641493,51.4356733997536],[0.0251962142405714,51.4354491841264],[0.0249724392472742,51.4360193258348],[0.0253792453942382,51.4358419464178],[0.0272829257465191,51.436578153804],[0.0286663916989731,51.4364246206358],[0.0287459651627334,51.436185712713]]]},"properties":{"FID":649,"MSOA21CD":"E02000683","MSOA21NM":"Lewisham 031","MSOA21NMW":" ","BNG_E":541198,"BNG_N":172010,"LAT":51.42951,"LONG":0.02972,"Shape__Area":958220.270652771,"Shape__Length":5865.3965240889838,"GlobalID":"d84f6a6b-d766-442e-9b33-529406872f7d"}},{"type":"Feature","id":650,"geometry":{"type":"Polygon","coordinates":[[[-0.0530007527356077,51.4315814762562],[-0.0531944579934289,51.4302824842141],[-0.0533361691813595,51.4298050949225],[-0.052387147500697,51.4296850482017],[-0.0524542156050241,51.4293107455975],[-0.0514332902491348,51.4291110048167],[-0.0519737191574503,51.4285873352011],[-0.0511143332587258,51.428287510588],[-0.0513245718654597,51.4271964707377],[-0.0514694201304744,51.4265040434531],[-0.0514775384432955,51.4264640071342],[-0.0515574827908995,51.4261502609424],[-0.0527343220442208,51.4262767450722],[-0.0547524113915943,51.4266037564074],[-0.054865094175125,51.4263545815027],[-0.0560299984264425,51.4263100682491],[-0.056897091287723,51.4261258093777],[-0.0566674365630858,51.4271514179242],[-0.0570344702700261,51.4272535681964],[-0.0574464660737045,51.4268575004928],[-0.058815617104497,51.4274723427919],[-0.0600405107826631,51.4262158383332],[-0.0614317311946472,51.4248019914555],[-0.0622128200972973,51.4250991797618],[-0.0627021637666338,51.4251897020074],[-0.0643656802190551,51.4253113915472],[-0.0644980366115652,51.4249874420435],[-0.064905694815756,51.4252143262507],[-0.0659498005981035,51.4251451611209],[-0.068056379189156,51.4259231417629],[-0.0686369711015933,51.425994242143],[-0.0688482996671617,51.4256054777562],[-0.0701983009042822,51.4260751098546],[-0.0706388664600108,51.4262015426198],[-0.0721712636904362,51.4262754829317],[-0.073918506076508,51.426151164638],[-0.0741915920961118,51.4271880581817],[-0.0750686721221987,51.4287939256354],[-0.0746719938449232,51.4299895422075],[-0.0728335964200672,51.4320877671622],[-0.0718511930811099,51.4316937560413],[-0.0699974284471318,51.4317274933402],[-0.0688919526103056,51.4314327796192],[-0.0664756506539168,51.4310515343987],[-0.0660146210362453,51.4309825205469],[-0.0657777831816935,51.4309562089922],[-0.0652264630269964,51.430899459451],[-0.0626675039382237,51.4306501838116],[-0.0614287651615414,51.4305502075976],[-0.0604496075563057,51.4307368620429],[-0.0594443152342868,51.4308431284533],[-0.0588553232527159,51.4310693529168],[-0.0587396243948657,51.4311238355785],[-0.0561269381369623,51.4329609296738],[-0.0557420972202082,51.4331388795286],[-0.0530749300902771,51.4337295319832],[-0.0530255285752474,51.4333318211925],[-0.0529768528204167,51.4323960297704],[-0.0530007527356077,51.4315814762562]]]},"properties":{"FID":650,"MSOA21CD":"E02000685","MSOA21NM":"Lewisham 033","MSOA21NMW":" ","BNG_E":534741,"BNG_N":171819,"LAT":51.42936,"LONG":-0.06318,"Shape__Area":964742.51825714111,"Shape__Length":5287.0768525987751,"GlobalID":"bb5e922f-ef2d-475c-afa0-3a673d1e5494"}},{"type":"Feature","id":651,"geometry":{"type":"Polygon","coordinates":[[[-0.0216261384399583,51.4299978708738],[-0.0210128243318494,51.4292639728332],[-0.0207391272958364,51.4293470158412],[-0.0203492677427554,51.4301673742981],[-0.0201298323557482,51.42907523489],[-0.0198147580030409,51.4289576475004],[-0.0191935453295149,51.4294019698553],[-0.0191105328136245,51.428946274488],[-0.0179937797134108,51.4289908598525],[-0.0176960312276989,51.4271745346634],[-0.0174425990002821,51.4265592710517],[-0.0149246124791856,51.4237635601975],[-0.0112166556070594,51.4211918116838],[-0.00974863257518954,51.4198707423797],[-0.00866760732658817,51.4178641374468],[-0.00768282557602359,51.4145297935412],[-0.0105188106653289,51.4135495835593],[-0.0135877468205132,51.4136211860472],[-0.0142360962086914,51.41365665816],[-0.0144628186098378,51.414248609514],[-0.0142814640060982,51.4151181629168],[-0.0179630651210593,51.415079144447],[-0.0178211321995018,51.4157422203901],[-0.0209749299537837,51.4160287681274],[-0.0213879354771345,51.4162674760603],[-0.0220375327700992,51.4166436733053],[-0.0217119171479454,51.4172909030923],[-0.0225299152477929,51.4175409078289],[-0.021936345766284,51.417861205154],[-0.0207689604188159,51.419904043018],[-0.0216057930766396,51.4204728640294],[-0.0209350503014717,51.4209185187775],[-0.0214193590592737,51.4212524409545],[-0.0221807975920028,51.4217774132754],[-0.0225255242476146,51.4215804917347],[-0.0238327298995798,51.4227561001265],[-0.027800350767284,51.4244489465318],[-0.0278072927448761,51.4246305575767],[-0.0294608775052447,51.4253842141495],[-0.0303457386147323,51.4257188352457],[-0.0319669330327683,51.4255505505324],[-0.0318551102864538,51.4247241570849],[-0.0333478156058473,51.424641863669],[-0.0342171700232669,51.424772812444],[-0.0342355972478888,51.4250978434535],[-0.0351205948979955,51.4250365913107],[-0.0374655597174054,51.4250197507891],[-0.0384437059426343,51.4239068185732],[-0.0398826929072194,51.4243137944081],[-0.0404079942937633,51.4263732724121],[-0.0404033077773527,51.4264125559215],[-0.0405114403706338,51.4271920932844],[-0.0395023704273063,51.4277094597127],[-0.0373401741013791,51.4286818283595],[-0.037105293364192,51.429127547394],[-0.0373699576227691,51.4293342031415],[-0.0375974214419706,51.4307365132118],[-0.0353258431470621,51.4306805238951],[-0.0340296963724852,51.4307424158779],[-0.0342379177070226,51.4297581831825],[-0.0334788207195001,51.429156682427],[-0.0342322966285536,51.4283599572671],[-0.0318925171271958,51.4279070369298],[-0.0314927285058643,51.4278341115574],[-0.0319397950657293,51.4291640635401],[-0.0313031064486257,51.4300512425108],[-0.0295529211389357,51.4292227021976],[-0.0295453392872585,51.4292029793127],[-0.0293860946579629,51.4288603365077],[-0.0283843758124727,51.4290314038939],[-0.0275005024818526,51.4285862208345],[-0.0267661505664219,51.4286077596405],[-0.0267052247798094,51.4290143005209],[-0.025333025458546,51.4293135860348],[-0.0251339440857774,51.429662556157],[-0.0241934964115062,51.4296079811211],[-0.0240709116744453,51.4302024128707],[-0.0238149775313126,51.4302645391945],[-0.0231244557113185,51.4309756299044],[-0.02214207641946,51.4311406298413],[-0.0216261384399583,51.4299978708738]]]},"properties":{"FID":651,"MSOA21CD":"E02000686","MSOA21NM":"Lewisham 034","MSOA21NMW":" ","BNG_E":537483,"BNG_N":171602,"LAT":51.42676,"LONG":-0.02384,"Shape__Area":1735292.2255096436,"Shape__Length":8898.9794210650834,"GlobalID":"ab25bc9e-b8ee-4cda-928d-4502592f738a"}},{"type":"Feature","id":652,"geometry":{"type":"Polygon","coordinates":[[[-0.0407393138545301,51.4289886469818],[-0.0395023704273063,51.4277094597127],[-0.0405114403706338,51.4271920932844],[-0.0404033077773527,51.4264125559215],[-0.0404079942937633,51.4263732724121],[-0.0398826929072194,51.4243137944081],[-0.0409820294757795,51.4243242337986],[-0.0416538532419808,51.4238908106027],[-0.0415365421754959,51.4236343784227],[-0.0428059712159251,51.423226876325],[-0.0429703445000017,51.4234191735082],[-0.0437767939611858,51.4232078153945],[-0.0436476668121471,51.4229590567816],[-0.0452197972163799,51.4225905470676],[-0.0459603228880709,51.422443951584],[-0.0460247778977194,51.4227613469166],[-0.0472162627339417,51.4227488841499],[-0.0493445138683023,51.4227558522724],[-0.0512317496165926,51.4225204622919],[-0.0517537445702199,51.4225202032912],[-0.0518384069271218,51.4235744734428],[-0.0525299860137238,51.4236168629664],[-0.0539195341464815,51.4236735341627],[-0.0544124705346933,51.4236936194922],[-0.0548507107871719,51.4236102125428],[-0.0551237078362905,51.4230029867984],[-0.0564242391565913,51.422965404834],[-0.0573629463894797,51.4230533408955],[-0.0587124080530631,51.423522230091],[-0.0603826321756978,51.4241109071311],[-0.0614003942646925,51.4245104627306],[-0.0614317311946472,51.4248019914555],[-0.0600405107826631,51.4262158383332],[-0.058815617104497,51.4274723427919],[-0.0574464660737045,51.4268575004928],[-0.0570344702700261,51.4272535681964],[-0.0566674365630858,51.4271514179242],[-0.056897091287723,51.4261258093777],[-0.0560299984264425,51.4263100682491],[-0.054865094175125,51.4263545815027],[-0.0547524113915943,51.4266037564074],[-0.0527343220442208,51.4262767450722],[-0.0515574827908995,51.4261502609424],[-0.0514775384432955,51.4264640071342],[-0.0514694201304744,51.4265040434531],[-0.0513245718654597,51.4271964707377],[-0.0511143332587258,51.428287510588],[-0.0519737191574503,51.4285873352011],[-0.0514332902491348,51.4291110048167],[-0.048683704347492,51.4287988134759],[-0.0467621838611774,51.4285963194157],[-0.0467173544308101,51.4287215941384],[-0.0465773869775699,51.4295501235231],[-0.0457806663266455,51.4295623457321],[-0.0429471680298589,51.4296974698949],[-0.0422456433071935,51.429988857408],[-0.0413956967366038,51.4303535269324],[-0.0407580312308679,51.4290256149185],[-0.0407393138545301,51.4289886469818]]]},"properties":{"FID":652,"MSOA21CD":"E02000687","MSOA21NM":"Lewisham 035","MSOA21NMW":" ","BNG_E":535944,"BNG_N":171523,"LAT":51.42642,"LONG":-0.046,"Shape__Area":775670.79415893555,"Shape__Length":4905.8947668645569,"GlobalID":"7dfcd76c-984c-4de4-a0aa-60550cce50c1"}},{"type":"Feature","id":762,"geometry":{"type":"Polygon","coordinates":[[[-0.0372965265005941,51.5067087859471],[-0.0373142128844935,51.5064222112051],[-0.0367900741650637,51.5071333097875],[-0.0362150617335142,51.5069496080674],[-0.0341944281411642,51.5063040313098],[-0.0331137198357917,51.5051525763245],[-0.0330584603971302,51.5050936984544],[-0.0330344339737547,51.504665892225],[-0.0364063236722822,51.5045017352423],[-0.0362654789992878,51.5043225672473],[-0.0359354537504191,51.5033172936999],[-0.0368919589943383,51.5030534350228],[-0.0368571118027847,51.5014202950381],[-0.0375347251521396,51.5013605341252],[-0.0405730241000144,51.5015262829745],[-0.0412841855582014,51.5013865040034],[-0.0410053742595993,51.5011256683469],[-0.0417355001970988,51.5005082176324],[-0.0421855342398093,51.4995131161374],[-0.0428562296886802,51.4988476855492],[-0.0448024916492738,51.4995346806337],[-0.0458717399602774,51.4982899983028],[-0.0460989888976383,51.4981731999205],[-0.0471709772358885,51.4987246985713],[-0.047635733295421,51.4988158566552],[-0.0483463782842855,51.4988303272445],[-0.04818292655226,51.4994746151705],[-0.0487302443626325,51.4996441999522],[-0.0487633582079037,51.5000550569684],[-0.0488097710187062,51.5001507126029],[-0.0482659177484017,51.5005325134397],[-0.049551387499977,51.5007380516415],[-0.0499683574051826,51.5016720556252],[-0.050107737092669,51.5017822863823],[-0.0513462008385314,51.5027042701661],[-0.051242631234441,51.5027367047726],[-0.0507213796224176,51.5028999422056],[-0.0487832114181187,51.504025693812],[-0.0491698283486771,51.5043592819454],[-0.0487719663306002,51.5044361552964],[-0.0487623360868406,51.5044380156963],[-0.0486718172441649,51.5044920572683],[-0.0485535739457927,51.5045159982683],[-0.0482794235896984,51.5043993634481],[-0.0482779135695807,51.5043987205131],[-0.048038828014307,51.5042970022518],[-0.0480178644430327,51.5042880831903],[-0.0477051780028952,51.504155049223],[-0.048008945862971,51.5047680145215],[-0.047671744337593,51.5049624838684],[-0.0469813925270288,51.5053606101307],[-0.0460503851809542,51.5051480687158],[-0.0465423456034028,51.5056563513292],[-0.0461692753314142,51.5058732864447],[-0.0457279326203202,51.5061299168452],[-0.04531801401462,51.5059234456238],[-0.044367033635846,51.5069505668309],[-0.0438481860076574,51.5070420333851],[-0.0428877544325874,51.507211339371],[-0.0420237182863275,51.5073636448692],[-0.0413015067382243,51.5074909455229],[-0.0387355806813193,51.5073255174606],[-0.0385397157354488,51.507312887138],[-0.0372643186242371,51.5072306368791],[-0.0372698256884388,51.5071414118103],[-0.0372953066434932,51.5067285415648],[-0.0372965265005941,51.5067087859471]]]},"properties":{"FID":762,"MSOA21CD":"E02000807","MSOA21NM":"Southwark 001","MSOA21NMW":" ","BNG_E":535868,"BNG_N":180027,"LAT":51.50286,"LONG":-0.04382,"Shape__Area":705629.881362915,"Shape__Length":4381.3210224202539,"GlobalID":"ace85446-c492-423c-bfdf-9f79c7567b3f"}},{"type":"Feature","id":763,"geometry":{"type":"Polygon","coordinates":[[[-0.0880456279977091,51.5069035268245],[-0.0883896723586508,51.5060926367142],[-0.0894372017306993,51.5051876808366],[-0.0871322817118285,51.5042708094095],[-0.0881191715980692,51.5030489856683],[-0.0880651699196328,51.5022106823391],[-0.0889846893440717,51.5012459536309],[-0.0890850800222229,51.5010216713817],[-0.0898480551242491,51.5017621078417],[-0.0906551741537506,51.5017572638254],[-0.0906711994821273,51.5010291110776],[-0.0899872681068396,51.500926222791],[-0.0904055671074671,51.5004785645851],[-0.0904242222806237,51.5004630751715],[-0.0912582832958607,51.5001081573049],[-0.0910871390362183,51.4998579986796],[-0.0908760502529996,51.4995756159544],[-0.0903043487531512,51.4990544308959],[-0.0898492968968611,51.498632642402],[-0.0906539853269919,51.4983675617214],[-0.092013753276959,51.4990868726411],[-0.091639027878039,51.4992463064882],[-0.0925844411725193,51.5004127602886],[-0.094385698363983,51.4993718981091],[-0.0950419061469431,51.5001881443173],[-0.0951086782311768,51.5001593673409],[-0.0956006767767727,51.4999051651276],[-0.0965436781623055,51.4993466417864],[-0.0969334657815498,51.4991172465243],[-0.0992477409535437,51.4971357556909],[-0.0996593909316745,51.4966795956055],[-0.100245552270826,51.497047911576],[-0.100129134706744,51.4978314517677],[-0.0998601401361654,51.4990559953582],[-0.100377334219007,51.4990191365246],[-0.100693898738452,51.5001797512898],[-0.101550473371968,51.5010078602112],[-0.101167136923121,51.5012174820646],[-0.101604079463321,51.5015774678563],[-0.100578305614908,51.5018392058176],[-0.101317864033934,51.5027778596482],[-0.10220850048911,51.5031456724268],[-0.103546132748173,51.503225392587],[-0.103794647047316,51.503567161436],[-0.102780958206078,51.5036453119362],[-0.102838548905835,51.5043380564845],[-0.104522958233359,51.5043742729697],[-0.104488260039152,51.5052100406024],[-0.106474157804004,51.5050639230374],[-0.106972939627023,51.5062230505505],[-0.107004213673894,51.5062952366468],[-0.107338340435548,51.5070651577531],[-0.108162064764806,51.5069244755601],[-0.108779885639496,51.5077367576639],[-0.10881157703799,51.5079233172155],[-0.10889585348173,51.5084248264624],[-0.108857764450704,51.5084260415164],[-0.105857654276995,51.5085217221645],[-0.104720650732497,51.5085579642296],[-0.104707542879642,51.5085783332977],[-0.104683527016222,51.5086156510519],[-0.104150809590003,51.5085440020461],[-0.0993830796980247,51.508445801015],[-0.0961130164085672,51.508378330775],[-0.094594259140829,51.5079462412627],[-0.092076988110946,51.5072300129346],[-0.0881458819612396,51.5069147159455],[-0.0880753410860817,51.5069090570425],[-0.0880456279977091,51.5069035268245]]]},"properties":{"FID":763,"MSOA21CD":"E02000808","MSOA21NM":"Southwark 002","MSOA21NMW":" ","BNG_E":532097,"BNG_N":179967,"LAT":51.50321,"LONG":-0.09814,"Shape__Area":1041503.9266433716,"Shape__Length":6047.9477310995926,"GlobalID":"8b9bb0a0-c69d-468d-a323-7194186eddff"}},{"type":"Feature","id":764,"geometry":{"type":"Polygon","coordinates":[[[-0.0638354186349999,51.5006407024124],[-0.0637888065090629,51.5006295433663],[-0.063760794652585,51.5006305043041],[-0.0636852997959109,51.5006330955822],[-0.0592004721185471,51.5007869138523],[-0.0591146622965623,51.5005204423878],[-0.0609902795192987,51.5005034291563],[-0.0609477093174925,51.5002607033185],[-0.0605383954679604,51.4992923005162],[-0.0606346363053095,51.4986458786466],[-0.0606325846352773,51.4985561573109],[-0.0605573059312674,51.498118714097],[-0.0620611593515118,51.4978643641439],[-0.0619141111653091,51.4972388798459],[-0.0617904799432152,51.4967382689804],[-0.0614589234129025,51.4953959784299],[-0.0620393090426546,51.4953440016417],[-0.063133682048178,51.493564826261],[-0.0644961577025863,51.4941493689425],[-0.0665301923169818,51.4950620033038],[-0.0680949018941302,51.495772569919],[-0.0689431381208394,51.4961936796576],[-0.069872814190679,51.4966526551241],[-0.0699888554974187,51.4960591629112],[-0.070869161601196,51.495952171416],[-0.0704307894091629,51.4957458209488],[-0.0701650376971617,51.4947114998279],[-0.0708864242389359,51.4949497299684],[-0.0721607235059158,51.4946936271662],[-0.0727783491228836,51.4943777970599],[-0.0723394734873872,51.4939575712162],[-0.0735758473496659,51.4935655603713],[-0.073720274227334,51.4932405976379],[-0.0739600788050528,51.493049156859],[-0.0744599939414891,51.4931962489037],[-0.0750567546621965,51.4933256981959],[-0.0748084781648852,51.4935039806523],[-0.0755168590957225,51.4936559216683],[-0.0756350937641089,51.4939967547623],[-0.0768655655150645,51.4944028903315],[-0.0770350905228798,51.4941536761436],[-0.0774298239166571,51.4942101685594],[-0.0777691093282003,51.4946784375948],[-0.0767392089107373,51.4947278570987],[-0.0764579848959121,51.495002054264],[-0.0773801181066524,51.4953338447988],[-0.0787873147901793,51.4958170144172],[-0.0781365836200401,51.4966246888648],[-0.0773970399782279,51.4964912771578],[-0.0776686072454135,51.4970666531072],[-0.0772196406421498,51.4971222382952],[-0.0773265173045413,51.4976635572405],[-0.0768072283584505,51.4972786548233],[-0.0761208331075925,51.4974739180878],[-0.0763321415612568,51.4977127897062],[-0.0756048788907829,51.4978331437956],[-0.0748880871722734,51.4980997614506],[-0.0751720362876682,51.4984507357269],[-0.0745331554227525,51.4986963688054],[-0.0750092831428321,51.4989744353388],[-0.0745928726516365,51.4990577413361],[-0.0740732879962109,51.4997655906795],[-0.0729869207923937,51.4998121306655],[-0.0730643567318775,51.4990481938192],[-0.0720681774641176,51.4991263161245],[-0.0718073131046653,51.4995765875339],[-0.0725136590073723,51.5000580585407],[-0.0708958870078291,51.5005075088878],[-0.0703834713486058,51.5004756652302],[-0.0698652398794524,51.5009130533565],[-0.0684420623767774,51.5009481487998],[-0.0668293083239396,51.500424233628],[-0.0665073608477744,51.5008554848609],[-0.0662953092114742,51.5012295779851],[-0.0638354186349999,51.5006407024124]]]},"properties":{"FID":764,"MSOA21CD":"E02000810","MSOA21NM":"Southwark 004","MSOA21NMW":" ","BNG_E":534099,"BNG_N":179344,"LAT":51.49714,"LONG":-0.06955,"Shape__Area":682820.24988555908,"Shape__Length":5282.6745365312609,"GlobalID":"db20bb9d-7edd-4857-b73b-4de95c6a69e2"}},{"type":"Feature","id":765,"geometry":{"type":"Polygon","coordinates":[[[-0.0814248124918719,51.5027343714832],[-0.0818571775459466,51.5023061149957],[-0.0825987594079691,51.5024891122806],[-0.0833743632745346,51.5022050388287],[-0.0833277855513253,51.5012520446692],[-0.0837533010867216,51.5007875403743],[-0.0850405784596033,51.5007674016669],[-0.0853702914195306,51.5007618066965],[-0.0855271175990589,51.5010351894089],[-0.0861003987522921,51.5010194643652],[-0.0860938592565435,51.500447067748],[-0.0851757551332164,51.5003383063852],[-0.0853762439527422,51.4996987650761],[-0.0857716535358219,51.4992293920294],[-0.0846815796102582,51.4987445167203],[-0.084436127563248,51.4986469622752],[-0.0829006446459601,51.498179132639],[-0.0823467230430283,51.4981007411791],[-0.0813893011621349,51.4979427124132],[-0.0797751020174417,51.4977217552738],[-0.0797892485988874,51.4977040428528],[-0.0806990151066832,51.4971952619224],[-0.0811732479945615,51.4969895512446],[-0.0813481948722876,51.4965873756057],[-0.0787873147901793,51.4958170144172],[-0.0773801181066524,51.4953338447988],[-0.0764579848959121,51.495002054264],[-0.0767392089107373,51.4947278570987],[-0.0777691093282003,51.4946784375948],[-0.0774298239166571,51.4942101685594],[-0.0793290397255701,51.4941595937192],[-0.0795548413383034,51.4939143461042],[-0.078259783043822,51.4930043577756],[-0.0798048980284527,51.4921736270425],[-0.0811634917284885,51.4927534251909],[-0.0826766502373786,51.4928620770078],[-0.0835434203282244,51.4926758977845],[-0.0839455313991134,51.4929890606141],[-0.0852825671035259,51.4939560829133],[-0.0863547592256278,51.4941740907283],[-0.0889330115346815,51.494213212271],[-0.0903046695263246,51.4941958304239],[-0.0905722015715315,51.495331587292],[-0.0926376111725564,51.495344844307],[-0.093016001516055,51.4961557794672],[-0.091796927162575,51.49694722677],[-0.090948056543341,51.4964742772389],[-0.0903190382400782,51.4969844047385],[-0.0894504204991818,51.497104772695],[-0.0887646532480529,51.4976235450556],[-0.0893128625316222,51.4981326945836],[-0.0898492968968611,51.498632642402],[-0.0903043487531512,51.4990544308959],[-0.0908760502529996,51.4995756159544],[-0.0910871390362183,51.4998579986796],[-0.0912582832958607,51.5001081573049],[-0.0904242222806237,51.5004630751715],[-0.0904055671074671,51.5004785645851],[-0.0899872681068396,51.500926222791],[-0.0906711994821273,51.5010291110776],[-0.0906551741537506,51.5017572638254],[-0.0898480551242491,51.5017621078417],[-0.0890850800222229,51.5010216713817],[-0.0889846893440717,51.5012459536309],[-0.0880651699196328,51.5022106823391],[-0.0881191715980692,51.5030489856683],[-0.0871322817118285,51.5042708094095],[-0.0894372017306993,51.5051876808366],[-0.0883896723586508,51.5060926367142],[-0.0824504048901897,51.5031847867425],[-0.0814248124918719,51.5027343714832]]]},"properties":{"FID":765,"MSOA21CD":"E02000812","MSOA21NM":"Southwark 006","MSOA21NMW":" ","BNG_E":533046,"BNG_N":179217,"LAT":51.49625,"LONG":-0.08476,"Shape__Area":704241.72216796875,"Shape__Length":6060.1979344772672,"GlobalID":"ce46760b-d16f-44fe-b2be-306b4ca1bfa6"}},{"type":"Feature","id":766,"geometry":{"type":"Polygon","coordinates":[[[-0.0455603253086379,51.4952730540348],[-0.0444249224553352,51.4948136911783],[-0.0454269033893692,51.4938292744536],[-0.047011585078171,51.4931102981628],[-0.0469578819122228,51.493080257482],[-0.0449020597359948,51.4919164870194],[-0.0447632369491255,51.4918262025731],[-0.0435524442021131,51.4909877793556],[-0.0424784582000581,51.4902416959514],[-0.0422011753309691,51.4900365333072],[-0.0445428583384376,51.4901397640498],[-0.0447674009127437,51.4904366013655],[-0.0458062170348152,51.4901627973597],[-0.0465392754937917,51.4903427408813],[-0.0465469656249646,51.4907437179285],[-0.0486125219310121,51.4901202200479],[-0.0486969132034842,51.4901008606819],[-0.0492342958166574,51.4900425224831],[-0.0498300778760882,51.4910661610224],[-0.0496275168173248,51.4910998407203],[-0.0496464036588894,51.4915440346589],[-0.0505630926365849,51.4918830576317],[-0.0487577337741485,51.4932882233387],[-0.0503019479693059,51.4935920525309],[-0.052354229128667,51.4931073256706],[-0.0550661460932742,51.4944314537457],[-0.0555505627843176,51.4945052365958],[-0.0563897687856172,51.4952770027016],[-0.057531607028513,51.4949206432684],[-0.0578653478764613,51.4953288963773],[-0.0585032884611596,51.4951182510164],[-0.0594869626096967,51.4950549262437],[-0.0595980663386151,51.4951518368939],[-0.0599118340947052,51.4955499743263],[-0.0602518410876515,51.4965660810519],[-0.0603009558448275,51.4968608614867],[-0.0604544506033841,51.4976898315616],[-0.0605573059312674,51.498118714097],[-0.0606325846352773,51.4985561573109],[-0.0606346363053095,51.4986458786466],[-0.0605383954679604,51.4992923005162],[-0.0609477093174925,51.5002607033185],[-0.0609902795192987,51.5005034291563],[-0.0591146622965623,51.5005204423878],[-0.0592004721185471,51.5007869138523],[-0.0582468732964581,51.5008195976992],[-0.0572550248717067,51.5008535841999],[-0.0558771556980286,51.5012851832714],[-0.052089120163078,51.5024716070831],[-0.0513462008385314,51.5027042701661],[-0.050107737092669,51.5017822863823],[-0.0499683574051826,51.5016720556252],[-0.049551387499977,51.5007380516415],[-0.0482659177484017,51.5005325134397],[-0.0488097710187062,51.5001507126029],[-0.0487633582079037,51.5000550569684],[-0.0487302443626325,51.4996441999522],[-0.04818292655226,51.4994746151705],[-0.0483463782842855,51.4988303272445],[-0.047635733295421,51.4988158566552],[-0.0471709772358885,51.4987246985713],[-0.0460989888976383,51.4981731999205],[-0.0460526902639505,51.4981153183344],[-0.0457398719745156,51.4973268354457],[-0.0459817906028894,51.4957980052724],[-0.0455603253086379,51.4952730540348]]]},"properties":{"FID":766,"MSOA21CD":"E02000813","MSOA21NM":"Southwark 007","MSOA21NMW":" ","BNG_E":535351,"BNG_N":179471,"LAT":51.49798,"LONG":-0.05148,"Shape__Area":897627.08016204834,"Shape__Length":5247.2625073965692,"GlobalID":"d674897c-3ddc-47bf-947f-9317231d1c1e"}},{"type":"Feature","id":767,"geometry":{"type":"Polygon","coordinates":[[[-0.0330344339737547,51.504665892225],[-0.0330172841563302,51.5043605415863],[-0.0323217828052584,51.5043493182938],[-0.0323315688595686,51.5028146889498],[-0.0323340834353003,51.5024203941761],[-0.0323442822497909,51.5008207009535],[-0.0323486185645405,51.5001406603622],[-0.0323488247829482,51.5001082966317],[-0.0327294946902589,51.5000881591977],[-0.0324895569237444,51.4982837548205],[-0.0326916091163163,51.4976874206088],[-0.0329443169341565,51.4969415573242],[-0.0327732920837527,51.4965382696494],[-0.0325486969911669,51.4960086475664],[-0.0339573378331268,51.4956824679829],[-0.0338489454058295,51.4954729134783],[-0.0325343086489802,51.4956738704276],[-0.032663996776734,51.4944026544547],[-0.0330956405724498,51.4942115888389],[-0.0332492532286884,51.494143592028],[-0.0330006919953258,51.4941383197986],[-0.0326396995414026,51.4941306611303],[-0.0325610920928475,51.4937990880348],[-0.0325406603822745,51.4937129077913],[-0.0323926724657008,51.4930886675594],[-0.0323841647314305,51.4930527824311],[-0.0323671623177174,51.4930294553181],[-0.0345801139013213,51.4927603072077],[-0.0372536299632317,51.4922274476371],[-0.0373250931339811,51.4922221786056],[-0.0379712799537503,51.4923454628259],[-0.0381008136034535,51.4924045634859],[-0.0388816264821484,51.492850585029],[-0.0405210359823842,51.4927838185344],[-0.0400519859702716,51.4921730755081],[-0.041028406038379,51.4918284510607],[-0.0403179817744065,51.4910627561796],[-0.0424148111271561,51.4902652031624],[-0.0424784582000581,51.4902416959514],[-0.0435524442021131,51.4909877793556],[-0.0447632369491255,51.4918262025731],[-0.0449020597359948,51.4919164870194],[-0.0469578819122228,51.493080257482],[-0.047011585078171,51.4931102981628],[-0.0454269033893692,51.4938292744536],[-0.0444249224553352,51.4948136911783],[-0.0455603253086379,51.4952730540348],[-0.0459817906028894,51.4957980052724],[-0.0457398719745156,51.4973268354457],[-0.0460526902639505,51.4981153183344],[-0.0460989888976383,51.4981731999205],[-0.0458717399602774,51.4982899983028],[-0.0448024916492738,51.4995346806337],[-0.0428562296886802,51.4988476855492],[-0.0421855342398093,51.4995131161374],[-0.0417355001970988,51.5005082176324],[-0.0410053742595993,51.5011256683469],[-0.0412841855582014,51.5013865040034],[-0.0405730241000144,51.5015262829745],[-0.0375347251521396,51.5013605341252],[-0.0368571118027847,51.5014202950381],[-0.0368919589943383,51.5030534350228],[-0.0359354537504191,51.5033172936999],[-0.0362654789992878,51.5043225672473],[-0.0364063236722822,51.5045017352423],[-0.0330344339737547,51.504665892225]]]},"properties":{"FID":767,"MSOA21CD":"E02000814","MSOA21NM":"Southwark 008","MSOA21NMW":" ","BNG_E":536187,"BNG_N":179402,"LAT":51.49716,"LONG":-0.03947,"Shape__Area":983162.33703613281,"Shape__Length":5386.3197121262492,"GlobalID":"4c332b56-fff0-4b9a-8bf6-00791e5b3e12"}},{"type":"Feature","id":768,"geometry":{"type":"Polygon","coordinates":[[[-0.0925844411725193,51.5004127602886],[-0.091639027878039,51.4992463064882],[-0.092013753276959,51.4990868726411],[-0.0906539853269919,51.4983675617214],[-0.0898492968968611,51.498632642402],[-0.0893128625316222,51.4981326945836],[-0.0887646532480529,51.4976235450556],[-0.0894504204991818,51.497104772695],[-0.0903190382400782,51.4969844047385],[-0.090948056543341,51.4964742772389],[-0.091796927162575,51.49694722677],[-0.093016001516055,51.4961557794672],[-0.0926376111725564,51.495344844307],[-0.0905722015715315,51.495331587292],[-0.0903046695263246,51.4941958304239],[-0.091806554925217,51.4941714543446],[-0.0928705065359797,51.4941541830812],[-0.0936287670229246,51.4941430127375],[-0.094287757792364,51.49410528121],[-0.0946983173271033,51.4937419500915],[-0.0944172034127286,51.493078030303],[-0.0962209286070923,51.4923277418835],[-0.0967554726152118,51.4922048986537],[-0.0972448461619932,51.4920875400105],[-0.0973581601430103,51.4920603660559],[-0.0980401729615309,51.4919162285163],[-0.0984239105949671,51.4924575739378],[-0.0985379943499968,51.4926346568211],[-0.0986258640091608,51.4927593903235],[-0.0993391042414791,51.4932107249426],[-0.100368266439414,51.4933396739981],[-0.10059620748211,51.4938095822338],[-0.100660297617243,51.4946965467713],[-0.0997626298969662,51.4950708010007],[-0.100041440303345,51.4956396166024],[-0.0997153349965897,51.4965801877569],[-0.0996593909316745,51.4966795956055],[-0.0992477409535437,51.4971357556909],[-0.0969334657815498,51.4991172465243],[-0.0965436781623055,51.4993466417864],[-0.0956006767767727,51.4999051651276],[-0.0951086782311768,51.5001593673409],[-0.0950419061469431,51.5001881443173],[-0.094385698363983,51.4993718981091],[-0.0925844411725193,51.5004127602886]]]},"properties":{"FID":768,"MSOA21CD":"E02000815","MSOA21NM":"Southwark 009","MSOA21NMW":" ","BNG_E":532356,"BNG_N":179192,"LAT":51.49618,"LONG":-0.09471,"Shape__Area":419346.29807281494,"Shape__Length":3400.3758025733387,"GlobalID":"67de0f63-87e8-4f7c-9534-78548769eebd"}},{"type":"Feature","id":769,"geometry":{"type":"Polygon","coordinates":[[[-0.0665301923169818,51.4950620033038],[-0.0644961577025863,51.4941493689425],[-0.063133682048178,51.493564826261],[-0.0602365113421952,51.492301351933],[-0.0601198138807863,51.4922502535817],[-0.0591270548443876,51.4918217758505],[-0.0575215389210498,51.4911100218996],[-0.0569453984937077,51.4908766396848],[-0.0552909836935927,51.4901615971172],[-0.0554489816233515,51.4900454857892],[-0.05685786129254,51.4892645578429],[-0.0576062738124775,51.4887619876593],[-0.0578007786344263,51.4885042203036],[-0.0581936723077024,51.4881194333087],[-0.0597499626361847,51.4877466093038],[-0.0597637875987263,51.4877431574068],[-0.0616168874492258,51.4872699486211],[-0.0618629928829055,51.4871323788278],[-0.0635733313966908,51.4861229582602],[-0.0653648906273827,51.4851554664595],[-0.066241734190559,51.4840675607724],[-0.0677150020446433,51.4845728982068],[-0.0685807153041672,51.4849242549702],[-0.0680693823461526,51.4860661278709],[-0.0688638656459582,51.4866241949084],[-0.06866100114012,51.4876206152633],[-0.0680890857240013,51.4879470325608],[-0.0678366658705368,51.4873366828959],[-0.067474860101746,51.4877174089903],[-0.068012340474707,51.4879510912037],[-0.0675565613157806,51.4885101249432],[-0.068309992052949,51.4886266012919],[-0.0679268718800348,51.4896313404441],[-0.0679238358958178,51.4896431789088],[-0.0678652702975087,51.4898712426735],[-0.0684300088609629,51.489991360273],[-0.0684928630231041,51.4897732049264],[-0.0688162078402913,51.4900093959717],[-0.0682979114026795,51.4904124756439],[-0.0692095044023859,51.4905114867774],[-0.068919196625348,51.4914127851747],[-0.0696561390894214,51.4914945627297],[-0.0697849933602868,51.49101087465],[-0.0713023699090749,51.4912246983086],[-0.0713483666477054,51.4910827482021],[-0.0714206747821553,51.4908965996466],[-0.0726262315272791,51.4911856623965],[-0.0720669641722926,51.491857589962],[-0.071982484296867,51.4926484255979],[-0.0729192812441866,51.4927421214996],[-0.073720274227334,51.4932405976379],[-0.0735758473496659,51.4935655603713],[-0.0723394734873872,51.4939575712162],[-0.0727783491228836,51.4943777970599],[-0.0721607235059158,51.4946936271662],[-0.0708864242389359,51.4949497299684],[-0.0701650376971617,51.4947114998279],[-0.0704307894091629,51.4957458209488],[-0.070869161601196,51.495952171416],[-0.0699888554974187,51.4960591629112],[-0.069872814190679,51.4966526551241],[-0.0689431381208394,51.4961936796576],[-0.0680949018941302,51.495772569919],[-0.0665301923169818,51.4950620033038]]]},"properties":{"FID":769,"MSOA21CD":"E02000816","MSOA21NM":"Southwark 010","MSOA21NMW":" ","BNG_E":534459,"BNG_N":178535,"LAT":51.48978,"LONG":-0.06468,"Shape__Area":762059.98486328125,"Shape__Length":4953.3882943667395,"GlobalID":"2cc2f8f0-4b51-4cd9-9f39-7c615c6471bc"}},{"type":"Feature","id":770,"geometry":{"type":"Polygon","coordinates":[[[-0.0595980663386151,51.4951518368939],[-0.0594869626096967,51.4950549262437],[-0.0585032884611596,51.4951182510164],[-0.0578653478764613,51.4953288963773],[-0.057531607028513,51.4949206432684],[-0.0563897687856172,51.4952770027016],[-0.0555505627843176,51.4945052365958],[-0.0550661460932742,51.4944314537457],[-0.052354229128667,51.4931073256706],[-0.0503019479693059,51.4935920525309],[-0.0487577337741485,51.4932882233387],[-0.0505630926365849,51.4918830576317],[-0.0496464036588894,51.4915440346589],[-0.0496275168173248,51.4910998407203],[-0.0498300778760882,51.4910661610224],[-0.0492342958166574,51.4900425224831],[-0.0499242860892972,51.4898144545886],[-0.0501204801365986,51.4897817826809],[-0.0519342351594823,51.4891356008087],[-0.0500277356123277,51.4883115433215],[-0.0502230709896301,51.4880745179547],[-0.050572467125238,51.4878328554498],[-0.052115480888079,51.4878206526007],[-0.0525480744704112,51.4875481497276],[-0.0539897804584447,51.4879696233834],[-0.0528657297367803,51.4866631101746],[-0.0530093748131194,51.4858579989537],[-0.0535133308148773,51.4857758931468],[-0.0531615072390648,51.485080043167],[-0.0537617742948933,51.4850174412292],[-0.0539094656288485,51.484388647746],[-0.0555153724153943,51.4844657196387],[-0.0559780889367971,51.4845524259369],[-0.0559511348979425,51.4842039546055],[-0.057854991728463,51.4843163867437],[-0.0581682614149507,51.4850320234735],[-0.0588996329652489,51.4852887728988],[-0.0581328002263588,51.4856002435175],[-0.0582354289027233,51.4861707965847],[-0.0587499158917401,51.4862671173245],[-0.0596985353797266,51.4865262636593],[-0.0598702196150403,51.4861395534536],[-0.0615766398908005,51.4861764870919],[-0.0614711366011551,51.4864774503164],[-0.0620328212679863,51.4865523787729],[-0.0616855482356798,51.4871435899169],[-0.0618629928829055,51.4871323788278],[-0.0616168874492258,51.4872699486211],[-0.0597637875987263,51.4877431574068],[-0.0597499626361847,51.4877466093038],[-0.0581936723077024,51.4881194333087],[-0.0578007786344263,51.4885042203036],[-0.0576062738124775,51.4887619876593],[-0.05685786129254,51.4892645578429],[-0.0554489816233515,51.4900454857892],[-0.0552909836935927,51.4901615971172],[-0.0569453984937077,51.4908766396848],[-0.0575215389210498,51.4911100218996],[-0.0591270548443876,51.4918217758505],[-0.0601198138807863,51.4922502535817],[-0.0602365113421952,51.492301351933],[-0.063133682048178,51.493564826261],[-0.0620393090426546,51.4953440016417],[-0.0614589234129025,51.4953959784299],[-0.0617904799432152,51.4967382689804],[-0.0619141111653091,51.4972388798459],[-0.0620611593515118,51.4978643641439],[-0.0605573059312674,51.498118714097],[-0.0604544506033841,51.4976898315616],[-0.0603009558448275,51.4968608614867],[-0.0602518410876515,51.4965660810519],[-0.0599118340947052,51.4955499743263],[-0.0595980663386151,51.4951518368939]]]},"properties":{"FID":770,"MSOA21CD":"E02000817","MSOA21NM":"Southwark 011","MSOA21NMW":" ","BNG_E":535055,"BNG_N":178237,"LAT":51.48696,"LONG":-0.05621,"Shape__Area":663652.470779419,"Shape__Length":5799.9043298421584,"GlobalID":"7719dc1a-8511-4a54-b6d2-6a71122244c4"}},{"type":"Feature","id":771,"geometry":{"type":"Polygon","coordinates":[[[-0.0815380361083064,51.4911135394802],[-0.0811038444772078,51.4907747905828],[-0.0815160136675666,51.4905926975786],[-0.0828479098547458,51.4901309321413],[-0.0835217546046968,51.4908342939993],[-0.0837248651992281,51.4909347001486],[-0.084179112241704,51.4909572594586],[-0.0841364127322836,51.4905767526164],[-0.0846346133736397,51.4903641576389],[-0.0851150908213167,51.4905877779744],[-0.0857827556489234,51.490122124978],[-0.0849105642001397,51.4896763859931],[-0.085205000158685,51.4896217337615],[-0.0865690706587428,51.4892752950014],[-0.0889761817184722,51.4895447113787],[-0.0889881631354769,51.4895447249667],[-0.0892570064512701,51.4900427084356],[-0.0885946270598835,51.4902343906647],[-0.089496751243432,51.4909611001401],[-0.0903213638572782,51.4909966223634],[-0.0900263545111899,51.4902632475453],[-0.0920615822146302,51.4898197608891],[-0.0924525391891494,51.4903403958672],[-0.0932454856409773,51.4905327608615],[-0.0941736138697936,51.4899077532346],[-0.0937605222938873,51.4895930829525],[-0.0945797489040308,51.489503096653],[-0.0943986142831285,51.4891919722982],[-0.0946165580943416,51.4889782848638],[-0.094327599013074,51.4880337132892],[-0.0945550040385178,51.4879632578387],[-0.0954626017623446,51.4877522076658],[-0.0946632722524974,51.4864190978634],[-0.0943689229208873,51.4860702526813],[-0.0949715539945124,51.4859422300359],[-0.095144864878378,51.4861450169548],[-0.0950840655782739,51.4865048676924],[-0.0959239963871833,51.4868411094361],[-0.0965579348205301,51.4867095851551],[-0.0968344842242775,51.4872117605643],[-0.0975950369657783,51.4869591010417],[-0.0972247852985893,51.4869001628769],[-0.0973711756304248,51.4863059056991],[-0.0982323722412683,51.4858466858472],[-0.0983838846310692,51.4860620639157],[-0.100407605400412,51.4851801031768],[-0.10103024173807,51.485589554737],[-0.100479937193429,51.4860668795643],[-0.10113641195348,51.4863967892163],[-0.102231934213875,51.4866762418327],[-0.102697377887047,51.4869537086636],[-0.102286968296531,51.4872634280039],[-0.102689436887276,51.4875753601503],[-0.102647282708411,51.4876428610455],[-0.101785391223983,51.4879931461899],[-0.100928593670204,51.4889787629788],[-0.10024192434569,51.4886106388995],[-0.0990098455537695,51.4890674413114],[-0.0991171072175429,51.4888300721416],[-0.0981103512098857,51.4888162493316],[-0.096467646560971,51.4895142499611],[-0.0964885923887847,51.489556248796],[-0.0973699798938311,51.4909302773453],[-0.0977263996581345,51.4914546233571],[-0.0980401729615309,51.4919162285163],[-0.0973581601430103,51.4920603660559],[-0.0972448461619932,51.4920875400105],[-0.0967554726152118,51.4922048986537],[-0.0962209286070923,51.4923277418835],[-0.0944172034127286,51.493078030303],[-0.0946983173271033,51.4937419500915],[-0.094287757792364,51.49410528121],[-0.0936287670229246,51.4941430127375],[-0.0928705065359797,51.4941541830812],[-0.091806554925217,51.4941714543446],[-0.0903046695263246,51.4941958304239],[-0.0889330115346815,51.494213212271],[-0.0863547592256278,51.4941740907283],[-0.0852825671035259,51.4939560829133],[-0.0839455313991134,51.4929890606141],[-0.0835434203282244,51.4926758977845],[-0.0825332274855866,51.4918885823138],[-0.0824208962898198,51.4918013586725],[-0.0815380361083064,51.4911135394802]]]},"properties":{"FID":771,"MSOA21CD":"E02000818","MSOA21NM":"Southwark 012","MSOA21NMW":" ","BNG_E":532571,"BNG_N":178735,"LAT":51.49203,"LONG":-0.09178,"Shape__Area":586580.53260040283,"Shape__Length":5637.9716820619642,"GlobalID":"b07cd010-4ac8-4bd4-afb7-782060fefdc3"}},{"type":"Feature","id":772,"geometry":{"type":"Polygon","coordinates":[[[-0.0768655655150645,51.4944028903315],[-0.0756350937641089,51.4939967547623],[-0.0755168590957225,51.4936559216683],[-0.0748084781648852,51.4935039806523],[-0.0750567546621965,51.4933256981959],[-0.0744599939414891,51.4931962489037],[-0.0739600788050528,51.493049156859],[-0.073720274227334,51.4932405976379],[-0.0729192812441866,51.4927421214996],[-0.071982484296867,51.4926484255979],[-0.0720669641722926,51.491857589962],[-0.0726262315272791,51.4911856623965],[-0.0714206747821553,51.4908965996466],[-0.0713483666477054,51.4910827482021],[-0.0713023699090749,51.4912246983086],[-0.0697849933602868,51.49101087465],[-0.0696561390894214,51.4914945627297],[-0.068919196625348,51.4914127851747],[-0.0692095044023859,51.4905114867774],[-0.0682979114026795,51.4904124756439],[-0.0688162078402913,51.4900093959717],[-0.0684928630231041,51.4897732049264],[-0.0684300088609629,51.489991360273],[-0.0678652702975087,51.4898712426735],[-0.0679238358958178,51.4896431789088],[-0.0679268718800348,51.4896313404441],[-0.068309992052949,51.4886266012919],[-0.0675565613157806,51.4885101249432],[-0.068012340474707,51.4879510912037],[-0.067474860101746,51.4877174089903],[-0.0678366658705368,51.4873366828959],[-0.0680890857240013,51.4879470325608],[-0.06866100114012,51.4876206152633],[-0.0688638656459582,51.4866241949084],[-0.0680693823461526,51.4860661278709],[-0.0685807153041672,51.4849242549702],[-0.070358016591902,51.4855716604698],[-0.0716094918477617,51.4860134984914],[-0.0724109560852256,51.4862965019796],[-0.0735279309668482,51.4867209825708],[-0.0751533887867657,51.4874060565817],[-0.0762496372834939,51.4880141963824],[-0.0779806394273065,51.4888957252001],[-0.0780500162673455,51.4889328194656],[-0.0799395450314991,51.4899527472344],[-0.0811038444772078,51.4907747905828],[-0.0815380361083064,51.4911135394802],[-0.0824208962898198,51.4918013586725],[-0.0825332274855866,51.4918885823138],[-0.0835434203282244,51.4926758977845],[-0.0826766502373786,51.4928620770078],[-0.0811634917284885,51.4927534251909],[-0.0798048980284527,51.4921736270425],[-0.078259783043822,51.4930043577756],[-0.0795548413383034,51.4939143461042],[-0.0793290397255701,51.4941595937192],[-0.0774298239166571,51.4942101685594],[-0.0770350905228798,51.4941536761436],[-0.0768655655150645,51.4944028903315]]]},"properties":{"FID":772,"MSOA21CD":"E02000819","MSOA21NM":"Southwark 013","MSOA21NMW":" ","BNG_E":533828,"BNG_N":178507,"LAT":51.48968,"LONG":-0.07377,"Shape__Area":535024.24579620361,"Shape__Length":4263.02269157641,"GlobalID":"75632ba6-84ac-4fb7-8bb6-dfa48155d7a0"}},{"type":"Feature","id":773,"geometry":{"type":"Polygon","coordinates":[[[-0.096467646560971,51.4895142499611],[-0.0981103512098857,51.4888162493316],[-0.0991171072175429,51.4888300721416],[-0.0990098455537695,51.4890674413114],[-0.10024192434569,51.4886106388995],[-0.100928593670204,51.4889787629788],[-0.101785391223983,51.4879931461899],[-0.102647282708411,51.4876428610455],[-0.102689436887276,51.4875753601503],[-0.102286968296531,51.4872634280039],[-0.102697377887047,51.4869537086636],[-0.102231934213875,51.4866762418327],[-0.10113641195348,51.4863967892163],[-0.100479937193429,51.4860668795643],[-0.10103024173807,51.485589554737],[-0.100407605400412,51.4851801031768],[-0.100098104071897,51.4849859989976],[-0.101364425106836,51.484418607872],[-0.100716584668985,51.4843346285826],[-0.101102229294459,51.4834290300756],[-0.10069350353323,51.4832000752949],[-0.101293672742033,51.4829192944664],[-0.101059954461869,51.4826966635765],[-0.10180195126703,51.4827043244524],[-0.101987936008226,51.4824886953864],[-0.102906062649045,51.4832041095003],[-0.10389636404584,51.4830664314584],[-0.104058201235219,51.4826867777439],[-0.104303326361809,51.4824357078031],[-0.104939576771507,51.482710025642],[-0.10571288176978,51.4824414656891],[-0.106062931174196,51.4826985335937],[-0.105629544994944,51.4829724650769],[-0.106837261847877,51.4835568122853],[-0.107120822670082,51.4836422113598],[-0.106295103722807,51.4848700426407],[-0.108426658894456,51.4858490135696],[-0.108223691044992,51.486037998688],[-0.108149650514894,51.4861065500772],[-0.106470526869095,51.4877901297732],[-0.105980771038748,51.4882820863129],[-0.105838613427332,51.4884251263],[-0.104927252567063,51.4892896039267],[-0.103881001458168,51.4903459927721],[-0.103826321719482,51.4904075416077],[-0.103782635027617,51.4904562628808],[-0.103048028826444,51.4915230964815],[-0.101846980951233,51.4922551951335],[-0.100796801784896,51.4930268496765],[-0.10046488764971,51.4932697734708],[-0.100418246619445,51.493303514281],[-0.100368266439414,51.4933396739981],[-0.0993391042414791,51.4932107249426],[-0.0986258640091608,51.4927593903235],[-0.0985379943499968,51.4926346568211],[-0.0984239105949671,51.4924575739378],[-0.0980401729615309,51.4919162285163],[-0.0977263996581345,51.4914546233571],[-0.0973699798938311,51.4909302773453],[-0.0964885923887847,51.489556248796],[-0.096467646560971,51.4895142499611]]]},"properties":{"FID":773,"MSOA21CD":"E02000820","MSOA21NM":"Southwark 014","MSOA21NMW":" ","BNG_E":531844,"BNG_N":178472,"LAT":51.48983,"LONG":-0.10235,"Shape__Area":449473.33750152588,"Shape__Length":3940.75684978192,"GlobalID":"a10f44e5-d5f9-4401-a244-9a7429f4b4dc"}},{"type":"Feature","id":774,"geometry":{"type":"Polygon","coordinates":[[[-0.0835217546046968,51.4908342939993],[-0.0828479098547458,51.4901309321413],[-0.0815160136675666,51.4905926975786],[-0.0811038444772078,51.4907747905828],[-0.0799395450314991,51.4899527472344],[-0.0780500162673455,51.4889328194656],[-0.0779806394273065,51.4888957252001],[-0.0762496372834939,51.4880141963824],[-0.0751533887867657,51.4874060565817],[-0.0735279309668482,51.4867209825708],[-0.0724109560852256,51.4862965019796],[-0.0716094918477617,51.4860134984914],[-0.070358016591902,51.4855716604698],[-0.0685807153041672,51.4849242549702],[-0.0677150020446433,51.4845728982068],[-0.0686935750484228,51.4838899709918],[-0.0706541507572892,51.4837199316117],[-0.0706830135482398,51.4830822970645],[-0.0729265039098376,51.4827240585891],[-0.0739620161884827,51.4825309787927],[-0.0740214214079309,51.4822876915276],[-0.0753280529759929,51.4821788770161],[-0.0770262363410638,51.4820751213968],[-0.0780199874961819,51.4820151116576],[-0.0796922446987906,51.4819104453894],[-0.0810084430390287,51.4818225518709],[-0.0811581604056345,51.4829716200667],[-0.0797092273919625,51.4830299172027],[-0.0806970015065258,51.484330809696],[-0.0810190515766674,51.4855890869101],[-0.0815871729051262,51.4854220521214],[-0.0823462767729553,51.4851648979425],[-0.0858185103298194,51.4839397124531],[-0.0859113669936636,51.4846428791882],[-0.0856428680255822,51.4851276664549],[-0.086234162063441,51.4853381977995],[-0.0867017503381949,51.4851677171249],[-0.0871003547742791,51.4855118978798],[-0.0880831096691223,51.4862259241013],[-0.0872873383871272,51.4865771090828],[-0.0883323991033065,51.4864514796496],[-0.0885854760294019,51.4872058881719],[-0.0890381443970359,51.4873694694729],[-0.0886889214384311,51.4874537057957],[-0.0871501436318418,51.4876434352704],[-0.0866731740850418,51.4874572650489],[-0.0868275943347476,51.4876367527723],[-0.0862722204505207,51.4881243338723],[-0.0859285494512986,51.4883485079438],[-0.0860346187618747,51.4885794733953],[-0.0865061543885948,51.4891489184764],[-0.0865690706587428,51.4892752950014],[-0.085205000158685,51.4896217337615],[-0.0849105642001397,51.4896763859931],[-0.0857827556489234,51.490122124978],[-0.0851150908213167,51.4905877779744],[-0.0846346133736397,51.4903641576389],[-0.0841364127322836,51.4905767526164],[-0.084179112241704,51.4909572594586],[-0.0837248651992281,51.4909347001486],[-0.0835217546046968,51.4908342939993]]]},"properties":{"FID":774,"MSOA21CD":"E02000821","MSOA21NM":"Southwark 015","MSOA21NMW":" ","BNG_E":533418,"BNG_N":178125,"LAT":51.48635,"LONG":-0.07982,"Shape__Area":722952.68724823,"Shape__Length":4863.1504177931774,"GlobalID":"f82bc42f-03cf-45cb-90e6-2ad3ada51e85"}},{"type":"Feature","id":775,"geometry":{"type":"Polygon","coordinates":[[[-0.0892570064512701,51.4900427084356],[-0.0889881631354769,51.4895447249667],[-0.0889761817184722,51.4895447113787],[-0.0865690706587428,51.4892752950014],[-0.0865061543885948,51.4891489184764],[-0.0860346187618747,51.4885794733953],[-0.0859285494512986,51.4883485079438],[-0.0862722204505207,51.4881243338723],[-0.0868275943347476,51.4876367527723],[-0.0866731740850418,51.4874572650489],[-0.0871501436318418,51.4876434352704],[-0.0886889214384311,51.4874537057957],[-0.0890381443970359,51.4873694694729],[-0.0885854760294019,51.4872058881719],[-0.0883323991033065,51.4864514796496],[-0.0872873383871272,51.4865771090828],[-0.0880831096691223,51.4862259241013],[-0.0871003547742791,51.4855118978798],[-0.0867017503381949,51.4851677171249],[-0.086234162063441,51.4853381977995],[-0.0856428680255822,51.4851276664549],[-0.0859113669936636,51.4846428791882],[-0.0858185103298194,51.4839397124531],[-0.0823462767729553,51.4851648979425],[-0.0815871729051262,51.4854220521214],[-0.0810190515766674,51.4855890869101],[-0.0806970015065258,51.484330809696],[-0.0797092273919625,51.4830299172027],[-0.0811581604056345,51.4829716200667],[-0.0810084430390287,51.4818225518709],[-0.0840790013892108,51.4816858177188],[-0.0842252244896768,51.4820450521688],[-0.0856771097003395,51.4819819353596],[-0.0861870830577477,51.4839057283869],[-0.0879963873795103,51.483369829806],[-0.0918892646531325,51.4825598073513],[-0.0921220133686893,51.4838705400644],[-0.0921608259503916,51.4841098121482],[-0.0916350856317841,51.4840852145848],[-0.0917780569283191,51.4843535467304],[-0.0924056106626187,51.4843102949018],[-0.0925146282805901,51.4849737817242],[-0.0930796797996486,51.4848227746294],[-0.0932304050805246,51.4853024121758],[-0.0926065871883233,51.4855338890396],[-0.0916516095339378,51.4858382964163],[-0.091249512190637,51.4861222810887],[-0.0917521686393415,51.4864925320498],[-0.093366938023569,51.4868852736241],[-0.0946632722524974,51.4864190978634],[-0.0954626017623446,51.4877522076658],[-0.0945550040385178,51.4879632578387],[-0.094327599013074,51.4880337132892],[-0.0946165580943416,51.4889782848638],[-0.0943986142831285,51.4891919722982],[-0.0945797489040308,51.489503096653],[-0.0937605222938873,51.4895930829525],[-0.0941736138697936,51.4899077532346],[-0.0932454856409773,51.4905327608615],[-0.0924525391891494,51.4903403958672],[-0.0920615822146302,51.4898197608891],[-0.0900263545111899,51.4902632475453],[-0.0903213638572782,51.4909966223634],[-0.089496751243432,51.4909611001401],[-0.0885946270598835,51.4902343906647],[-0.0892570064512701,51.4900427084356]]]},"properties":{"FID":775,"MSOA21CD":"E02000822","MSOA21NM":"Southwark 016","MSOA21NMW":" ","BNG_E":532882,"BNG_N":177925,"LAT":51.48468,"LONG":-0.08761,"Shape__Area":469674.62944030762,"Shape__Length":5266.50028701111,"GlobalID":"902df3f1-06ad-4d35-b61c-34c248eadaa0"}},{"type":"Feature","id":776,"geometry":{"type":"Polygon","coordinates":[[[-0.0968344842242775,51.4872117605643],[-0.0965579348205301,51.4867095851551],[-0.0959239963871833,51.4868411094361],[-0.0950840655782739,51.4865048676924],[-0.095144864878378,51.4861450169548],[-0.0949715539945124,51.4859422300359],[-0.0943689229208873,51.4860702526813],[-0.0946632722524974,51.4864190978634],[-0.093366938023569,51.4868852736241],[-0.0917521686393415,51.4864925320498],[-0.091249512190637,51.4861222810887],[-0.0916516095339378,51.4858382964163],[-0.0926065871883233,51.4855338890396],[-0.0932304050805246,51.4853024121758],[-0.0930796797996486,51.4848227746294],[-0.0925146282805901,51.4849737817242],[-0.0924056106626187,51.4843102949018],[-0.0917780569283191,51.4843535467304],[-0.0916350856317841,51.4840852145848],[-0.0921608259503916,51.4841098121482],[-0.0921220133686893,51.4838705400644],[-0.0918892646531325,51.4825598073513],[-0.0879963873795103,51.483369829806],[-0.0861870830577477,51.4839057283869],[-0.0856771097003395,51.4819819353596],[-0.085425888391739,51.4809071217369],[-0.0854393450588686,51.4804371789164],[-0.0869036251251123,51.4808511526739],[-0.0882484501857346,51.4799340032562],[-0.0886392827057132,51.4800368528761],[-0.0903047121041138,51.4804750876423],[-0.090767135010495,51.4802221067689],[-0.09208482120922,51.4796046284388],[-0.0924648669954183,51.4794667734766],[-0.0935610233519072,51.4790895537829],[-0.0941248138742416,51.4790010409919],[-0.0943630923412705,51.480882480629],[-0.0955373919628443,51.4807118890463],[-0.0965499307018445,51.4805117411898],[-0.0969408976307105,51.4807579328319],[-0.0972342820755137,51.4805328761261],[-0.0985188034801765,51.480631708853],[-0.100077257943977,51.4803147371261],[-0.100991019976141,51.4804953569915],[-0.101930080161913,51.4809873816036],[-0.101982378294916,51.4809633362972],[-0.103055788267173,51.4804419256017],[-0.103201223585986,51.4803688833636],[-0.104309468720956,51.4798568664467],[-0.10487851681369,51.4795515123142],[-0.105528527488213,51.4791480402633],[-0.108329049274799,51.4803147916409],[-0.104068006103027,51.4808540367014],[-0.104490939378141,51.4815321962495],[-0.10571288176978,51.4824414656891],[-0.104939576771507,51.482710025642],[-0.104303326361809,51.4824357078031],[-0.104058201235219,51.4826867777439],[-0.10389636404584,51.4830664314584],[-0.102906062649045,51.4832041095003],[-0.101987936008226,51.4824886953864],[-0.10180195126703,51.4827043244524],[-0.101059954461869,51.4826966635765],[-0.101293672742033,51.4829192944664],[-0.10069350353323,51.4832000752949],[-0.101102229294459,51.4834290300756],[-0.100716584668985,51.4843346285826],[-0.101364425106836,51.484418607872],[-0.100098104071897,51.4849859989976],[-0.100407605400412,51.4851801031768],[-0.0983838846310692,51.4860620639157],[-0.0982323722412683,51.4858466858472],[-0.0973711756304248,51.4863059056991],[-0.0972247852985893,51.4869001628769],[-0.0975950369657783,51.4869591010417],[-0.0968344842242775,51.4872117605643]]]},"properties":{"FID":776,"MSOA21CD":"E02000823","MSOA21NM":"Southwark 017","MSOA21NMW":" ","BNG_E":532251,"BNG_N":177806,"LAT":51.48375,"LONG":-0.09674,"Shape__Area":647285.48765563965,"Shape__Length":5911.6602842987622,"GlobalID":"4ac7731b-57e7-45fb-b3a5-d1686df1c414"}},{"type":"Feature","id":777,"geometry":{"type":"Polygon","coordinates":[[[-0.0615766398908005,51.4861764870919],[-0.0598702196150403,51.4861395534536],[-0.0596985353797266,51.4865262636593],[-0.0587499158917401,51.4862671173245],[-0.0582354289027233,51.4861707965847],[-0.0581328002263588,51.4856002435175],[-0.0588996329652489,51.4852887728988],[-0.0581682614149507,51.4850320234735],[-0.057854991728463,51.4843163867437],[-0.0559511348979425,51.4842039546055],[-0.0559780889367971,51.4845524259369],[-0.0555153724153943,51.4844657196387],[-0.0539094656288485,51.484388647746],[-0.0537617742948933,51.4850174412292],[-0.0531615072390648,51.485080043167],[-0.0530080202176117,51.4845688908256],[-0.0528315597580035,51.4826868845899],[-0.0533212375818721,51.4807998438186],[-0.0534679807685467,51.4804623998064],[-0.0533856206917594,51.4803218828588],[-0.0539941156999438,51.4791027383926],[-0.0555463622469157,51.4797466169601],[-0.0559586984399482,51.4792641287994],[-0.056445561385065,51.4794498398382],[-0.0583609855636356,51.4801656394851],[-0.0599904763040289,51.4807951512463],[-0.0597748404525858,51.4796353942518],[-0.0607824619854347,51.479250209721],[-0.0605082058871901,51.4784955480348],[-0.0601803773756481,51.4783058033512],[-0.0613691286918812,51.4780469588414],[-0.0610195050858629,51.4776940489145],[-0.0615971925280122,51.4775571842163],[-0.0625757988601326,51.4787463811589],[-0.0630469785720378,51.4792507129184],[-0.0649076614057114,51.4787711647062],[-0.0653684706032047,51.4787015251497],[-0.0666245740310161,51.4785102858382],[-0.067193133235111,51.47842014258],[-0.0684649124825537,51.4782168043825],[-0.069418081717419,51.4779152691313],[-0.0702392377732438,51.4776079643797],[-0.0706850461037852,51.4775274531772],[-0.0710321574809948,51.4774706396927],[-0.0731474096341796,51.4771902643553],[-0.0734489916889629,51.4768744385884],[-0.0743210293945668,51.4770207048296],[-0.074851255755271,51.478450285394],[-0.0761419437048771,51.4784312281314],[-0.0762057528911664,51.4787345429393],[-0.0751177315624423,51.4792947647124],[-0.074471092438537,51.4787372066213],[-0.0745664380459358,51.4793402413925],[-0.0740351386495109,51.4793631482853],[-0.0740568972563242,51.4796838848698],[-0.0734631465641794,51.4798486681817],[-0.073465719860737,51.4802660863125],[-0.0740834096436606,51.4806953443879],[-0.0725976643154112,51.4809299191804],[-0.0731150155040795,51.4821371656345],[-0.0729265039098376,51.4827240585891],[-0.0706830135482398,51.4830822970645],[-0.0706541507572892,51.4837199316117],[-0.0686935750484228,51.4838899709918],[-0.0677150020446433,51.4845728982068],[-0.066241734190559,51.4840675607724],[-0.0653648906273827,51.4851554664595],[-0.0635733313966908,51.4861229582602],[-0.0618629928829055,51.4871323788278],[-0.0616855482356798,51.4871435899169],[-0.0620328212679863,51.4865523787729],[-0.0614711366011551,51.4864774503164],[-0.0615766398908005,51.4861764870919]]]},"properties":{"FID":777,"MSOA21CD":"E02000824","MSOA21NM":"Southwark 018","MSOA21NMW":" ","BNG_E":534592,"BNG_N":177661,"LAT":51.4819,"LONG":-0.0631,"Shape__Area":971065.82460021973,"Shape__Length":6009.3908430447436,"GlobalID":"014dd556-2511-44bd-98e4-64703165d200"}},{"type":"Feature","id":778,"geometry":{"type":"Polygon","coordinates":[[[-0.0731150155040795,51.4821371656345],[-0.0725976643154112,51.4809299191804],[-0.0740834096436606,51.4806953443879],[-0.073465719860737,51.4802660863125],[-0.0734631465641794,51.4798486681817],[-0.0740568972563242,51.4796838848698],[-0.0740351386495109,51.4793631482853],[-0.0745664380459358,51.4793402413925],[-0.074471092438537,51.4787372066213],[-0.0751177315624423,51.4792947647124],[-0.0762057528911664,51.4787345429393],[-0.0761419437048771,51.4784312281314],[-0.074851255755271,51.478450285394],[-0.0743210293945668,51.4770207048296],[-0.0734489916889629,51.4768744385884],[-0.0731474096341796,51.4771902643553],[-0.0724437989402725,51.4754340898351],[-0.0720128724285748,51.4743838202421],[-0.0714396269888645,51.4743790282171],[-0.0720003666954438,51.474051310234],[-0.072687386223097,51.4741646260975],[-0.0731411915249172,51.474635005023],[-0.0742637633393218,51.4740590022451],[-0.0751150831517642,51.4742474140631],[-0.0774076395670533,51.4742540943178],[-0.0783473025199419,51.474163822501],[-0.0788293089228772,51.4741115595978],[-0.0794111991906766,51.4745322000775],[-0.0824823128071444,51.4741263742464],[-0.0822837036218674,51.4746210219525],[-0.0830623959865772,51.474814977527],[-0.0831884068831011,51.4753854930265],[-0.0826302046567437,51.4757541821371],[-0.0820875805771524,51.475538346497],[-0.0821874042751579,51.4759092258909],[-0.0817536516733702,51.4759465515048],[-0.081936364974547,51.4766091304555],[-0.0817696035699121,51.4766009513615],[-0.0809607466412867,51.4767033120662],[-0.0811930858117108,51.4768869280934],[-0.0804312597769286,51.4771356582108],[-0.0809310515013761,51.4779628423649],[-0.0812936640335449,51.4785530582546],[-0.0813714655188993,51.4786798988803],[-0.0817582930548703,51.4792944700855],[-0.081851998286961,51.479437398041],[-0.0825109155560559,51.4794152847778],[-0.0821523871055132,51.4798943296029],[-0.0825935533268584,51.4805141844373],[-0.0840010192342286,51.4808371581244],[-0.085425888391739,51.4809071217369],[-0.0856771097003395,51.4819819353596],[-0.0842252244896768,51.4820450521688],[-0.0840790013892108,51.4816858177188],[-0.0810084430390287,51.4818225518709],[-0.0796922446987906,51.4819104453894],[-0.0780199874961819,51.4820151116576],[-0.0770262363410638,51.4820751213968],[-0.0753280529759929,51.4821788770161],[-0.0740214214079309,51.4822876915276],[-0.0739620161884827,51.4825309787927],[-0.0729265039098376,51.4827240585891],[-0.0731150155040795,51.4821371656345]]]},"properties":{"FID":778,"MSOA21CD":"E02000825","MSOA21NM":"Southwark 019","MSOA21NMW":" ","BNG_E":533534,"BNG_N":177207,"LAT":51.47807,"LONG":-0.0785,"Shape__Area":533551.400932312,"Shape__Length":4708.8319737528873,"GlobalID":"63066b9e-53c7-434d-bf9c-819c95bf271e"}},{"type":"Feature","id":779,"geometry":{"type":"Polygon","coordinates":[[[-0.0825935533268584,51.4805141844373],[-0.0821523871055132,51.4798943296029],[-0.0825109155560559,51.4794152847778],[-0.081851998286961,51.479437398041],[-0.0817582930548703,51.4792944700855],[-0.0813714655188993,51.4786798988803],[-0.0812936640335449,51.4785530582546],[-0.0809310515013761,51.4779628423649],[-0.0804312597769286,51.4771356582108],[-0.0811930858117108,51.4768869280934],[-0.0809607466412867,51.4767033120662],[-0.0817696035699121,51.4766009513615],[-0.081936364974547,51.4766091304555],[-0.0817536516733702,51.4759465515048],[-0.0821874042751579,51.4759092258909],[-0.0820875805771524,51.475538346497],[-0.0826302046567437,51.4757541821371],[-0.0831884068831011,51.4753854930265],[-0.0830623959865772,51.474814977527],[-0.0822837036218674,51.4746210219525],[-0.0824823128071444,51.4741263742464],[-0.083285740536018,51.4737503884278],[-0.0831693051696097,51.4730385352301],[-0.083569760039249,51.4730854715826],[-0.0834960956073594,51.4725084643244],[-0.0843539182156665,51.4723929753365],[-0.084688714824995,51.4728949783041],[-0.0851428075538448,51.472786489672],[-0.0852574476912325,51.4729954495021],[-0.0863817130238256,51.4730715887796],[-0.0850890749640666,51.471168609649],[-0.0857194924103531,51.4709933942314],[-0.0861508595796548,51.4716491009453],[-0.0868827673827729,51.4719462249439],[-0.086804479693624,51.4722682628614],[-0.0875699794942535,51.4721889026084],[-0.0877608467262246,51.4727480614368],[-0.0872281002762389,51.4729748820469],[-0.087155543408418,51.4734898685309],[-0.0877874085926037,51.4735361498206],[-0.0877745396925881,51.4738439263107],[-0.0883439726403087,51.4739894290528],[-0.0885260984417998,51.4748811153694],[-0.088931971217083,51.4749977785934],[-0.0889048818895733,51.4743951593178],[-0.0896023627488841,51.4743536513414],[-0.0904505657387386,51.4743422917462],[-0.0904863432927534,51.4748116803339],[-0.0911758664203,51.4746576859886],[-0.0915033158648661,51.4745075725836],[-0.0917071969532205,51.4748716704515],[-0.0911403185068807,51.4751226024768],[-0.0903187984090113,51.4753310201073],[-0.0904011601539598,51.4757730092273],[-0.0922979324071868,51.4755251180206],[-0.0931069976532932,51.4760954476294],[-0.0927357243732505,51.4764498015967],[-0.0922069321186638,51.4770164374758],[-0.0910891921908127,51.476887594325],[-0.0907125612490731,51.4772220713104],[-0.0912898366573938,51.4772649701108],[-0.0913887945242455,51.4779409677545],[-0.0918869872071293,51.4779022099681],[-0.0919438307538502,51.4781452449158],[-0.0929502240132455,51.478116656574],[-0.0929954329793041,51.4789034046319],[-0.0935610233519072,51.4790895537829],[-0.0924648669954183,51.4794667734766],[-0.09208482120922,51.4796046284388],[-0.090767135010495,51.4802221067689],[-0.0903047121041138,51.4804750876423],[-0.0886392827057132,51.4800368528761],[-0.0882484501857346,51.4799340032562],[-0.0869036251251123,51.4808511526739],[-0.0854393450588686,51.4804371789164],[-0.085425888391739,51.4809071217369],[-0.0840010192342286,51.4808371581244],[-0.0825935533268584,51.4805141844373]]]},"properties":{"FID":779,"MSOA21CD":"E02000826","MSOA21NM":"Southwark 020","MSOA21NMW":" ","BNG_E":532944,"BNG_N":177092,"LAT":51.47717,"LONG":-0.08703,"Shape__Area":548986.98774719238,"Shape__Length":4749.9519132100313,"GlobalID":"5b3fb8e8-a2aa-4b3d-aa54-7e998b8f54c6"}},{"type":"Feature","id":780,"geometry":{"type":"Polygon","coordinates":[[[-0.0943630923412705,51.480882480629],[-0.0941248138742416,51.4790010409919],[-0.0935610233519072,51.4790895537829],[-0.0929954329793041,51.4789034046319],[-0.0929502240132455,51.478116656574],[-0.0919438307538502,51.4781452449158],[-0.0918869872071293,51.4779022099681],[-0.0913887945242455,51.4779409677545],[-0.0912898366573938,51.4772649701108],[-0.0907125612490731,51.4772220713104],[-0.0910891921908127,51.476887594325],[-0.0922069321186638,51.4770164374758],[-0.0927357243732505,51.4764498015967],[-0.0931069976532932,51.4760954476294],[-0.0922979324071868,51.4755251180206],[-0.0904011601539598,51.4757730092273],[-0.0903187984090113,51.4753310201073],[-0.0911403185068807,51.4751226024768],[-0.0917071969532205,51.4748716704515],[-0.0915033158648661,51.4745075725836],[-0.0911758664203,51.4746576859886],[-0.0904863432927534,51.4748116803339],[-0.0904505657387386,51.4743422917462],[-0.0900148722166247,51.4732661134209],[-0.0911612951909544,51.4726752507726],[-0.0929978104458015,51.4720148379097],[-0.0935984691521853,51.4717678910007],[-0.0938887783706171,51.4711039333835],[-0.0940741732619715,51.4707481347093],[-0.096006732910786,51.4699058020774],[-0.0969546894257489,51.4705823132742],[-0.0992984759470282,51.4724808809598],[-0.0993520304715134,51.4726232134224],[-0.100499291589673,51.4741608070587],[-0.100413268490598,51.4756838997313],[-0.100408377276457,51.4757118777333],[-0.0999739914267601,51.4768732251335],[-0.10147628946439,51.4775232665159],[-0.10333530492201,51.4782414465313],[-0.103598895880523,51.4783433280871],[-0.105528527488213,51.4791480402633],[-0.10487851681369,51.4795515123142],[-0.104309468720956,51.4798568664467],[-0.103201223585986,51.4803688833636],[-0.103055788267173,51.4804419256017],[-0.101982378294916,51.4809633362972],[-0.101930080161913,51.4809873816036],[-0.100991019976141,51.4804953569915],[-0.100077257943977,51.4803147371261],[-0.0985188034801765,51.480631708853],[-0.0972342820755137,51.4805328761261],[-0.0969408976307105,51.4807579328319],[-0.0965499307018445,51.4805117411898],[-0.0955373919628443,51.4807118890463],[-0.0943630923412705,51.480882480629]]]},"properties":{"FID":780,"MSOA21CD":"E02000827","MSOA21NM":"Southwark 021","MSOA21NMW":" ","BNG_E":532201,"BNG_N":176940,"LAT":51.47598,"LONG":-0.09778,"Shape__Area":678202.89893341064,"Shape__Length":4379.4724401307949,"GlobalID":"2744917d-731b-4d03-9391-a6cc3a00950f"}},{"type":"Feature","id":781,"geometry":{"type":"Polygon","coordinates":[[[-0.0604582901428708,51.4745400417307],[-0.0606425493813416,51.4739372866175],[-0.0619047294611075,51.474008702351],[-0.0638505255300028,51.4740128843444],[-0.0639285913380608,51.472694507684],[-0.0641474365312058,51.4710552060125],[-0.0638748851647415,51.470418037326],[-0.0637952063909239,51.4701740387938],[-0.0639917938278859,51.4700339120328],[-0.0657704902626593,51.4703854859967],[-0.0671685755918587,51.4700612889814],[-0.0677730195766244,51.4703528211445],[-0.067927751113519,51.4709590780252],[-0.069136380712984,51.4707846369466],[-0.0689492934996867,51.47054737967],[-0.0695381951433725,51.4704025895855],[-0.0696577017679072,51.4706123790618],[-0.0701700317395517,51.470514224968],[-0.0700409612586576,51.4707838009359],[-0.0721605769201719,51.4712268051115],[-0.0721195103417765,51.4717887277111],[-0.0728844959254348,51.4717950918407],[-0.0728482549835996,51.4713040160243],[-0.0742685905943887,51.4710845581731],[-0.0743799503163275,51.4722015029241],[-0.0747006023419004,51.473083368417],[-0.0743650145384033,51.4731912724391],[-0.0738371955791256,51.4731294952701],[-0.073643882411416,51.472769184219],[-0.0722584014244264,51.472763139495],[-0.0721452560559593,51.4730812685747],[-0.0731325156629575,51.4732739817538],[-0.0727533321589694,51.473658378348],[-0.0742637633393218,51.4740590022451],[-0.0731411915249172,51.474635005023],[-0.072687386223097,51.4741646260975],[-0.0720003666954438,51.474051310234],[-0.0714396269888645,51.4743790282171],[-0.0720128724285748,51.4743838202421],[-0.0724437989402725,51.4754340898351],[-0.0731474096341796,51.4771902643553],[-0.0710321574809948,51.4774706396927],[-0.0706850461037852,51.4775274531772],[-0.0702392377732438,51.4776079643797],[-0.069418081717419,51.4779152691313],[-0.0684649124825537,51.4782168043825],[-0.067193133235111,51.47842014258],[-0.0666245740310161,51.4785102858382],[-0.0653684706032047,51.4787015251497],[-0.0649076614057114,51.4787711647062],[-0.0630469785720378,51.4792507129184],[-0.0625757988601326,51.4787463811589],[-0.0615971925280122,51.4775571842163],[-0.0610856348470798,51.4770048052456],[-0.0609871974541579,51.4766576790386],[-0.0609799951733949,51.4765776689465],[-0.0610222668269729,51.4762304772962],[-0.0604726450284726,51.4756713942499],[-0.0607830295574159,51.4753189839697],[-0.0603869604212286,51.475248677605],[-0.0604582901428708,51.4745400417307]]]},"properties":{"FID":781,"MSOA21CD":"E02000828","MSOA21NM":"Southwark 022","MSOA21NMW":" ","BNG_E":534306,"BNG_N":176816,"LAT":51.47437,"LONG":-0.06753,"Shape__Area":637303.68729400635,"Shape__Length":4443.2133272753208,"GlobalID":"65a6c5e8-0482-44b9-b9ca-0fc3315232b9"}},{"type":"Feature","id":782,"geometry":{"type":"Polygon","coordinates":[[[-0.056445561385065,51.4794498398382],[-0.0559586984399482,51.4792641287994],[-0.0555463622469157,51.4797466169601],[-0.0539941156999438,51.4791027383926],[-0.0543030269236447,51.4786065164795],[-0.0526752947615208,51.4780086138781],[-0.0527127885886712,51.4766278140403],[-0.0527232994280177,51.4760761216292],[-0.0527265697259951,51.4755865432907],[-0.0527282509155128,51.4753856125947],[-0.0527289328707079,51.4752413205728],[-0.0527361074038281,51.4735901794818],[-0.0527348588729235,51.4733542394425],[-0.0527313432878096,51.4729688953188],[-0.0526088304916185,51.4725400928421],[-0.052286839735214,51.4715227965105],[-0.0522588684253751,51.4714330735361],[-0.0533400812750419,51.4717318991477],[-0.0536689080665226,51.4709974363868],[-0.0533330931340928,51.4702850165697],[-0.0528830247410581,51.4692440573126],[-0.0531615941602221,51.4686763879716],[-0.0531069667561258,51.4684694261833],[-0.0538512051032348,51.468392427407],[-0.0541198933912537,51.4678110042897],[-0.055436166860254,51.4683454524025],[-0.0557940947453015,51.4682240080862],[-0.056523768140476,51.4693475267495],[-0.057010850135683,51.4693996793452],[-0.0566289290613435,51.4683253679956],[-0.0578167213789473,51.4678560087697],[-0.0594560954345755,51.4684381117928],[-0.0611503123873185,51.4690911295033],[-0.0637952063909239,51.4701740387938],[-0.0638748851647415,51.470418037326],[-0.0641474365312058,51.4710552060125],[-0.0639285913380608,51.472694507684],[-0.0638505255300028,51.4740128843444],[-0.0619047294611075,51.474008702351],[-0.0606425493813416,51.4739372866175],[-0.0604582901428708,51.4745400417307],[-0.0603869604212286,51.475248677605],[-0.0607830295574159,51.4753189839697],[-0.0604726450284726,51.4756713942499],[-0.0610222668269729,51.4762304772962],[-0.0609799951733949,51.4765776689465],[-0.0609871974541579,51.4766576790386],[-0.0610856348470798,51.4770048052456],[-0.0615971925280122,51.4775571842163],[-0.0610195050858629,51.4776940489145],[-0.0613691286918812,51.4780469588414],[-0.0601803773756481,51.4783058033512],[-0.0605082058871901,51.4784955480348],[-0.0607824619854347,51.479250209721],[-0.0597748404525858,51.4796353942518],[-0.0599904763040289,51.4807951512463],[-0.0583609855636356,51.4801656394851],[-0.056445561385065,51.4794498398382]]]},"properties":{"FID":782,"MSOA21CD":"E02000829","MSOA21NM":"Southwark 023","MSOA21NMW":" ","BNG_E":534959,"BNG_N":176794,"LAT":51.47402,"LONG":-0.05815,"Shape__Area":792642.90043640137,"Shape__Length":4648.4436992102374,"GlobalID":"aae54779-2258-4967-bcab-bd7fad1c1471"}},{"type":"Feature","id":783,"geometry":{"type":"Polygon","coordinates":[[[-0.0877608467262246,51.4727480614368],[-0.0875699794942535,51.4721889026084],[-0.086804479693624,51.4722682628614],[-0.0868827673827729,51.4719462249439],[-0.0861508595796548,51.4716491009453],[-0.0857194924103531,51.4709933942314],[-0.0850890749640666,51.471168609649],[-0.0863817130238256,51.4730715887796],[-0.0852574476912325,51.4729954495021],[-0.0851428075538448,51.472786489672],[-0.084688714824995,51.4728949783041],[-0.0843539182156665,51.4723929753365],[-0.0834960956073594,51.4725084643244],[-0.083569760039249,51.4730854715826],[-0.0831693051696097,51.4730385352301],[-0.083285740536018,51.4737503884278],[-0.0824823128071444,51.4741263742464],[-0.0794111991906766,51.4745322000775],[-0.0788293089228772,51.4741115595978],[-0.078926383365669,51.4740947731813],[-0.0795955602452786,51.4739438068018],[-0.0782941847603967,51.4709573559896],[-0.0779053751470868,51.4700991939884],[-0.0787978240210087,51.4700803387273],[-0.0784996839576818,51.4693654302847],[-0.0742045428830432,51.4689709380479],[-0.0739592426610554,51.4689590664449],[-0.07586958252428,51.4685813361134],[-0.0773549781326338,51.4678376758488],[-0.0776059678166838,51.4676165837802],[-0.078321898118266,51.4667784646535],[-0.0786195224229659,51.4653766686199],[-0.0776040317040437,51.4653750436452],[-0.0776371498872127,51.465123112232],[-0.0769778423997292,51.4649823111028],[-0.0749244178490669,51.4653639024243],[-0.0767435835124016,51.4639924523054],[-0.0756036819949468,51.4641644129883],[-0.0753314952633096,51.4636340844634],[-0.0771512127654292,51.4632110700161],[-0.0772427959196864,51.4619876539115],[-0.0769633280518804,51.4621496247168],[-0.0759397966007733,51.4618053110845],[-0.0753448665320859,51.4615805750007],[-0.0759529642231639,51.4612625016634],[-0.0770818733000702,51.4617884110275],[-0.0787276177867581,51.4614249455699],[-0.0797265482352064,51.4615143244337],[-0.0802037050725983,51.4617656295811],[-0.0804272152819087,51.4615017165647],[-0.0827071287295373,51.4626222584191],[-0.0821539403624353,51.4629674256631],[-0.0810220278910586,51.4621983850674],[-0.0805533743887614,51.4623443342317],[-0.0799201023621636,51.4621193710889],[-0.0787511854442788,51.4639809257991],[-0.0796276779073217,51.4644268164113],[-0.0792761541908143,51.4646469197259],[-0.0795434694156099,51.4647951870365],[-0.0797969265624692,51.4653604236845],[-0.0804470016825637,51.4657092245119],[-0.0807640884150583,51.4654829870941],[-0.0814285963448559,51.4657120360401],[-0.0815916207822723,51.4651893869578],[-0.0823075794566012,51.4652849378476],[-0.0827352039019934,51.4649581473011],[-0.0839667589978338,51.4650564396852],[-0.0834512163356428,51.4653073673059],[-0.0839367717831254,51.4658390749116],[-0.0845369300896343,51.4670029428794],[-0.0855982474949034,51.4666658564183],[-0.0866240472808443,51.4683013200192],[-0.0878999744504954,51.4682009464043],[-0.0881168100776612,51.4685016160423],[-0.091119622473161,51.4676142236213],[-0.0922756693024818,51.4691400230761],[-0.0928907695970963,51.4706618331028],[-0.0929946164663931,51.4719695340698],[-0.0929978104458015,51.4720148379097],[-0.0911612951909544,51.4726752507726],[-0.0900148722166247,51.4732661134209],[-0.0904505657387386,51.4743422917462],[-0.0896023627488841,51.4743536513414],[-0.0889048818895733,51.4743951593178],[-0.088931971217083,51.4749977785934],[-0.0885260984417998,51.4748811153694],[-0.0883439726403087,51.4739894290528],[-0.0877745396925881,51.4738439263107],[-0.0877874085926037,51.4735361498206],[-0.087155543408418,51.4734898685309],[-0.0872281002762389,51.4729748820469],[-0.0877608467262246,51.4727480614368]]]},"properties":{"FID":783,"MSOA21CD":"E02000830","MSOA21NM":"Southwark 024","MSOA21NMW":" ","BNG_E":533210,"BNG_N":176219,"LAT":51.46927,"LONG":-0.08353,"Shape__Area":841734.697807312,"Shape__Length":7938.6342476226546,"GlobalID":"be83861a-9930-4196-986d-b38170cb3d1e"}},{"type":"Feature","id":784,"geometry":{"type":"Polygon","coordinates":[[[-0.0731325156629575,51.4732739817538],[-0.0721452560559593,51.4730812685747],[-0.0722584014244264,51.472763139495],[-0.073643882411416,51.472769184219],[-0.0738371955791256,51.4731294952701],[-0.0743650145384033,51.4731912724391],[-0.0747006023419004,51.473083368417],[-0.0743799503163275,51.4722015029241],[-0.0742685905943887,51.4710845581731],[-0.0728482549835996,51.4713040160243],[-0.0728844959254348,51.4717950918407],[-0.0721195103417765,51.4717887277111],[-0.0721605769201719,51.4712268051115],[-0.0700409612586576,51.4707838009359],[-0.0701700317395517,51.470514224968],[-0.0696577017679072,51.4706123790618],[-0.0695381951433725,51.4704025895855],[-0.0689492934996867,51.47054737967],[-0.069136380712984,51.4707846369466],[-0.067927751113519,51.4709590780252],[-0.0677730195766244,51.4703528211445],[-0.0671685755918587,51.4700612889814],[-0.0657704902626593,51.4703854859967],[-0.0639917938278859,51.4700339120328],[-0.0647975113124303,51.4699842725394],[-0.0651349600562281,51.4694952372846],[-0.0657351798967909,51.4694013609481],[-0.0657205555596521,51.4690502533347],[-0.0649830774942899,51.4688883175399],[-0.0655740773084,51.468759316465],[-0.065455522242709,51.4681724800585],[-0.0663918421903589,51.4678520881069],[-0.0651874831082328,51.4672587837843],[-0.0652959112384444,51.467051831639],[-0.065088706261826,51.4669622042389],[-0.0648664427048556,51.4663831729565],[-0.0641229771789697,51.4659715498626],[-0.0638461439757307,51.4661981732805],[-0.0642768568885908,51.4664512183116],[-0.0629078249013089,51.4671985078618],[-0.0628077386212895,51.4665034797971],[-0.0620914011629678,51.4658382964742],[-0.0626220473767234,51.4655865216789],[-0.0630433815095293,51.4658455404185],[-0.0636656183768406,51.4654110829845],[-0.0641581103754978,51.4657249746523],[-0.0641138861674044,51.4652314208098],[-0.0647465040806504,51.4650643255977],[-0.065525828128905,51.4653110644277],[-0.0653174937728177,51.4649868755233],[-0.0659183008871338,51.464930796358],[-0.0660795457428174,51.4652032442825],[-0.0665197852349697,51.464990481573],[-0.0665137913446758,51.464498895093],[-0.0665302107394674,51.4636135836678],[-0.0669590071272242,51.463651801544],[-0.0671462077987843,51.4631613880185],[-0.067752047219883,51.4634412575127],[-0.0676054120001111,51.4627942027886],[-0.068135403071166,51.4625884090918],[-0.0687397049126686,51.4642579067738],[-0.0691959659069843,51.4641875601349],[-0.0690533788925983,51.4627868421022],[-0.0681970296031341,51.4621841343442],[-0.0699835360053828,51.461733354373],[-0.0714066226870965,51.4614165923621],[-0.0715456908326911,51.4620684743111],[-0.0715887383187467,51.4622652921731],[-0.0735836784201362,51.4651676581659],[-0.072871328453183,51.4657028748947],[-0.0724279971689216,51.4657953893509],[-0.0728010577652922,51.4664840429515],[-0.0729835946598829,51.4666605803296],[-0.0740044424545468,51.4659527376604],[-0.0772881903984701,51.4653890613251],[-0.0776040317040437,51.4653750436452],[-0.0786195224229659,51.4653766686199],[-0.078321898118266,51.4667784646535],[-0.0776059678166838,51.4676165837802],[-0.0773549781326338,51.4678376758488],[-0.07586958252428,51.4685813361134],[-0.0739592426610554,51.4689590664449],[-0.0742045428830432,51.4689709380479],[-0.0784996839576818,51.4693654302847],[-0.0787978240210087,51.4700803387273],[-0.0779053751470868,51.4700991939884],[-0.0782941847603967,51.4709573559896],[-0.0795955602452786,51.4739438068018],[-0.078926383365669,51.4740947731813],[-0.0788293089228772,51.4741115595978],[-0.0783473025199419,51.474163822501],[-0.0774076395670533,51.4742540943178],[-0.0751150831517642,51.4742474140631],[-0.0742637633393218,51.4740590022451],[-0.0727533321589694,51.473658378348],[-0.0731325156629575,51.4732739817538]]]},"properties":{"FID":784,"MSOA21CD":"E02000831","MSOA21NM":"Southwark 025","MSOA21NMW":" ","BNG_E":534089,"BNG_N":175900,"LAT":51.46619,"LONG":-0.071,"Shape__Area":798720.91458892822,"Shape__Length":7396.5184501811709,"GlobalID":"9d05d7cd-9663-4d22-80fb-3008995f2e85"}},{"type":"Feature","id":785,"geometry":{"type":"Polygon","coordinates":[[[-0.0522570583181134,51.4692139944979],[-0.050921427658897,51.4675579640355],[-0.0512872830864886,51.467368922726],[-0.0505999342431807,51.4667476885123],[-0.0509291292711048,51.466619785398],[-0.0489919776211946,51.466215410694],[-0.0495289815155542,51.4658412408552],[-0.0502729713617244,51.4661250476499],[-0.0526109448680407,51.4647760956564],[-0.0512514229564291,51.4642357497681],[-0.0517450000666408,51.4626716314786],[-0.0521182156747642,51.4617182860053],[-0.0530564080527971,51.4610661401593],[-0.0557595872606594,51.46276904166],[-0.0565296034689883,51.4625120397265],[-0.0564586194013442,51.4615637937892],[-0.0566952797888531,51.4614148403664],[-0.0572562054190852,51.4617658730212],[-0.0581061518434396,51.4610160269241],[-0.0584403241970501,51.4610718626287],[-0.0584189285358516,51.4606248536542],[-0.0588059494319363,51.4600135227638],[-0.0594359651868572,51.4604339638328],[-0.0598703645056396,51.4601100671396],[-0.0612159738962972,51.4606960351271],[-0.0618799203299586,51.4610241008012],[-0.0647532122679322,51.4627440220948],[-0.0666377348033361,51.4623583247768],[-0.0681970296031341,51.4621841343442],[-0.0690533788925983,51.4627868421022],[-0.0691959659069843,51.4641875601349],[-0.0687397049126686,51.4642579067738],[-0.068135403071166,51.4625884090918],[-0.0676054120001111,51.4627942027886],[-0.067752047219883,51.4634412575127],[-0.0671462077987843,51.4631613880185],[-0.0669590071272242,51.463651801544],[-0.0665302107394674,51.4636135836678],[-0.0665137913446758,51.464498895093],[-0.0665197852349697,51.464990481573],[-0.0660795457428174,51.4652032442825],[-0.0659183008871338,51.464930796358],[-0.0653174937728177,51.4649868755233],[-0.065525828128905,51.4653110644277],[-0.0647465040806504,51.4650643255977],[-0.0641138861674044,51.4652314208098],[-0.0641581103754978,51.4657249746523],[-0.0636656183768406,51.4654110829845],[-0.0630433815095293,51.4658455404185],[-0.0626220473767234,51.4655865216789],[-0.0620914011629678,51.4658382964742],[-0.0628077386212895,51.4665034797971],[-0.0629078249013089,51.4671985078618],[-0.0642768568885908,51.4664512183116],[-0.0638461439757307,51.4661981732805],[-0.0641229771789697,51.4659715498626],[-0.0648664427048556,51.4663831729565],[-0.065088706261826,51.4669622042389],[-0.0652959112384444,51.467051831639],[-0.0651874831082328,51.4672587837843],[-0.0663918421903589,51.4678520881069],[-0.065455522242709,51.4681724800585],[-0.0655740773084,51.468759316465],[-0.0649830774942899,51.4688883175399],[-0.0657205555596521,51.4690502533347],[-0.0657351798967909,51.4694013609481],[-0.0651349600562281,51.4694952372846],[-0.0647975113124303,51.4699842725394],[-0.0639917938278859,51.4700339120328],[-0.0637952063909239,51.4701740387938],[-0.0611503123873185,51.4690911295033],[-0.0594560954345755,51.4684381117928],[-0.0578167213789473,51.4678560087697],[-0.0566289290613435,51.4683253679956],[-0.057010850135683,51.4693996793452],[-0.056523768140476,51.4693475267495],[-0.0557940947453015,51.4682240080862],[-0.055436166860254,51.4683454524025],[-0.0541198933912537,51.4678110042897],[-0.0538512051032348,51.468392427407],[-0.0531069667561258,51.4684694261833],[-0.0531615941602221,51.4686763879716],[-0.0528830247410581,51.4692440573126],[-0.0533330931340928,51.4702850165697],[-0.0536689080665226,51.4709974363868],[-0.0533400812750419,51.4717318991477],[-0.0522588684253751,51.4714330735361],[-0.0516936900016532,51.4697160263605],[-0.0517224851602085,51.4696546251159],[-0.0522570583181134,51.4692139944979]]]},"properties":{"FID":785,"MSOA21CD":"E02000832","MSOA21NM":"Southwark 026","MSOA21NMW":" ","BNG_E":534918,"BNG_N":175712,"LAT":51.46431,"LONG":-0.05915,"Shape__Area":844250.38048553467,"Shape__Length":7251.3603394283309,"GlobalID":"c4575d48-a775-4597-bd68-f4f1b59f763e"}},{"type":"Feature","id":786,"geometry":{"type":"Polygon","coordinates":[[[-0.0881168100776612,51.4685016160423],[-0.0878999744504954,51.4682009464043],[-0.0866240472808443,51.4683013200192],[-0.0855982474949034,51.4666658564183],[-0.0845369300896343,51.4670029428794],[-0.0839367717831254,51.4658390749116],[-0.0834512163356428,51.4653073673059],[-0.0839667589978338,51.4650564396852],[-0.0827352039019934,51.4649581473011],[-0.0823075794566012,51.4652849378476],[-0.0815916207822723,51.4651893869578],[-0.0814285963448559,51.4657120360401],[-0.0807640884150583,51.4654829870941],[-0.0804470016825637,51.4657092245119],[-0.0797969265624692,51.4653604236845],[-0.0795434694156099,51.4647951870365],[-0.0792761541908143,51.4646469197259],[-0.0796276779073217,51.4644268164113],[-0.0787511854442788,51.4639809257991],[-0.0799201023621636,51.4621193710889],[-0.0805533743887614,51.4623443342317],[-0.0810220278910586,51.4621983850674],[-0.0821539403624353,51.4629674256631],[-0.0827071287295373,51.4626222584191],[-0.0804272152819087,51.4615017165647],[-0.081507623693838,51.4602088041789],[-0.0829140850579267,51.4585262896543],[-0.0830569303576539,51.4583794530469],[-0.0830694456842437,51.4583665911644],[-0.0848043117357923,51.4567141718824],[-0.0873264028166711,51.4548470120143],[-0.0884804131705857,51.4541048065764],[-0.090463239482018,51.4557620305983],[-0.0907289566368562,51.4562735841519],[-0.0899124770419481,51.4583774306885],[-0.0909689197317461,51.4593351296998],[-0.0916701773799363,51.4599619837121],[-0.0919627809588388,51.4603947811412],[-0.0920286434990493,51.4609051369561],[-0.0921877015330794,51.4611206925477],[-0.0920369123737747,51.4613159393797],[-0.0911674077165225,51.4624613623932],[-0.0903322012970871,51.4646403185865],[-0.0903248563120886,51.4646733519637],[-0.0900451391844691,51.466086630627],[-0.091119622473161,51.4676142236213],[-0.0881168100776612,51.4685016160423]]]},"properties":{"FID":786,"MSOA21CD":"E02000833","MSOA21NM":"Southwark 027","MSOA21NMW":" ","BNG_E":533095,"BNG_N":175339,"LAT":51.46139,"LONG":-0.08552,"Shape__Area":825892.2813949585,"Shape__Length":4802.1434284660781,"GlobalID":"d64cb56d-0a3a-4c99-9c01-58ba86cc3975"}},{"type":"Feature","id":787,"geometry":{"type":"Polygon","coordinates":[[[-0.072871328453183,51.4657028748947],[-0.0735836784201362,51.4651676581659],[-0.0715887383187467,51.4622652921731],[-0.0715456908326911,51.4620684743111],[-0.0714066226870965,51.4614165923621],[-0.0699835360053828,51.461733354373],[-0.0681970296031341,51.4621841343442],[-0.0666377348033361,51.4623583247768],[-0.0647532122679322,51.4627440220948],[-0.0618799203299586,51.4610241008012],[-0.0612159738962972,51.4606960351271],[-0.0598703645056396,51.4601100671396],[-0.0585704836526545,51.4596139068032],[-0.0560167108400975,51.4587506788461],[-0.0550474465324237,51.4585275479632],[-0.0557146298836032,51.4580105412546],[-0.0561620717298113,51.4577009214164],[-0.0560311953234985,51.45637679318],[-0.0567607321006325,51.4557781345065],[-0.0586631339123121,51.4550715015778],[-0.0624084501803041,51.4539824151843],[-0.0628867441487143,51.4544431712572],[-0.0644872313080659,51.4525150815662],[-0.0647835111704287,51.4522785079733],[-0.0651036682575322,51.4524309920668],[-0.0654892563008449,51.4521875103628],[-0.0664125355289963,51.452903535327],[-0.0673554239531773,51.4535333969979],[-0.0676335836813138,51.4536833997036],[-0.0687517021289245,51.4541855737521],[-0.0698351965597247,51.4545109754096],[-0.0709236993523075,51.4541446265806],[-0.0708407957321023,51.4531656357569],[-0.0718705818923008,51.4516581212392],[-0.07253334827621,51.4519049725591],[-0.0717680041439671,51.45390560834],[-0.0716097784647574,51.4547871848705],[-0.0725353550703325,51.4549097985142],[-0.071152257158699,51.4573985294175],[-0.071163388019899,51.457428214699],[-0.0715953077198672,51.4574561289801],[-0.0734523742176135,51.4576447857881],[-0.0727327744964968,51.4580907435005],[-0.0731771963041051,51.4593938722222],[-0.0731022170110045,51.4593997319189],[-0.074253920217219,51.4599905073382],[-0.0751619981839896,51.4597772156978],[-0.07715117940982,51.4590185381562],[-0.079030544316266,51.4588767904064],[-0.0791061248920296,51.4590810615938],[-0.0801701425567668,51.4587144141025],[-0.0821499854628121,51.4579102746225],[-0.0829140850579267,51.4585262896543],[-0.081507623693838,51.4602088041789],[-0.0804272152819087,51.4615017165647],[-0.0802037050725983,51.4617656295811],[-0.0797265482352064,51.4615143244337],[-0.0787276177867581,51.4614249455699],[-0.0770818733000702,51.4617884110275],[-0.0759529642231639,51.4612625016634],[-0.0753448665320859,51.4615805750007],[-0.0759397966007733,51.4618053110845],[-0.0769633280518804,51.4621496247168],[-0.0772427959196864,51.4619876539115],[-0.0771512127654292,51.4632110700161],[-0.0753314952633096,51.4636340844634],[-0.0756036819949468,51.4641644129883],[-0.0767435835124016,51.4639924523054],[-0.0749244178490669,51.4653639024243],[-0.0769778423997292,51.4649823111028],[-0.0776371498872127,51.465123112232],[-0.0776040317040437,51.4653750436452],[-0.0772881903984701,51.4653890613251],[-0.0740044424545468,51.4659527376604],[-0.0729835946598829,51.4666605803296],[-0.0728010577652922,51.4664840429515],[-0.0724279971689216,51.4657953893509],[-0.072871328453183,51.4657028748947]]]},"properties":{"FID":787,"MSOA21CD":"E02000834","MSOA21NM":"Southwark 028","MSOA21NMW":" ","BNG_E":534540,"BNG_N":175115,"LAT":51.45903,"LONG":-0.06481,"Shape__Area":1215727.2510757446,"Shape__Length":8055.0567631621825,"GlobalID":"ae717115-0914-4a86-a3fa-dad38e9f7d89"}},{"type":"Feature","id":788,"geometry":{"type":"Polygon","coordinates":[[[-0.0483442601296526,51.4659383928347],[-0.0485845771249051,51.465580737353],[-0.0471241422686368,51.4648794272401],[-0.0461840643754711,51.4641009527025],[-0.045290552908521,51.4622253411876],[-0.0452398334071038,51.4618989337568],[-0.0451859274534338,51.4611313970806],[-0.0451797357680519,51.459748410119],[-0.0452135096686921,51.4594317955174],[-0.0454111567965441,51.4586852913888],[-0.0461373517912601,51.4569576354197],[-0.044724507418372,51.4566043032802],[-0.041622761821125,51.4549898607954],[-0.0424572582651734,51.4538433630841],[-0.0461257805854853,51.4498731879226],[-0.0480085709693825,51.4500832525884],[-0.0498741032392862,51.4498598298681],[-0.0539198167712192,51.4487268680557],[-0.0563896405945662,51.4498877363066],[-0.0570211471394639,51.4501370401748],[-0.0575354724773353,51.4503387280909],[-0.0600111724196875,51.4488406680761],[-0.0603861586147357,51.4486751705306],[-0.0610653405144055,51.4500123091789],[-0.060253377871207,51.450493476773],[-0.0590585077332554,51.4505006644184],[-0.0583676741758868,51.4508399397282],[-0.059318149673257,51.4516132247937],[-0.0588841353683252,51.4518511626987],[-0.0587898770927866,51.4520364374348],[-0.0594635841071845,51.4521961529872],[-0.0598264930864014,51.4519990771707],[-0.0602066864475637,51.4522855201447],[-0.0580760684923209,51.4534762598691],[-0.0589993949658656,51.4543440799065],[-0.0583145319539329,51.4546959361516],[-0.0586631339123121,51.4550715015778],[-0.0567607321006325,51.4557781345065],[-0.0560311953234985,51.45637679318],[-0.0561620717298113,51.4577009214164],[-0.0557146298836032,51.4580105412546],[-0.0550474465324237,51.4585275479632],[-0.0560167108400975,51.4587506788461],[-0.0585704836526545,51.4596139068032],[-0.0598703645056396,51.4601100671396],[-0.0594359651868572,51.4604339638328],[-0.0588059494319363,51.4600135227638],[-0.0584189285358516,51.4606248536542],[-0.0584403241970501,51.4610718626287],[-0.0581061518434396,51.4610160269241],[-0.0572562054190852,51.4617658730212],[-0.0566952797888531,51.4614148403664],[-0.0564586194013442,51.4615637937892],[-0.0565296034689883,51.4625120397265],[-0.0557595872606594,51.46276904166],[-0.0530564080527971,51.4610661401593],[-0.0521182156747642,51.4617182860053],[-0.0517450000666408,51.4626716314786],[-0.0512514229564291,51.4642357497681],[-0.0526109448680407,51.4647760956564],[-0.0502729713617244,51.4661250476499],[-0.0495289815155542,51.4658412408552],[-0.0489919776211946,51.466215410694],[-0.0483442601296526,51.4659383928347]]]},"properties":{"FID":788,"MSOA21CD":"E02000835","MSOA21NM":"Southwark 029","MSOA21NMW":" ","BNG_E":535495,"BNG_N":174985,"LAT":51.45764,"LONG":-0.05113,"Shape__Area":1457853.4153442383,"Shape__Length":7023.4318890599543,"GlobalID":"c333e146-e2fd-469f-a414-6ae3d8d99499"}},{"type":"Feature","id":789,"geometry":{"type":"Polygon","coordinates":[[[-0.0731771963041051,51.4593938722222],[-0.0727327744964968,51.4580907435005],[-0.0734523742176135,51.4576447857881],[-0.0715953077198672,51.4574561289801],[-0.071163388019899,51.457428214699],[-0.071152257158699,51.4573985294175],[-0.0725353550703325,51.4549097985142],[-0.0716097784647574,51.4547871848705],[-0.0717680041439671,51.45390560834],[-0.07253334827621,51.4519049725591],[-0.0733104866747805,51.4520807325821],[-0.0745621428514106,51.4513080008923],[-0.0754782331441055,51.4502048100057],[-0.074304542517223,51.4491245476923],[-0.0750235996453381,51.4490374421824],[-0.0783396640053989,51.450671594947],[-0.0797745706484439,51.4493172492687],[-0.0807306429599943,51.449475847621],[-0.0812895269836379,51.4497670271825],[-0.0805148886882679,51.4504478428839],[-0.0796065626710069,51.4504620089896],[-0.0795663170489739,51.4508745955081],[-0.0820332744152181,51.4512135325744],[-0.0813056633091656,51.452119432289],[-0.0816261838265581,51.4523524431383],[-0.083358805152331,51.4520627027567],[-0.0837310646920625,51.4517374313891],[-0.0846154575057373,51.4512809898036],[-0.0848579792113307,51.4514627882189],[-0.0842152363961807,51.4528813912984],[-0.0842077468448163,51.4541141640233],[-0.083888266653218,51.4546896992181],[-0.0834735134111786,51.4547058477067],[-0.0839491854000729,51.4555233232979],[-0.0848043117357923,51.4567141718824],[-0.0830694456842437,51.4583665911644],[-0.0830569303576539,51.4583794530469],[-0.0829140850579267,51.4585262896543],[-0.0821499854628121,51.4579102746225],[-0.0801701425567668,51.4587144141025],[-0.0791061248920296,51.4590810615938],[-0.079030544316266,51.4588767904064],[-0.07715117940982,51.4590185381562],[-0.0751619981839896,51.4597772156978],[-0.074253920217219,51.4599905073382],[-0.0731022170110045,51.4593997319189],[-0.0731771963041051,51.4593938722222]]]},"properties":{"FID":789,"MSOA21CD":"E02000836","MSOA21NM":"Southwark 030","MSOA21NMW":" ","BNG_E":533631,"BNG_N":174622,"LAT":51.45482,"LONG":-0.07808,"Shape__Area":752749.83800506592,"Shape__Length":4685.3313848630869,"GlobalID":"79f3843c-4305-42b5-97b3-6120f6b5baad"}},{"type":"Feature","id":790,"geometry":{"type":"Polygon","coordinates":[[[-0.090463239482018,51.4557620305983],[-0.0884804131705857,51.4541048065764],[-0.0873264028166711,51.4548470120143],[-0.0848043117357923,51.4567141718824],[-0.0839491854000729,51.4555233232979],[-0.0834735134111786,51.4547058477067],[-0.083888266653218,51.4546896992181],[-0.0842077468448163,51.4541141640233],[-0.0842152363961807,51.4528813912984],[-0.0848579792113307,51.4514627882189],[-0.0846154575057373,51.4512809898036],[-0.0837310646920625,51.4517374313891],[-0.083358805152331,51.4520627027567],[-0.0816261838265581,51.4523524431383],[-0.0813056633091656,51.452119432289],[-0.0820332744152181,51.4512135325744],[-0.0795663170489739,51.4508745955081],[-0.0796065626710069,51.4504620089896],[-0.0805148886882679,51.4504478428839],[-0.0812895269836379,51.4497670271825],[-0.0807306429599943,51.449475847621],[-0.0797745706484439,51.4493172492687],[-0.0783396640053989,51.450671594947],[-0.0750235996453381,51.4490374421824],[-0.074304542517223,51.4491245476923],[-0.0740612767881612,51.448907669397],[-0.0721704933303188,51.4467592886476],[-0.0712524917287348,51.4455997605351],[-0.0719684858945642,51.4449475710418],[-0.0720685984656073,51.4435083581396],[-0.0734872122893067,51.4435246977507],[-0.0756038392013711,51.4429053696194],[-0.0793453510554731,51.4423655008373],[-0.0842240885138744,51.4418906640842],[-0.0884311864848183,51.4408934368961],[-0.0906894163606362,51.4411479983106],[-0.0928497026055126,51.4410778024885],[-0.0943731325241048,51.4432422335217],[-0.0949944184452524,51.4450112786518],[-0.0959743369972782,51.446620103418],[-0.0981601238621109,51.4482721273957],[-0.0986822213860799,51.4486077629499],[-0.0997825893383423,51.4501968351914],[-0.100736717991466,51.4503117914862],[-0.10144054233986,51.4521105346252],[-0.101157440313651,51.4528134544195],[-0.101010459894583,51.4540054359232],[-0.10000889479757,51.4547756975719],[-0.0974502641352781,51.4562379243746],[-0.0963900922506393,51.4570018982578],[-0.095457567535899,51.4579161861499],[-0.0950946036537349,51.4584958182103],[-0.0923451863605031,51.4609961538384],[-0.0921877015330794,51.4611206925477],[-0.0920286434990493,51.4609051369561],[-0.0919627809588388,51.4603947811412],[-0.0916701773799363,51.4599619837121],[-0.0909689197317461,51.4593351296998],[-0.0899124770419481,51.4583774306885],[-0.0907289566368562,51.4562735841519],[-0.090463239482018,51.4557620305983]]]},"properties":{"FID":790,"MSOA21CD":"E02000837","MSOA21NM":"Southwark 031","MSOA21NMW":" ","BNG_E":533076,"BNG_N":173908,"LAT":51.44853,"LONG":-0.08633,"Shape__Area":2377968.4664306641,"Shape__Length":8174.9651147078021,"GlobalID":"a1912b8c-0c19-450b-95eb-0021a514960f"}},{"type":"Feature","id":791,"geometry":{"type":"Polygon","coordinates":[[[-0.0589993949658656,51.4543440799065],[-0.0580760684923209,51.4534762598691],[-0.0602066864475637,51.4522855201447],[-0.0598264930864014,51.4519990771707],[-0.0594635841071845,51.4521961529872],[-0.0587898770927866,51.4520364374348],[-0.0588841353683252,51.4518511626987],[-0.059318149673257,51.4516132247937],[-0.0583676741758868,51.4508399397282],[-0.0590585077332554,51.4505006644184],[-0.060253377871207,51.450493476773],[-0.0610653405144055,51.4500123091789],[-0.0603861586147357,51.4486751705306],[-0.062195240587169,51.4473509029819],[-0.0637172370748342,51.4442372421462],[-0.0637152855520128,51.4440639975176],[-0.0638457700653723,51.4425257590799],[-0.0649761192959564,51.4411803504595],[-0.066172899079536,51.4422453191325],[-0.0663169938031214,51.4418515605296],[-0.0685262554026238,51.4421819311183],[-0.0711913001584052,51.4420974192487],[-0.0741343200407108,51.4411161488218],[-0.0756038392013711,51.4429053696194],[-0.0734872122893067,51.4435246977507],[-0.0720685984656073,51.4435083581396],[-0.0719684858945642,51.4449475710418],[-0.0712524917287348,51.4455997605351],[-0.0721704933303188,51.4467592886476],[-0.0740612767881612,51.448907669397],[-0.074304542517223,51.4491245476923],[-0.0754782331441055,51.4502048100057],[-0.0745621428514106,51.4513080008923],[-0.0733104866747805,51.4520807325821],[-0.07253334827621,51.4519049725591],[-0.0718705818923008,51.4516581212392],[-0.0708407957321023,51.4531656357569],[-0.0709236993523075,51.4541446265806],[-0.0698351965597247,51.4545109754096],[-0.0687517021289245,51.4541855737521],[-0.0676335836813138,51.4536833997036],[-0.0673554239531773,51.4535333969979],[-0.0664125355289963,51.452903535327],[-0.0654892563008449,51.4521875103628],[-0.0651036682575322,51.4524309920668],[-0.0647835111704287,51.4522785079733],[-0.0644872313080659,51.4525150815662],[-0.0628867441487143,51.4544431712572],[-0.0624084501803041,51.4539824151843],[-0.0586631339123121,51.4550715015778],[-0.0583145319539329,51.4546959361516],[-0.0589993949658656,51.4543440799065]]]},"properties":{"FID":791,"MSOA21CD":"E02000838","MSOA21NM":"Southwark 032","MSOA21NMW":" ","BNG_E":534425,"BNG_N":173837,"LAT":51.44757,"LONG":-0.06695,"Shape__Area":1077102.2036819458,"Shape__Length":5943.7194436525087,"GlobalID":"50f2242e-7ff5-47d8-9f2b-39616215172f"}},{"type":"Feature","id":792,"geometry":{"type":"Polygon","coordinates":[[[-0.0756038392013711,51.4429053696194],[-0.0741343200407108,51.4411161488218],[-0.0711913001584052,51.4420974192487],[-0.0685262554026238,51.4421819311183],[-0.0663169938031214,51.4418515605296],[-0.066172899079536,51.4422453191325],[-0.0649761192959564,51.4411803504595],[-0.0647425970925439,51.4410487460046],[-0.0640390611040292,51.4408505725707],[-0.0636788549255631,51.4379623492142],[-0.0634307456789069,51.4376175786948],[-0.0645297432072755,51.4368079194759],[-0.0649875940134266,51.4360126487258],[-0.0657370940891073,51.4347582497406],[-0.06647671578878,51.4340635901931],[-0.068949201042539,51.4328624709516],[-0.0726038085292957,51.4322916598409],[-0.0728335964200672,51.4320877671622],[-0.0746719938449232,51.4299895422075],[-0.0750686721221987,51.4287939256354],[-0.0741915920961118,51.4271880581817],[-0.073918506076508,51.426151164638],[-0.0745650697319489,51.4259545969814],[-0.0759240029546713,51.4242242333543],[-0.0766446589693079,51.423087406189],[-0.0782673489957576,51.4205726045005],[-0.0783117071825023,51.4205835553746],[-0.0792480304997698,51.4208556255847],[-0.0788847490657278,51.4215655785727],[-0.0797455374696333,51.4221313953563],[-0.0802775971384105,51.4219596756245],[-0.0803815516750695,51.4219369548297],[-0.0808163638719454,51.4218426634425],[-0.0812316310640553,51.4225155610912],[-0.0816566392160261,51.4233050131917],[-0.0834023610372198,51.4229645851515],[-0.0835078372311028,51.4239960500116],[-0.0835132970640575,51.4241884739945],[-0.0845690296667499,51.4264405624998],[-0.0860653214848932,51.4278618316454],[-0.0858713112512399,51.4282807072799],[-0.0858447285188961,51.4283693862166],[-0.085881710675163,51.4285165872453],[-0.0878495246323908,51.4290948368943],[-0.0886179079432506,51.4300138584416],[-0.0892660154928386,51.4317521330632],[-0.0893131415313324,51.4319081096535],[-0.0898450885455213,51.4338057002835],[-0.0899571713672346,51.4342207596357],[-0.0904391766537127,51.4360980485387],[-0.090916455266964,51.4373134444982],[-0.0909278754338731,51.4373421874717],[-0.0911044623312336,51.4377170200467],[-0.0916074421901563,51.438500773883],[-0.0917012731738886,51.4386234074335],[-0.0928439324059697,51.4410640546856],[-0.0928497026055126,51.4410778024885],[-0.0906894163606362,51.4411479983106],[-0.0884311864848183,51.4408934368961],[-0.0842240885138744,51.4418906640842],[-0.0793453510554731,51.4423655008373],[-0.0756038392013711,51.4429053696194]]]},"properties":{"FID":792,"MSOA21CD":"E02000839","MSOA21NM":"Southwark 033","MSOA21NMW":" ","BNG_E":533672,"BNG_N":172042,"LAT":51.43162,"LONG":-0.07846,"Shape__Area":2765252.1487045288,"Shape__Length":7855.3913766286832,"GlobalID":"a1dd2969-3337-4dad-b96d-8d1cd0147729"}},{"type":"Feature","id":6532,"geometry":{"type":"Polygon","coordinates":[[[0.0273359841807887,51.4280010652473],[0.0311183189674592,51.425533216589],[0.0312811275122689,51.425457426168],[0.0338504814382483,51.4239988777062],[0.0338850760413026,51.4239676600075],[0.0345916451489646,51.4233934910283],[0.0344190768790163,51.4231726689083],[0.0452505427944453,51.416247864501],[0.0448607061898993,51.4160066096913],[0.0457095645836396,51.4155116655136],[0.0458660278949635,51.4147288046925],[0.0452832836407313,51.4138169141204],[0.0448666185584606,51.4138134885534],[0.0396025575723281,51.4140716998586],[0.0379069410139043,51.4135636236976],[0.0328444842903991,51.4119504972746],[0.0300601669815834,51.4124369768911],[0.02845174177603,51.4133210076054],[0.0274984619449339,51.4132794470789],[0.0277850071951168,51.4139855760318],[0.0296136247296564,51.4144037857486],[0.0306209685975779,51.4156633749176],[0.0285962336571841,51.4168420303212],[0.0295237634412738,51.4179005100539],[0.0333454382661841,51.4189177146138],[0.0304165458308073,51.4203673257754],[0.0279997506548172,51.4206876548694],[0.0258827459379885,51.420317234954],[0.0253325410343178,51.4189739317572],[0.0232364102702083,51.4175617366027],[0.0218969754882574,51.4178188520009],[0.0216977449307215,51.4171012462162],[0.019982812224169,51.4170383681994],[0.0195370147214006,51.4170288178066],[0.0195006532772293,51.4173293772643],[0.0184254379261309,51.4173272096535],[0.0182653737329242,51.4177626329965],[0.017587962722145,51.4172001465188],[0.018186177830743,51.4159034257441],[0.0182095170325673,51.4154802680268],[0.0177408923141855,51.4153413810056],[0.0174840787267751,51.4150491427519],[0.0161720301880725,51.4155968888756],[0.0172396084906957,51.4162804839527],[0.0171300838341887,51.4167320131583],[0.0165855613782115,51.4167773519786],[0.0165843562916421,51.4163507046924],[0.0154785078872152,51.4162202672863],[0.0149175433858709,51.4158311826261],[0.0147906550964827,51.4161877021245],[0.0144104656027737,51.4158390526904],[0.0125962806091215,51.4157756717022],[0.0120033301560288,51.4149234629473],[0.0115769335681789,51.4148994000771],[0.0108333796262619,51.4148109509972],[0.0068884283824056,51.4162268708882],[0.0062658184844596,51.4160030197848],[0.0065907588917224,51.4158967454984],[0.00618765689209738,51.4155572724394],[0.00610653656749134,51.4156637615488],[0.00561620598142766,51.4160513766332],[0.00546236882309686,51.4161532461551],[0.00351855588525931,51.4174046838294],[0.00568010357781685,51.4185283185451],[0.00525390982762159,51.4193162910375],[0.00604346518003431,51.4205495370174],[0.00632370256183806,51.4210141936384],[0.00677351605741903,51.4209565468724],[0.00687419973028137,51.4214940437727],[0.0073744319046951,51.4213786418634],[0.00752456397623338,51.4217665562572],[0.00789324352449288,51.4225636683267],[0.00811627925423703,51.4230391213664],[0.00999160365669171,51.4224838048241],[0.0107072009806489,51.4232615249491],[0.0110106596937634,51.4234900213848],[0.0116735764926873,51.4237536094515],[0.0133762730843747,51.4247085803342],[0.0135389968073346,51.4250851036458],[0.0144215577339249,51.4252324420575],[0.0141332458112814,51.4261738507988],[0.0146431676818885,51.4261855531807],[0.0147007104861648,51.4261874196512],[0.0162207778709989,51.4262559501726],[0.0184307521762999,51.4270129630469],[0.0204462947706232,51.4268462592949],[0.0209341881442663,51.426818745116],[0.0209404213956582,51.4268175432027],[0.0243490102276037,51.4285324990053],[0.0243999526000269,51.4285618539169],[0.0246888142455187,51.4287274363624],[0.0254905674123141,51.4289309304473],[0.0268465487242438,51.4282919267251],[0.0273359841807887,51.4280010652473]]]},"properties":{"FID":6532,"MSOA21CD":"E02006782","MSOA21NM":"Bromley 040","MSOA21NMW":" ","BNG_E":540293,"BNG_N":171002,"LAT":51.42068,"LONG":0.016311,"Shape__Area":2597554.030708313,"Shape__Length":10437.940774395023,"GlobalID":"f86940b6-793d-4f28-bf65-a8ff5d99db88"}},{"type":"Feature","id":6533,"geometry":{"type":"Polygon","coordinates":[[[0.0212598598980526,51.4306628542291],[0.0212900954177715,51.4291529048756],[0.0212821620660402,51.4279808886894],[0.0209341881442663,51.426818745116],[0.0204462947706232,51.4268462592949],[0.0184307521762999,51.4270129630469],[0.0162207778709989,51.4262559501726],[0.0147007104861648,51.4261874196512],[0.0146431676818885,51.4261855531807],[0.0141332458112814,51.4261738507988],[0.0144215577339249,51.4252324420575],[0.0135389968073346,51.4250851036458],[0.0133762730843747,51.4247085803342],[0.0116735764926873,51.4237536094515],[0.0110106596937634,51.4234900213848],[0.0107072009806489,51.4232615249491],[0.00999160365669171,51.4224838048241],[0.00811627925423703,51.4230391213664],[0.00789324352449288,51.4225636683267],[0.00676976468318243,51.422967374727],[0.00677789464539366,51.4233797679347],[0.00517053923744493,51.424292752349],[0.00383400045052293,51.4241413744957],[0.00310802166183751,51.4252367069318],[0.00482414438601079,51.4252417983837],[0.00499771200435639,51.4255294116478],[0.00227467670730053,51.4259707012423],[0.00224917092304289,51.426025608733],[0.0017078202984293,51.4261916601695],[0.00197557072556015,51.4265866438408],[0.00141641107176417,51.4267440390175],[0.00170500714975425,51.4270184268126],[0.00126633628512131,51.4272520598655],[0.000294061547316034,51.4271053668674],[-0.000196137074226196,51.4273461143103],[0.00028563142710391,51.4281327341414],[-0.000904090202666317,51.4286148991793],[-0.00156846785606543,51.4294301076855],[0.00486350399515468,51.4303973328137],[0.0051356769038662,51.4297373192904],[0.00874764758227842,51.430210427401],[0.0109039780924192,51.4305058578816],[0.0110351484059294,51.4305241123913],[0.0117560930633268,51.430616703176],[0.0127262622340346,51.4307650241302],[0.0161643865301373,51.4317177472298],[0.016171876191835,51.4317194458104],[0.0192132161349139,51.4326431549032],[0.0210570576860101,51.4313929462766],[0.0212567665886347,51.4309942096679],[0.0212598598980526,51.4306628542291]]]},"properties":{"FID":6533,"MSOA21CD":"E02006783","MSOA21NM":"Lewisham 037","MSOA21NMW":" ","BNG_E":539876,"BNG_N":171765,"LAT":51.42764,"LONG":0.010619,"Shape__Area":940633.8557510376,"Shape__Length":5016.0079639913329,"GlobalID":"c1cdd9ba-cce3-41c3-953b-8b79ab0a8b87"}},{"type":"Feature","id":6534,"geometry":{"type":"Polygon","coordinates":[[[-0.000196137074226196,51.4273461143103],[0.000294061547316034,51.4271053668674],[0.00126633628512131,51.4272520598655],[0.00170500714975425,51.4270184268126],[0.00141641107176417,51.4267440390175],[0.00197557072556015,51.4265866438408],[0.0017078202984293,51.4261916601695],[0.00224917092304289,51.426025608733],[0.00227467670730053,51.4259707012423],[0.00499771200435639,51.4255294116478],[0.00482414438601079,51.4252417983837],[0.00310802166183751,51.4252367069318],[0.00383400045052293,51.4241413744957],[0.00517053923744493,51.424292752349],[0.00677789464539366,51.4233797679347],[0.00676976468318243,51.422967374727],[0.00789324352449288,51.4225636683267],[0.00752456397623338,51.4217665562572],[0.0073744319046951,51.4213786418634],[0.00687419973028137,51.4214940437727],[0.00677351605741903,51.4209565468724],[0.00632370256183806,51.4210141936384],[0.00604346518003431,51.4205495370174],[0.00525390982762159,51.4193162910375],[0.00568010357781685,51.4185283185451],[0.00351855588525931,51.4174046838294],[0.00222850255596848,51.4182460890455],[0.0017540211168705,51.4185573385321],[0.000534433139063031,51.4180035265636],[0.000109086160898451,51.4176942955806],[4.95733706703386E-05,51.4176633320704],[-0.000316668689249068,51.4164485122311],[-0.000835156454936487,51.4160729234247],[-0.000824653306334501,51.4158894937257],[-0.00364831756378616,51.4156844500643],[-0.00337756803011669,51.4150605450667],[-0.00500187432194508,51.4146797446381],[-0.0056066293315724,51.4157634018734],[-0.00653875912391611,51.4159904553384],[-0.00662321324233385,51.4146695719146],[-0.00768282557602359,51.4145297935412],[-0.00866760732658817,51.4178641374468],[-0.00974863257518954,51.4198707423797],[-0.0112166556070594,51.4211918116838],[-0.0149246124791856,51.4237635601975],[-0.0174425990002821,51.4265592710517],[-0.0166939454938249,51.4268817739931],[-0.0136430498549065,51.4282245930286],[-0.0131066611188175,51.4285807079295],[-0.0116111187033982,51.4277282864554],[-0.0111394626354772,51.4274476157176],[-0.0100671653216476,51.4268977760984],[-0.00696984857466426,51.426268134622],[-0.00618951455634842,51.425973730763],[-0.00517946128146766,51.4260897889158],[-0.00155454469801589,51.4261178151717],[-0.000502659518233576,51.4263542361333],[-0.00173702699297592,51.4288209453385],[-0.00213702315662615,51.4291861590112],[-0.00156846785606543,51.4294301076855],[-0.000904090202666317,51.4286148991793],[0.00028563142710391,51.4281327341414],[-0.000196137074226196,51.4273461143103]]]},"properties":{"FID":6534,"MSOA21CD":"E02006784","MSOA21NM":"Lewisham 038","MSOA21NMW":" ","BNG_E":538982,"BNG_N":171107,"LAT":51.42194,"LONG":-0.00249,"Shape__Area":1444247.9680862427,"Shape__Length":6867.0902092328552,"GlobalID":"15f92d3a-b365-4baf-adbe-d1520e2bf61e"}},{"type":"Feature","id":6535,"geometry":{"type":"Polygon","coordinates":[[[0.108453802009081,51.4758193423564],[0.110553295064654,51.4740515653484],[0.111799075732041,51.4731942698756],[0.111731891333786,51.4727058564004],[0.111348271836447,51.4721321367808],[0.110377952193841,51.4698666775355],[0.110313758291681,51.4697443438901],[0.110059490123978,51.4689592978563],[0.107837128515106,51.4692710469579],[0.107791618349918,51.4688973277046],[0.106423007450225,51.4690324836801],[0.106447740871193,51.4684427148785],[0.104982385386764,51.4683978452312],[0.104721297710968,51.4686862592919],[0.105085183249205,51.4694758608469],[0.10334585586757,51.4688735979214],[0.101152379030752,51.4683585780316],[0.101619048563502,51.4675378652321],[0.101123413578625,51.4657040039788],[0.103060144648319,51.4656297588872],[0.103168549998401,51.464924571427],[0.102414456011516,51.4648775251252],[0.100768162276515,51.4646744704329],[0.099233563001947,51.46431647714],[0.0967408475916166,51.4634641488584],[0.0943413551074898,51.4626422523046],[0.0939507782620991,51.4630416934643],[0.0944775022747913,51.4632689196871],[0.094349583097425,51.4636037900211],[0.093740000604223,51.4634902161631],[0.0934255903504132,51.4638931917943],[0.0926501476070139,51.4636381295831],[0.0923505219262942,51.464016324558],[0.0928866517133865,51.4643119556391],[0.0918953768144258,51.4645138401176],[0.0920869082197916,51.4649610483263],[0.0885348492804517,51.4655631717353],[0.0865502032772516,51.4659041066874],[0.0867202298379903,51.4662910937983],[0.0873463813469606,51.4662557925587],[0.0874841738801785,51.4669089803794],[0.0885433958022416,51.4670854105283],[0.0889787319311004,51.4680391311059],[0.0886676727221071,51.4687609668337],[0.090053329837473,51.4699929363651],[0.0890334104252479,51.4703728935319],[0.0903899646958205,51.4711867643765],[0.0914022685020984,51.4720653577313],[0.0931910819471116,51.4728739753009],[0.0955099999432013,51.473247458441],[0.0961746204013759,51.473254624949],[0.0966049358108841,51.4732592600811],[0.0970345816193541,51.4741080140024],[0.0974167258889895,51.474446399973],[0.0983043303244218,51.475449083748],[0.101188868771235,51.4749351261685],[0.101525113587396,51.4747232908756],[0.102089938273298,51.4744411365155],[0.102575990793173,51.4748829887364],[0.103056452497124,51.4746253715615],[0.10361664739556,51.4746422289708],[0.104917181344911,51.4754822081269],[0.105217338269949,51.4752463127768],[0.105743604423308,51.4753984741537],[0.106189906998263,51.4750145449917],[0.107693981053688,51.4759965226269],[0.108252987638805,51.4761267620827],[0.108453802009081,51.4758193423564]]]},"properties":{"FID":6535,"MSOA21CD":"E02006785","MSOA21NM":"Bexley 029","MSOA21NMW":" ","BNG_E":545898,"BNG_N":176626,"LAT":51.4698,"LONG":0.099182,"Shape__Area":1366222.0155029297,"Shape__Length":6373.2198050879688,"GlobalID":"7b393455-36f1-4e93-84f4-c209f1de6f94"}},{"type":"Feature","id":6536,"geometry":{"type":"Polygon","coordinates":[[[0.10540088399922,51.4876630651525],[0.10465308483063,51.4855149012747],[0.104521320273578,51.4850857182883],[0.106455566406406,51.4846400195658],[0.106420941817073,51.4839191192256],[0.105484878507504,51.4819503486185],[0.10518559083754,51.4813485031618],[0.10566291935558,51.4808689104778],[0.107127316038882,51.4804126431706],[0.107776687936406,51.479609914409],[0.109373226291793,51.4790288180427],[0.109956875680996,51.4780398691296],[0.111104639683913,51.4781039765171],[0.115583500806413,51.4761373241089],[0.114008652974755,51.4751324602496],[0.113271033300857,51.4741924889947],[0.112266150124138,51.4732297965393],[0.111799075732041,51.4731942698756],[0.110553295064654,51.4740515653484],[0.108453802009081,51.4758193423564],[0.108252987638805,51.4761267620827],[0.107693981053688,51.4759965226269],[0.106189906998263,51.4750145449917],[0.105743604423308,51.4753984741537],[0.105217338269949,51.4752463127768],[0.104917181344911,51.4754822081269],[0.10361664739556,51.4746422289708],[0.103056452497124,51.4746253715615],[0.102575990793173,51.4748829887364],[0.102089938273298,51.4744411365155],[0.101525113587396,51.4747232908756],[0.101188868771235,51.4749351261685],[0.0983043303244218,51.475449083748],[0.0985164222436906,51.4761969405856],[0.0968252605530318,51.4764894299805],[0.0959356933911886,51.476446845335],[0.0949401658490525,51.4770348502476],[0.0936582065027346,51.4771867336628],[0.0933481871273553,51.4776190272661],[0.0930157961609503,51.4777007515721],[0.0908993182133798,51.4782200218886],[0.0894668824479367,51.4786532232592],[0.0880983341885882,51.4794870104974],[0.0877815853629855,51.4797533350815],[0.0899603454928974,51.4807882267901],[0.0908908846040721,51.482426796978],[0.0918463022753447,51.4822205995434],[0.0929387482685539,51.4818680351283],[0.0928506922641763,51.4816366458836],[0.0960643044749058,51.4825066029363],[0.0987447522019648,51.4825410995024],[0.0991228030772247,51.4831220543138],[0.0988184520763539,51.483559634753],[0.0994516344679547,51.4839807710994],[0.0989819819210355,51.4842960741716],[0.0990558646666209,51.4854447364861],[0.0993578517757471,51.4855470916266],[0.0995889217057641,51.485814143138],[0.101492150636893,51.4856898594739],[0.101460401117978,51.4859966714916],[0.101960238268599,51.4859678382539],[0.101699583746923,51.4870186682882],[0.102558922429651,51.4874407834571],[0.103315479170283,51.4873174663274],[0.104250301253782,51.4876716409975],[0.10540088399922,51.4876630651525]]]},"properties":{"FID":6536,"MSOA21CD":"E02006786","MSOA21NM":"Greenwich 033","MSOA21NMW":" ","BNG_E":546046,"BNG_N":177881,"LAT":51.48104,"LONG":0.10183,"Shape__Area":1243390.4365310669,"Shape__Length":6517.22471926883,"GlobalID":"11846aa8-658b-46e7-906d-ba8efa52560d"}},{"type":"Feature","id":6537,"geometry":{"type":"Polygon","coordinates":[[[-0.0315951361174095,51.4059258160985],[-0.0302770132505316,51.4055863924321],[-0.029972726308702,51.4063307836831],[-0.0294422932443365,51.4062603946924],[-0.0289623900319836,51.4062528227641],[-0.0289334969548567,51.4056654608028],[-0.0283111655543631,51.4056399069892],[-0.0283334371388246,51.4042930916961],[-0.0270494775686909,51.4038070275787],[-0.0270076894701957,51.4024509142706],[-0.027445700040953,51.4020424436508],[-0.0279862291461487,51.4023625021252],[-0.0298161459037735,51.4024526200419],[-0.0301703124401564,51.4013397305702],[-0.0315767411267093,51.4014356623236],[-0.0316907369039577,51.400928596348],[-0.0340853955157097,51.4016349861078],[-0.0347792625147634,51.4007828249069],[-0.0328238638934654,51.4003253635696],[-0.0331677601731447,51.3998256374562],[-0.0338142579165273,51.3999824377229],[-0.034596064488246,51.3988061821565],[-0.0339546330139399,51.3986215625563],[-0.0347278943701529,51.3974303911483],[-0.0349468570600299,51.3970540135382],[-0.0353709034974541,51.3946647942375],[-0.0356197122550881,51.3930302149371],[-0.0404026102171546,51.3933590554289],[-0.0414759337754939,51.3934398241572],[-0.0426458640521152,51.3950652923717],[-0.0431529528143456,51.3950018178492],[-0.0430509382267438,51.394713344206],[-0.0429051722405132,51.3935493414415],[-0.0418783204441164,51.3934577210873],[-0.0417647609877853,51.3928770132401],[-0.0439977521371492,51.3930285270827],[-0.0440763811182834,51.3926537346893],[-0.0440939949488687,51.3926017086974],[-0.0459678337920882,51.3927896906469],[-0.0472026637357843,51.3922893885341],[-0.047290796466404,51.3924136568276],[-0.0481449899853256,51.3931883815014],[-0.0504682633887936,51.3933198322305],[-0.0516952723234102,51.3937821439073],[-0.0525932500060995,51.3946303117432],[-0.0534832356845066,51.3949200770463],[-0.0509534095743511,51.3971243963992],[-0.0504468238226534,51.3980381016922],[-0.0492840614055592,51.3989137196464],[-0.047893030460929,51.3984353272483],[-0.046941397055813,51.3988064495822],[-0.0484807888532971,51.3995756316765],[-0.0473935877925641,51.4003575736534],[-0.0469739224528846,51.4007759599405],[-0.0446794306488715,51.4035001245361],[-0.0440423161252793,51.4031551834591],[-0.0429523323305599,51.4043355520177],[-0.0424513283183681,51.4042225890419],[-0.0419220851569019,51.4048241460161],[-0.0423295375171731,51.4050846864734],[-0.0413968162607347,51.4051648954101],[-0.0413123471492064,51.4052593928191],[-0.0398172367967073,51.4052021486791],[-0.0390194139504531,51.406170644997],[-0.0385118575549895,51.4061687795321],[-0.0387434320732726,51.405831150348],[-0.0346254920077692,51.4047286640447],[-0.0355896734330544,51.4040974379776],[-0.0351516188029714,51.4039701181919],[-0.0328232370176886,51.406448284356],[-0.032778078401494,51.4064836960744],[-0.0314263595310446,51.4064867196958],[-0.0315951361174095,51.4059258160985]]]},"properties":{"FID":6537,"MSOA21CD":"E02006787","MSOA21NM":"Bromley 041","MSOA21NMW":" ","BNG_E":536426,"BNG_N":168515,"LAT":51.39927,"LONG":-0.04022,"Shape__Area":1507850.8400344849,"Shape__Length":7648.9930614732448,"GlobalID":"b4c5bc39-7ac3-4925-bf5b-59192ecd654d"}},{"type":"Feature","id":6538,"geometry":{"type":"Polygon","coordinates":[[[-0.0506296874967585,51.3995621309109],[-0.0521042199421907,51.3982912445131],[-0.0508330058626212,51.3977163392791],[-0.0504468238226534,51.3980381016922],[-0.0509534095743511,51.3971243963992],[-0.0534832356845066,51.3949200770463],[-0.0525932500060995,51.3946303117432],[-0.0516952723234102,51.3937821439073],[-0.0504682633887936,51.3933198322305],[-0.0481449899853256,51.3931883815014],[-0.047290796466404,51.3924136568276],[-0.0487336859351213,51.3911739961523],[-0.0492448426698993,51.3909746381171],[-0.0501851701341678,51.3920351378407],[-0.0505906575374484,51.3918361384821],[-0.049877642617939,51.3909720115623],[-0.0502788007740108,51.3909200669659],[-0.0511852121231526,51.3902892059862],[-0.0523281563561505,51.3893808092662],[-0.051454137581497,51.3886538352625],[-0.0515615057387519,51.3882264868478],[-0.0507522484915169,51.3881069292232],[-0.0512585008904997,51.3879156979102],[-0.05181433206363,51.3878589470195],[-0.0526694492195645,51.3888931509699],[-0.0534041039580751,51.3887373687358],[-0.0540133710316814,51.3884681839523],[-0.0539902460390304,51.3879613200273],[-0.055876269977609,51.3882127268461],[-0.056269609281415,51.3878107428347],[-0.0558400469163181,51.387022828428],[-0.0573418314519996,51.3873317761827],[-0.0590236784657827,51.3870201603066],[-0.059471661083709,51.3871086315332],[-0.0599544580499384,51.3875561145666],[-0.0622067841400124,51.3863269456098],[-0.0630141929289269,51.3859964476497],[-0.0645498628809787,51.387454226229],[-0.0648521045972494,51.3880530352311],[-0.064623042404676,51.3890644224593],[-0.0639983040154582,51.3892368062103],[-0.0644980554194547,51.3896795144404],[-0.0639529927049896,51.3905267608268],[-0.0648126304654369,51.3907089251161],[-0.0652091230888963,51.3912869523035],[-0.0655766883282928,51.3911879340264],[-0.0659205538934407,51.3916302338016],[-0.0656219938447842,51.3919003203743],[-0.0658876883072889,51.3924869123746],[-0.0663266790997235,51.3933145391214],[-0.0667282662171258,51.3941428888196],[-0.0668474307805735,51.3943860498004],[-0.0654618728098309,51.3947753417593],[-0.0659188282658473,51.3956800760252],[-0.0641496503556716,51.3961242520476],[-0.0637864023017412,51.3949715499907],[-0.0635360805023966,51.3947538533132],[-0.0619006581656708,51.3951563199967],[-0.0608035107490799,51.3949824304832],[-0.0595842606119408,51.3966601169387],[-0.0588175857234745,51.3970491393944],[-0.0615299183280782,51.3976068173706],[-0.0621449440486936,51.3974503527951],[-0.0624060267898161,51.3965630076973],[-0.0628854125110193,51.3964450483129],[-0.0652758194622939,51.3978529505927],[-0.0661728813890547,51.3973942274589],[-0.0668150702629003,51.3978633294536],[-0.0663459898299511,51.3980991531357],[-0.066857007321461,51.3986237654231],[-0.0662277667826499,51.3990435671854],[-0.0665917824099646,51.3996331416525],[-0.0664829345508807,51.3998277784215],[-0.066234322059403,51.399624636196],[-0.0658285217106132,51.3997837449159],[-0.063089318561312,51.4009517042363],[-0.0637295776425841,51.4015598386531],[-0.063418598367437,51.401547889324],[-0.0621617386629723,51.4015328457196],[-0.0601524908034907,51.3995465409022],[-0.0606298077768901,51.3991925553159],[-0.0593883184679191,51.3992512703556],[-0.0565175546337345,51.4005839282709],[-0.0529642707216125,51.4014609014526],[-0.0526181308180428,51.401143863493],[-0.0519866501269144,51.4005604192054],[-0.0506296874967585,51.3995621309109]]]},"properties":{"FID":6538,"MSOA21CD":"E02006788","MSOA21NM":"Croydon 045","MSOA21NMW":" ","BNG_E":535265,"BNG_N":167886,"LAT":51.39389,"LONG":-0.05714,"Shape__Area":1393892.846572876,"Shape__Length":8287.1877547073054,"GlobalID":"723060de-06f9-4acc-81cd-e385fdb4eafc"}},{"type":"Feature","id":6539,"geometry":{"type":"Polygon","coordinates":[[[0.0233766858174558,51.3514219239333],[0.0268614512754249,51.3495163272461],[0.0278231395883263,51.349668302715],[0.0311435685422296,51.348966510365],[0.0339916011850967,51.348929593304],[0.0341215812795734,51.3477509759008],[0.0363826686089726,51.3477194414095],[0.036946961630842,51.347709690677],[0.0368090966423316,51.3480984834942],[0.0383131664393929,51.3502855795098],[0.0398590162789077,51.3493380063478],[0.0425251606507334,51.3502594433437],[0.0444695904660413,51.3516751882434],[0.0473512092286029,51.3494305860738],[0.0478404834939234,51.3489913302957],[0.047297815335351,51.3465560161171],[0.0428462361769107,51.3438977095211],[0.0411602798640465,51.3417411514051],[0.0496787193092057,51.3439446585725],[0.0508633662564802,51.3435571931846],[0.0512339487228965,51.342457247283],[0.0522664308299641,51.3419755188073],[0.052877203255284,51.3433088808509],[0.0546364148888644,51.3428019712887],[0.055437693345914,51.3436968239686],[0.0576232099909026,51.3430155348645],[0.0554846489024401,51.3406163230347],[0.0550012064685922,51.339987172276],[0.054411446481367,51.3401531207731],[0.0536946381991177,51.3395009456796],[0.0517787539072737,51.3398890391718],[0.0477493463900215,51.3398739423171],[0.0443285137649667,51.3384787709542],[0.0514087703567676,51.3387137527711],[0.053443252389227,51.3390588975587],[0.0534596414092729,51.3385620194698],[0.0546524175985513,51.3374676728013],[0.0541132343754047,51.3367770975809],[0.0547808534227179,51.335720061593],[0.0539226998950108,51.3344869923951],[0.0544633104577527,51.3331940256663],[0.0524626224195928,51.3320269956253],[0.054019405733598,51.3312800086124],[0.0542107117392097,51.3293165560635],[0.0585067552432099,51.328459688457],[0.0589159792015454,51.3279676251542],[0.0628460896320553,51.3282268530467],[0.0666707994200458,51.3291618230411],[0.0679341133649229,51.3257393496053],[0.0700063965122291,51.3261944557951],[0.0724135602295699,51.3255982480968],[0.0771528510708745,51.3254670599426],[0.077236128830288,51.3242334800173],[0.0840907210209421,51.3222501067016],[0.0898766181241488,51.3231376367571],[0.0955499837601586,51.323592389225],[0.0955958398235561,51.3231604531399],[0.0946850332292122,51.3226415053497],[0.0938182900244796,51.3202464011105],[0.0877850674637905,51.3183123576959],[0.0868211726139302,51.3171924309121],[0.0850298738550989,51.3160228847723],[0.0856418636792119,51.3147846516017],[0.0850709261046241,51.3125985864237],[0.0835707958998695,51.310527698219],[0.0847445602674214,51.3083585991754],[0.0840870798437646,51.3080493794794],[0.0848776505362634,51.3060449215881],[0.0828818352433762,51.3056550532069],[0.0854323741987502,51.3025194203562],[0.0863390408601389,51.3001719737123],[0.0911857374825611,51.2968283222047],[0.0892611910786066,51.2960859734137],[0.0865095669288297,51.2936578877705],[0.0855924039207669,51.2930424548168],[0.0815794404867887,51.2918383058645],[0.0731247975379205,51.2915404086808],[0.0704666147070761,51.2908438320293],[0.0657490057000959,51.2903172038573],[0.064241562476356,51.2898922467101],[0.0625718929215781,51.2899594753407],[0.0585092764581212,51.2893538500191],[0.0560501145717719,51.2923953281373],[0.0543897923814498,51.2920890759479],[0.0508328491798416,51.2939763182131],[0.0484938719140066,51.2937218260913],[0.0457274323065543,51.2940256790944],[0.044514308959996,51.2930250111158],[0.0423977754721116,51.2926776335773],[0.0433129529239704,51.2965817991409],[0.0442550686180982,51.2985952039437],[0.0433144785521917,51.2990581046814],[0.0426236081236544,51.3014138659528],[0.041487800803176,51.3029612528281],[0.0409175995804416,51.3027211489739],[0.0375751671495816,51.3048868586887],[0.0368964579651094,51.3053836047562],[0.0329023329464749,51.3075140987523],[0.0328710703561142,51.3075673251821],[0.0326837712821901,51.3084853005103],[0.0317952685937741,51.309497007882],[0.03289178840748,51.3109451206009],[0.0330888273790897,51.311209101499],[0.0336988024952744,51.310347304955],[0.0340786882672765,51.3105538595788],[0.0353159152175748,51.3102898592304],[0.0347465634193365,51.3109244763386],[0.0341800748094545,51.3107969178567],[0.0342953467415015,51.3112443717512],[0.0336561832952777,51.311924569935],[0.0341113116049109,51.3122107765676],[0.0346902335164467,51.3120720481915],[0.0359537905289755,51.3132544769903],[0.0374300747597456,51.3138649486621],[0.0366224753590981,51.3154430496321],[0.0365702939587766,51.3158945828959],[0.0358733563822316,51.3158209191526],[0.0357685180809088,51.3162560057163],[0.0352268853497518,51.3162424344713],[0.0351673335397666,51.3158735152679],[0.0337297935410212,51.3157510548017],[0.0334987367976852,51.3161110958107],[0.0330483993561741,51.3160784321535],[0.0329274460888163,51.3165446388276],[0.0321310281257968,51.3177707256108],[0.0328963007556417,51.3180779136095],[0.0322813883485704,51.3188527335919],[0.0327812382855063,51.3197703808088],[0.0312430686029681,51.3210111883462],[0.028907561462788,51.3204491292815],[0.0260900790018571,51.3236006379455],[0.0231390465657876,51.3256841740458],[0.0243628320726086,51.3260947066205],[0.0242554406379962,51.3269149616398],[0.0241979816995929,51.3272397169356],[0.0227378567217754,51.3270041399833],[0.0228358305442274,51.3276871322957],[0.0205811145415224,51.32765517467],[0.0205001399787826,51.3296279498638],[0.0200990141941342,51.3297484121557],[0.0196074649081432,51.3294369738372],[0.0194715751234137,51.3296799850898],[0.0169937603282369,51.3296428756105],[0.0152626010849736,51.3288100540504],[0.0154104316815449,51.3284852809975],[0.0138798153692184,51.3284220912309],[0.0129780620188713,51.3292819969217],[0.0116756393267505,51.3310837629921],[0.0108346929406907,51.3314666600433],[0.00726605670152475,51.3315187288478],[0.00331089488076659,51.3321543889896],[0.00229838910108586,51.3324904226006],[0.000879858884978763,51.3336006241895],[-0.000817086235079688,51.3388496140506],[-0.0023720971398552,51.3434956618146],[-0.00281911844592453,51.3455356300957],[0.000681545663103621,51.3461758971251],[0.00251296683709576,51.3479179199236],[0.00427575495555513,51.3484948221161],[0.00455383696547203,51.3501166534246],[0.00656989116978324,51.351352536357],[0.00676349186436462,51.3517984355903],[0.00904442595256057,51.3509796875772],[0.00945809493897331,51.3499222234787],[0.0121138693597973,51.3499059568074],[0.0148200751311943,51.3494756072443],[0.0158040803310412,51.3502199913345],[0.0173982134650059,51.3525668016286],[0.0202576957654045,51.3526461641909],[0.0233766858174558,51.3514219239333]]]},"properties":{"FID":6539,"MSOA21CD":"E02006789","MSOA21NM":"Bromley 042","MSOA21NMW":" ","BNG_E":542651,"BNG_N":159398,"LAT":51.31582,"LONG":0.04555,"Shape__Area":22448019.684898376,"Shape__Length":31157.98769131134,"GlobalID":"b28e0af9-3af4-4342-9643-903fc62046a4"}},{"type":"Feature","id":6547,"geometry":{"type":"Polygon","coordinates":[[[-0.0370365757008797,51.4820510801262],[-0.0361521068165027,51.4814516011877],[-0.0357166578085934,51.4808868456381],[-0.0349862654225512,51.4797866562137],[-0.0346288350763844,51.4792424127218],[-0.031044199435859,51.4805328869062],[-0.0304415157722607,51.4803050280202],[-0.0299179356448476,51.480112316497],[-0.0287605216321082,51.4797081648235],[-0.0281055308060605,51.4794712863711],[-0.0269597428045631,51.4790861357905],[-0.0260847900923868,51.4788405595163],[-0.0229004478273948,51.4785069922118],[-0.0230250796069056,51.4792883825843],[-0.0230454954338803,51.4796285515317],[-0.0229676632683245,51.4796386504349],[-0.0203417800753565,51.4799357573204],[-0.0200722896439906,51.4803380293455],[-0.0194576046320267,51.4805434804843],[-0.0187010529841048,51.4807839582148],[-0.0178490120489642,51.4808804629156],[-0.0170867363950218,51.4804170618631],[-0.0171015253255576,51.4803948054465],[-0.0191663595931525,51.4796505726847],[-0.0193178520641801,51.4786664915948],[-0.019418268484612,51.478014167085],[-0.0198397473831654,51.4780484483137],[-0.0195771199990109,51.4778434210629],[-0.0192881290301847,51.4776178089487],[-0.0193876311137883,51.4771895403797],[-0.0200508989206046,51.4771306938581],[-0.020556103841502,51.4767227422037],[-0.020594270939253,51.4766962058495],[-0.0207641601533707,51.4765576322916],[-0.0211193814606439,51.4762678871309],[-0.022803521331492,51.4759289538253],[-0.0209231024238186,51.4761348589684],[-0.0209534701127395,51.475676500117],[-0.0225282015715543,51.4755924702616],[-0.0222601099783266,51.4754550310987],[-0.022679340260752,51.4753660685135],[-0.0225114753848678,51.4753546100586],[-0.0223279187946179,51.4753420798922],[-0.022530131784506,51.4752933720982],[-0.0229038184108243,51.4750820849964],[-0.0227784507468356,51.474464091358],[-0.0235014629709992,51.4745535654024],[-0.0261809934379031,51.4749561208679],[-0.0262960067859511,51.4749720581131],[-0.0281119951105693,51.4752497914768],[-0.0287442020800351,51.4753588818867],[-0.0322621576165657,51.4758728484797],[-0.0325456151728052,51.475896321968],[-0.0341365233340043,51.4758329491888],[-0.036368916329434,51.4756833514442],[-0.0402486289185602,51.4749009905979],[-0.0405917516095823,51.4748217403919],[-0.0409792434098128,51.4757371647446],[-0.039604955628937,51.4762870025043],[-0.0394897449059369,51.4759125344928],[-0.0392128592620847,51.4759888378099],[-0.0387955407724666,51.4759818539024],[-0.0369844285194921,51.4762386891892],[-0.0373268044237732,51.4767531814777],[-0.0379036209256443,51.4773180181121],[-0.0387320991885163,51.4772294492818],[-0.0396814220845217,51.4780587344965],[-0.0400634310827469,51.4779815084643],[-0.0402719721889011,51.4781558616194],[-0.0396910604245653,51.4786047834346],[-0.040272520263655,51.4790174365455],[-0.0407306975289893,51.4797850798914],[-0.0404499875250358,51.4800395967868],[-0.0410579509164869,51.4800490971794],[-0.04139003547975,51.4808848553244],[-0.041606014346716,51.4812402584896],[-0.0421452539381107,51.4811548346754],[-0.0419644207428209,51.4803334588585],[-0.042656616482685,51.4797752594386],[-0.0427070911789619,51.4816270850619],[-0.0440296090631256,51.4815460187833],[-0.045983914327117,51.484006705157],[-0.0433887416764531,51.4840733682999],[-0.0416597660779007,51.4827794568465],[-0.0387916742602404,51.4822416557912],[-0.0370365757008797,51.4820510801262]]]},"properties":{"FID":6547,"MSOA21CD":"E02006798","MSOA21NM":"Lewisham 039","MSOA21NMW":" ","BNG_E":536838,"BNG_N":177425,"LAT":51.47924,"LONG":-0.03086,"Shape__Area":824957.52295684814,"Shape__Length":7159.1095698502886,"GlobalID":"c9f4543f-561f-48b2-82bb-9d372b38f125"}},{"type":"Feature","id":6550,"geometry":{"type":"Polygon","coordinates":[[[-0.111002562487437,51.5084922750919],[-0.110687379627812,51.5082385492159],[-0.108906173705697,51.5084244973424],[-0.10889585348173,51.5084248264624],[-0.10881157703799,51.5079233172155],[-0.108779885639496,51.5077367576639],[-0.108162064764806,51.5069244755601],[-0.107338340435548,51.5070651577531],[-0.107004213673894,51.5062952366468],[-0.106972939627023,51.5062230505505],[-0.106474157804004,51.5050639230374],[-0.10654541765948,51.50423154401],[-0.106370188054665,51.5033726119359],[-0.106856306298788,51.5032074211408],[-0.107388564556573,51.5030279819468],[-0.107064388979547,51.5026011764459],[-0.106726591613643,51.5022238846149],[-0.106110979734379,51.5025236363278],[-0.105981909117338,51.5022036034634],[-0.106078469070889,51.5019185988461],[-0.107147978318705,51.5013150747255],[-0.108065630973195,51.5006099390786],[-0.108515809838832,51.500045861794],[-0.108748104836337,51.4996696283188],[-0.108954931607926,51.4993345841925],[-0.109494210946218,51.4983784147075],[-0.110122027279605,51.4971594264692],[-0.110269793489835,51.4967798386286],[-0.111417422819075,51.4964477195175],[-0.110931257844859,51.4954999577324],[-0.110922028090144,51.4954293041025],[-0.112353405897578,51.4955183576026],[-0.112421545421038,51.4952549253627],[-0.112670748964485,51.495503914559],[-0.113136862062672,51.4960779575867],[-0.114683649842048,51.4957037208315],[-0.115941933798903,51.4954009890534],[-0.116862232819584,51.4951756091689],[-0.116996549482933,51.4949385946792],[-0.115845972524919,51.4950154032184],[-0.116181115076664,51.4942378126523],[-0.116813047088033,51.4935938675126],[-0.119590241000062,51.4940005035717],[-0.119813204581332,51.4945737910961],[-0.120439631977137,51.4942487220308],[-0.120954735983488,51.4940342528866],[-0.121162220166588,51.4943531683244],[-0.121353516407086,51.4943742830036],[-0.120006267888678,51.5008212044709],[-0.119380608631458,51.5038144297128],[-0.119361076119007,51.5038486918328],[-0.118344946616983,51.5056310497882],[-0.118228889290303,51.505834612736],[-0.116844065492178,51.506953117878],[-0.115744547478396,51.5074040807794],[-0.115120220889926,51.5076601374745],[-0.111002562487437,51.5084922750919]]]},"properties":{"FID":6550,"MSOA21CD":"E02006801","MSOA21NM":"Lambeth 036","MSOA21NMW":" ","BNG_E":531036,"BNG_N":179807,"LAT":51.50202,"LONG":-0.11348,"Shape__Area":1147882.8671646118,"Shape__Length":5089.6930596760221,"GlobalID":"0c294290-e678-4633-8c20-6b39c83ebbfc"}},{"type":"Feature","id":6551,"geometry":{"type":"Polygon","coordinates":[[[-0.101317864033934,51.5027778596482],[-0.100578305614908,51.5018392058176],[-0.101604079463321,51.5015774678563],[-0.101167136923121,51.5012174820646],[-0.101550473371968,51.5010078602112],[-0.100693898738452,51.5001797512898],[-0.100377334219007,51.4990191365246],[-0.0998601401361654,51.4990559953582],[-0.100129134706744,51.4978314517677],[-0.100245552270826,51.497047911576],[-0.0996593909316745,51.4966795956055],[-0.0997153349965897,51.4965801877569],[-0.100041440303345,51.4956396166024],[-0.0997626298969662,51.4950708010007],[-0.100660297617243,51.4946965467713],[-0.10059620748211,51.4938095822338],[-0.100368266439414,51.4933396739981],[-0.100418246619445,51.493303514281],[-0.10046488764971,51.4932697734708],[-0.100796801784896,51.4930268496765],[-0.101846980951233,51.4922551951335],[-0.103048028826444,51.4915230964815],[-0.103821933647004,51.4919721121836],[-0.104532235238323,51.49286929671],[-0.104840581899511,51.4935071236639],[-0.105964081719749,51.49377759563],[-0.106402124993834,51.4939219758776],[-0.106739154854412,51.4940323841019],[-0.110931257844859,51.4954999577324],[-0.111417422819075,51.4964477195175],[-0.110269793489835,51.4967798386286],[-0.110122027279605,51.4971594264692],[-0.109494210946218,51.4983784147075],[-0.108954931607926,51.4993345841925],[-0.108748104836337,51.4996696283188],[-0.108515809838832,51.500045861794],[-0.108065630973195,51.5006099390786],[-0.107147978318705,51.5013150747255],[-0.106078469070889,51.5019185988461],[-0.105981909117338,51.5022036034634],[-0.106110979734379,51.5025236363278],[-0.106726591613643,51.5022238846149],[-0.107064388979547,51.5026011764459],[-0.107388564556573,51.5030279819468],[-0.106856306298788,51.5032074211408],[-0.106370188054665,51.5033726119359],[-0.10654541765948,51.50423154401],[-0.106474157804004,51.5050639230374],[-0.104488260039152,51.5052100406024],[-0.104522958233359,51.5043742729697],[-0.102838548905835,51.5043380564845],[-0.102780958206078,51.5036453119362],[-0.103794647047316,51.503567161436],[-0.103546132748173,51.503225392587],[-0.10220850048911,51.5031456724268],[-0.101317864033934,51.5027778596482]]]},"properties":{"FID":6551,"MSOA21CD":"E02006802","MSOA21NM":"Southwark 034","MSOA21NMW":" ","BNG_E":531603,"BNG_N":179536,"LAT":51.49945,"LONG":-0.10542,"Shape__Area":690791.23822021484,"Shape__Length":4316.3710080119872,"GlobalID":"c0283ac6-ebe1-4fd8-be91-f767d23ffd1d"}},{"type":"Feature","id":6671,"geometry":{"type":"Polygon","coordinates":[[[0.0289967641893602,51.4677871929417],[0.0299523546322616,51.4659222336128],[0.0304946624537321,51.4641909041505],[0.0300004961400633,51.4627875793987],[0.0296883987699324,51.4628919019481],[0.0298020419641739,51.4619363057881],[0.0300831407615895,51.4620543552445],[0.0303177730771034,51.4617444918425],[0.0337436259089375,51.4601957177291],[0.0336541216302106,51.4601253278636],[0.0345123922396738,51.4599111872271],[0.0367789680067028,51.4590782021927],[0.039355539125984,51.4582007155322],[0.0386078485154853,51.4574693243272],[0.0369535154433282,51.4563711520067],[0.0361385954396925,51.4557836023263],[0.036587007855947,51.4555234839301],[0.0360714659560303,51.4552476022226],[0.0374444741905114,51.4544007264085],[0.0364282754367978,51.4538261067181],[0.0366195890392785,51.4533306122772],[0.0353938298018304,51.4529547963438],[0.0357238241919971,51.4526073367421],[0.0341921124313527,51.4518245698791],[0.0296195888228981,51.4503030794871],[0.0294681246610472,51.4503596577422],[0.0292025225215545,51.4503102961474],[0.0290371234858525,51.4507103999222],[0.0284556338002137,51.4506241356732],[0.0287932148173478,51.4511720418813],[0.0280706535407493,51.4512771075905],[0.0275922668189266,51.4508497226714],[0.0269496855709739,51.4509433348496],[0.0272207450312887,51.4514537932169],[0.0243767862152811,51.4506086643076],[0.02467726573042,51.4498756799055],[0.0240119554355906,51.4497219776815],[0.0233331414808658,51.4496059644515],[0.0246327187613019,51.4488424978164],[0.023982370473319,51.4485355998286],[0.0227306093258457,51.4481379021607],[0.0223353156571994,51.4481654204934],[0.0219536702003066,51.4489577079526],[0.0206004510754992,51.4491192677458],[0.0150677999648053,51.4500384254891],[0.0150300495634183,51.4502189547717],[0.0198657057628444,51.4507276816846],[0.019591132346485,51.4517214274594],[0.0183969539513594,51.4515947352566],[0.0181263150513048,51.4525838771972],[0.0174797857562428,51.4542545427728],[0.0175060043181993,51.4550499598719],[0.0169014792389195,51.4551760230697],[0.0147548780868283,51.4555928911685],[0.0146258054612984,51.4556200452245],[0.0132342042268671,51.4559749104148],[0.0114080650972792,51.4566758186865],[0.010102767150551,51.4591608238707],[0.0100768283610609,51.4592476518381],[0.00985707127705909,51.4607329436683],[0.00987362857701806,51.4615039456622],[0.00934464987694845,51.464030195956],[0.011949391803625,51.4643081164125],[0.014082566490033,51.4645276346861],[0.0157174736693696,51.4648055521062],[0.0162033931553489,51.4648901865208],[0.0201139130825814,51.4660571793771],[0.0217482769258941,51.4645121516841],[0.0264054849562452,51.4670460330354],[0.0266745898466446,51.4668795923945],[0.0273303677866092,51.4664531057314],[0.0278778647645587,51.4665117506117],[0.0284519291116143,51.4670290688581],[0.0280785112078759,51.4676589813876],[0.0289766387519229,51.4678223253468],[0.0289967641893602,51.4677871929417]]]},"properties":{"FID":6671,"MSOA21CD":"E02006927","MSOA21NM":"Greenwich 034","MSOA21NMW":" ","BNG_E":540765,"BNG_N":175168,"LAT":51.458,"LONG":0.02475,"Shape__Area":2526563.3667373657,"Shape__Length":8593.5913729931817,"GlobalID":"552d629d-3ea0-48d9-9b4d-231ecf25f15a"}},{"type":"Feature","id":6672,"geometry":{"type":"MultiPolygon","coordinates":[[[[-0.00978537901290837,51.4828342376338],[-0.00944936731390361,51.4822856878834],[-0.0100600370120067,51.4817502569464],[-0.00934427300837436,51.4815140952529],[-0.00995674590382424,51.4812838148509],[-0.0103169855850462,51.4814371774826],[-0.0102565021037727,51.4809705716871],[-0.0111547935702114,51.4807350625473],[-0.0119107094470849,51.4810366876869],[-0.0125627945469052,51.4805615144553],[-0.0132552561901169,51.4808018211061],[-0.014055242044799,51.4807836727097],[-0.0144854770943708,51.4805843559415],[-0.0140719356349758,51.4802986129807],[-0.0136419683343421,51.479821385369],[-0.0151621932591638,51.4793430133841],[-0.014882293403388,51.4792239127045],[-0.0139779147301429,51.4790891463765],[-0.0145233216882806,51.4784688803499],[-0.0149874835933522,51.4784317742144],[-0.0144846503147672,51.4782274409477],[-0.0128296521828838,51.4783830679241],[-0.0122552758691999,51.4779406490313],[-0.0121711766740361,51.4779164354242],[-0.0138734205047568,51.4775720837732],[-0.0135743586093679,51.4772746771548],[-0.0141138623449356,51.4775064314498],[-0.0154240548834701,51.477130529964],[-0.0151700390583067,51.4766784089254],[-0.0170880874354184,51.4765887444022],[-0.0171119274403215,51.476574677969],[-0.0170929152317474,51.4763180949688],[-0.0164205272919465,51.4763067229811],[-0.0165109451931434,51.4760155607132],[-0.0171357375469983,51.4760028357561],[-0.0173090995491424,51.4752911559274],[-0.0179349816495374,51.4755139777869],[-0.0185140811063415,51.4757362965393],[-0.0188455875307243,51.4754236607679],[-0.0201428808860153,51.4750746732058],[-0.0198989402098516,51.4744310492217],[-0.0206082349328874,51.474027766721],[-0.021343468244024,51.474274168794],[-0.0219189080580723,51.4753141577082],[-0.0211672332447822,51.4752628395011],[-0.0209355557891528,51.4754135735179],[-0.0205589520838375,51.4756585958702],[-0.0205407413473223,51.4758600754404],[-0.0204754211537821,51.4765827340474],[-0.0191240287611687,51.4770099824258],[-0.0190008699189004,51.4770489189495],[-0.0190403526017673,51.477659869399],[-0.0190758727628206,51.4782094824212],[-0.0190759358862127,51.4782104511236],[-0.0189312278453323,51.4784478066825],[-0.0183981319539468,51.4793221848743],[-0.0183712573281695,51.479366264118],[-0.016838286248437,51.4800943015229],[-0.0168316852582202,51.4800974363165],[-0.0158817405363706,51.4814071446761],[-0.0157142930211392,51.4816379985529],[-0.0149878990240913,51.481746559495],[-0.0156349581486493,51.4819240416473],[-0.0163749707116224,51.4821270147112],[-0.0176594277449765,51.4824793049483],[-0.0179092722762506,51.4825478276118],[-0.0178988635745449,51.4831952383739],[-0.0163292353539419,51.48322745484],[-0.0163448057232328,51.4829647842927],[-0.0160562970404393,51.4829487637665],[-0.015685219327671,51.4829281564029],[-0.0155419602864923,51.4829976669813],[-0.0152663180567782,51.4831314103139],[-0.0135406079075238,51.4828960710985],[-0.0131214290554614,51.4829178659221],[-0.0120770695932697,51.4829721612799],[-0.0116374722533094,51.4829950129091],[-0.0111338253292471,51.4830211920367],[-0.011036564969555,51.4833231419467],[-0.00993406113725374,51.4836036288558],[-0.00961925232676972,51.4836237327361],[-0.00978537901290837,51.4828342376338]]],[[[-0.0164295565427997,51.4814060296708],[-0.0170867363950218,51.4804170618631],[-0.0178490120489642,51.4808804629156],[-0.0187010529841048,51.4807839582148],[-0.0194576046320267,51.4805434804843],[-0.0200722896439906,51.4803380293455],[-0.0203417800753565,51.4799357573204],[-0.0229676632683245,51.4796386504349],[-0.0230454954338803,51.4796285515317],[-0.0231467398255134,51.4807397581913],[-0.0247655555333942,51.4812106576283],[-0.0256154691830981,51.4813681116384],[-0.0263830144763728,51.4815103951645],[-0.0261397153229961,51.4817450407142],[-0.0255529216230077,51.4834348738554],[-0.0252038114772304,51.4848637986972],[-0.024677060839697,51.4854661875552],[-0.0238463077458318,51.4850840555672],[-0.0228335593376996,51.484618192617],[-0.0227010951035044,51.4845572582129],[-0.0200500518834647,51.483820099874],[-0.0188258054896725,51.4834796532129],[-0.0188155294786385,51.4834571285565],[-0.018321354213756,51.4823739076152],[-0.0181342734665657,51.4819638106622],[-0.0163906749291002,51.4814645397378],[-0.0164295565427997,51.4814060296708]]]]},"properties":{"FID":6672,"MSOA21CD":"E02006928","MSOA21NM":"Greenwich 035","MSOA21NMW":" ","BNG_E":537901,"BNG_N":177440,"LAT":51.47912,"LONG":-0.01556,"Shape__Area":539693.27429199219,"Shape__Length":6822.5054767116335,"GlobalID":"e075a9ed-4c7f-4a00-9f94-8dd03fec277e"}},{"type":"Feature","id":6673,"geometry":{"type":"Polygon","coordinates":[[[0.00866480997754757,51.4891715822209],[0.0083666446067845,51.4887716329017],[0.00748825328048568,51.4887975429668],[0.00796845047145774,51.4884875278536],[0.00765238496820126,51.487898255475],[0.00743966668753017,51.4869279357705],[0.00804194832747585,51.4865415456478],[0.00873936663092775,51.486708048696],[0.00937930490307897,51.48659964102],[0.0093389777349004,51.4863179208191],[0.00955459418106262,51.4863109355269],[0.00996964331438099,51.4862957932394],[0.0110167492151687,51.4862227729047],[0.0116073417554794,51.4885212758733],[0.0118314569823682,51.4882940859985],[0.0122895202646059,51.4885432969902],[0.0122939281310428,51.4881523121757],[0.0129071663419103,51.4882490558588],[0.0138970587415997,51.4878662081806],[0.0143228187268917,51.4883647378259],[0.0143849853879917,51.4884166252837],[0.0154836602101853,51.4893336672916],[0.0176003314131582,51.4891077496329],[0.0181633074214978,51.4904379898827],[0.019733778137177,51.4901195979666],[0.0231447679748727,51.490023136122],[0.0231968875742244,51.4888626366688],[0.0223250395869334,51.4866432617796],[0.0223023275881201,51.4866436534914],[0.0214549440566501,51.4857230129386],[0.0232383448419454,51.48580336978],[0.0233144219387741,51.484690815966],[0.02148839327174,51.4845279662277],[0.0202986533761387,51.4844198103849],[0.0201815740828383,51.4844091656274],[0.0198059053748623,51.4843793691003],[0.015878227295879,51.4839996023555],[0.0140004298434068,51.4838017297403],[0.0129665696173776,51.4836817383501],[0.01202811382595,51.48357976516],[0.0110779272532696,51.4834773416761],[0.00842220230332998,51.4831670343467],[0.00836582852253788,51.4831593520488],[0.00644957562544506,51.4828525990599],[0.00590000741656949,51.482764389859],[0.00484203473503183,51.4826500177828],[0.00480364411460849,51.4826477296777],[0.00197743256250165,51.4827691856265],[0.00162594513098909,51.4827151081027],[0.00141294635019661,51.4821379110215],[-0.00135635497641096,51.481447785928],[-0.00215316065884986,51.4815451183042],[-0.00283799756211652,51.4825077441386],[-0.00241986902429695,51.4825395573012],[-0.00270268131999515,51.4829942343872],[-0.00196876296550358,51.4827863068658],[-0.00176847394872229,51.4832335087033],[-0.000586136310904955,51.4834776605284],[-0.00161185650901864,51.4840669877692],[0.00159239558407806,51.4847327354296],[0.00174949327132332,51.4845550624974],[0.00261148216238674,51.485062797882],[0.00427113338141608,51.485055700681],[0.00427336566372064,51.4854347022473],[0.00564528235685047,51.4854259639101],[0.00505625223523481,51.4865350953812],[0.00430979722294873,51.4865928175182],[0.00432843009013516,51.4868735706313],[0.00556179325983439,51.4866791059005],[0.00611600092959835,51.4875241733347],[0.00591866369368742,51.4879034312882],[0.0054712243403423,51.4877973861045],[0.00549158585628309,51.4870869628596],[0.00442784515933866,51.4871715044832],[0.00484379622350456,51.4874282905426],[0.00484461113036735,51.4882761222091],[0.00455349992840709,51.4888636949317],[0.00476730273800649,51.4898075987545],[0.00441068072013382,51.4899112977813],[0.00386405514484482,51.49105889607],[0.0032571477737599,51.4923330033589],[0.00502600289344491,51.4914472057342],[0.00721337012196397,51.4902476817144],[0.00745615272732014,51.4894748214588],[0.00866480997754757,51.4891715822209]]]},"properties":{"FID":6673,"MSOA21CD":"E02006930","MSOA21NM":"Greenwich 037","MSOA21NMW":" ","BNG_E":540126,"BNG_N":178333,"LAT":51.48659,"LONG":0.016812,"Shape__Area":865371.52549743652,"Shape__Length":7475.80973178755,"GlobalID":"a8cb6562-9040-40c8-b3e6-193a2f22ff0f"}},{"type":"Feature","id":6674,"geometry":{"type":"Polygon","coordinates":[[[-0.00215316065884986,51.4815451183042],[-0.00135635497641096,51.481447785928],[0.00141294635019661,51.4821379110215],[0.00254620534081739,51.4813013330313],[0.00481678360157348,51.4799271687715],[0.00533206784997208,51.4794956686625],[0.00807936965426799,51.4769710873957],[0.0121232401873027,51.4733217069396],[0.0121156519577685,51.4731737142464],[-0.00066695578276179,51.4718090731054],[-0.00220116971053377,51.4719025897317],[-0.00546333386951475,51.4723670746414],[-0.00767952658243239,51.4726328785279],[-0.0083222253375733,51.4726852746021],[-0.0120810505887305,51.4723752923238],[-0.0123256762850402,51.4723502030834],[-0.0134110515655911,51.4723991347564],[-0.0140513116309381,51.4726384165525],[-0.0145074570278257,51.4719038049711],[-0.0151198807294138,51.4717297057832],[-0.0147783842812095,51.4713028288356],[-0.0144683878570742,51.4707878728742],[-0.0140140778127904,51.4700406132352],[-0.0136193927645091,51.469573430886],[-0.013104583069785,51.4689358176637],[-0.0140163901162026,51.4685024290134],[-0.0146105014250256,51.4682418474339],[-0.0150647906804202,51.4680359022365],[-0.0160789086250719,51.4687185137198],[-0.0165331317188498,51.4692276270803],[-0.0169237588378492,51.4690557242196],[-0.0171150966727097,51.4692979061189],[-0.0178588230495722,51.4694782547592],[-0.0190934358206318,51.4699475725561],[-0.0188173367451883,51.4711260000281],[-0.0192234283428616,51.4718090328483],[-0.0192434909830358,51.471881674808],[-0.0192761134327962,51.4719608780238],[-0.0202540376174987,51.4722497698597],[-0.0199526881427608,51.4729213131862],[-0.0203334812053027,51.4731726767714],[-0.0207111441421246,51.4733545881116],[-0.0208153350972251,51.4735234627339],[-0.0209587181636223,51.4736187807547],[-0.021681580219967,51.4739944874476],[-0.022647084764224,51.4739851164724],[-0.0227841836703055,51.4743124059668],[-0.0227784507468356,51.474464091358],[-0.0229038184108243,51.4750820849964],[-0.022530131784506,51.4752933720982],[-0.0223279187946179,51.4753420798922],[-0.0219189080580723,51.4753141577082],[-0.021343468244024,51.474274168794],[-0.0206082349328874,51.474027766721],[-0.0198989402098516,51.4744310492217],[-0.0201428808860153,51.4750746732058],[-0.0188455875307243,51.4754236607679],[-0.0185140811063415,51.4757362965393],[-0.0179349816495374,51.4755139777869],[-0.0173090995491424,51.4752911559274],[-0.0171357375469983,51.4760028357561],[-0.0165109451931434,51.4760155607132],[-0.0164205272919465,51.4763067229811],[-0.0170929152317474,51.4763180949688],[-0.0171119274403215,51.476574677969],[-0.0170880874354184,51.4765887444022],[-0.0151700390583067,51.4766784089254],[-0.0154240548834701,51.477130529964],[-0.0141138623449356,51.4775064314498],[-0.0135743586093679,51.4772746771548],[-0.0138734205047568,51.4775720837732],[-0.0121711766740361,51.4779164354242],[-0.0122552758691999,51.4779406490313],[-0.0128296521828838,51.4783830679241],[-0.0144846503147672,51.4782274409477],[-0.0149874835933522,51.4784317742144],[-0.0145233216882806,51.4784688803499],[-0.0139779147301429,51.4790891463765],[-0.014882293403388,51.4792239127045],[-0.0151621932591638,51.4793430133841],[-0.0136419683343421,51.479821385369],[-0.0140719356349758,51.4802986129807],[-0.0144854770943708,51.4805843559415],[-0.014055242044799,51.4807836727097],[-0.0132552561901169,51.4808018211061],[-0.0125627945469052,51.4805615144553],[-0.0119107094470849,51.4810366876869],[-0.0111547935702114,51.4807350625473],[-0.0102565021037727,51.4809705716871],[-0.0103169855850462,51.4814371774826],[-0.00995674590382424,51.4812838148509],[-0.00934427300837436,51.4815140952529],[-0.0100600370120067,51.4817502569464],[-0.00944936731390361,51.4822856878834],[-0.00978537901290837,51.4828342376338],[-0.00961925232676972,51.4836237327361],[-0.00725618436409394,51.4837746086399],[-0.0046696377272037,51.48457458667],[-0.00456084156803151,51.4846082337217],[-0.00455895137072208,51.4846086080327],[-0.004355134481778,51.4843668130331],[-0.00283799756211652,51.4825077441386],[-0.00215316065884986,51.4815451183042]]]},"properties":{"FID":6674,"MSOA21CD":"E02006931","MSOA21NM":"Greenwich 038","MSOA21NMW":" ","BNG_E":538712,"BNG_N":177143,"LAT":51.47625,"LONG":-0.00401,"Shape__Area":1984926.4666519165,"Shape__Length":8675.2703321794816,"GlobalID":"546d02e9-1340-4d90-b45d-00d29bc4aa0b"}},{"type":"Feature","id":6684,"geometry":{"type":"Polygon","coordinates":[[[-0.0880456279977091,51.5069035268245],[-0.0861288990040808,51.5065467717919],[-0.0846875740958499,51.5066226093163],[-0.0811352973936893,51.505939951835],[-0.0796831106167557,51.5054972058651],[-0.0761201075022788,51.5044107997499],[-0.0761170315576606,51.5044100694035],[-0.0742579692170189,51.5039684429184],[-0.0728251896409724,51.5036280552363],[-0.0727182991462416,51.5036026600717],[-0.0717771253973082,51.5030762419422],[-0.0712306080623309,51.5027705547345],[-0.0708721384938888,51.5025700468132],[-0.0716583056611345,51.5019436849544],[-0.0718892526892768,51.5017596790477],[-0.0729440990099397,51.5009192059568],[-0.0734874174956601,51.5004862890642],[-0.0726178070658179,51.5010395603505],[-0.0724338848811909,51.5011565747933],[-0.0718361590422462,51.5015368508937],[-0.0707778379433181,51.5022101348623],[-0.0703464460877533,51.5020863531012],[-0.0677093946006575,51.5013296406073],[-0.0673630192955466,51.5012302426735],[-0.06735834144395,51.5012289002889],[-0.0671900308833729,51.5014437492613],[-0.0662953092114742,51.5012295779851],[-0.0665073608477744,51.5008554848609],[-0.0668293083239396,51.500424233628],[-0.0684420623767774,51.5009481487998],[-0.0698652398794524,51.5009130533565],[-0.0703834713486058,51.5004756652302],[-0.0708958870078291,51.5005075088878],[-0.0725136590073723,51.5000580585407],[-0.0739072899717598,51.5004942558744],[-0.0737940164786137,51.5006435502362],[-0.0747741944431766,51.5008220896768],[-0.0751810387590023,51.5010246428379],[-0.0757017282141341,51.5013195307655],[-0.075334268721579,51.5017213797275],[-0.0762587313048525,51.5016480068378],[-0.0759801673005672,51.5019557153384],[-0.0764016969269698,51.5021442070525],[-0.0762146567521457,51.5025103961829],[-0.0768686880774335,51.50271896149],[-0.0772405439497985,51.5028061809773],[-0.0781831845199409,51.5029833284337],[-0.0785286870231431,51.5027303448101],[-0.0788758467088995,51.5030621485783],[-0.07897031664323,51.5030970062368],[-0.0795733621017103,51.5017163633409],[-0.0801243955492235,51.5020076806835],[-0.0807072173740332,51.5023494995207],[-0.0814248124918719,51.5027343714832],[-0.0824504048901897,51.5031847867425],[-0.0883896723586508,51.5060926367142],[-0.0880456279977091,51.5069035268245]]]},"properties":{"FID":6684,"MSOA21CD":"E02006941","MSOA21NM":"Southwark 035","MSOA21NMW":" ","BNG_E":533521,"BNG_N":180029,"LAT":51.50343,"LONG":-0.07762,"Shape__Area":373664.54418945313,"Shape__Length":4555.7050209834133,"GlobalID":"cc1ca662-6637-4a9e-859b-19a1727185e7"}},{"type":"Feature","id":6685,"geometry":{"type":"Polygon","coordinates":[[[-0.0788758467088995,51.5030621485783],[-0.0785286870231431,51.5027303448101],[-0.0781831845199409,51.5029833284337],[-0.0772405439497985,51.5028061809773],[-0.0768686880774335,51.50271896149],[-0.0762146567521457,51.5025103961829],[-0.0764016969269698,51.5021442070525],[-0.0759801673005672,51.5019557153384],[-0.0762587313048525,51.5016480068378],[-0.075334268721579,51.5017213797275],[-0.0757017282141341,51.5013195307655],[-0.0751810387590023,51.5010246428379],[-0.0747741944431766,51.5008220896768],[-0.0737940164786137,51.5006435502362],[-0.0739072899717598,51.5004942558744],[-0.0725136590073723,51.5000580585407],[-0.0718073131046653,51.4995765875339],[-0.0720681774641176,51.4991263161245],[-0.0730643567318775,51.4990481938192],[-0.0729869207923937,51.4998121306655],[-0.0740732879962109,51.4997655906795],[-0.0745928726516365,51.4990577413361],[-0.0750092831428321,51.4989744353388],[-0.0745331554227525,51.4986963688054],[-0.0751720362876682,51.4984507357269],[-0.0748880871722734,51.4980997614506],[-0.0756048788907829,51.4978331437956],[-0.0763321415612568,51.4977127897062],[-0.0761208331075925,51.4974739180878],[-0.0768072283584505,51.4972786548233],[-0.0773265173045413,51.4976635572405],[-0.0772196406421498,51.4971222382952],[-0.0776686072454135,51.4970666531072],[-0.0773970399782279,51.4964912771578],[-0.0781365836200401,51.4966246888648],[-0.0787873147901793,51.4958170144172],[-0.0813481948722876,51.4965873756057],[-0.0811732479945615,51.4969895512446],[-0.0806990151066832,51.4971952619224],[-0.0797892485988874,51.4977040428528],[-0.0797751020174417,51.4977217552738],[-0.0813893011621349,51.4979427124132],[-0.0823467230430283,51.4981007411791],[-0.0829006446459601,51.498179132639],[-0.084436127563248,51.4986469622752],[-0.0846815796102582,51.4987445167203],[-0.0857716535358219,51.4992293920294],[-0.0853762439527422,51.4996987650761],[-0.0851757551332164,51.5003383063852],[-0.0860938592565435,51.500447067748],[-0.0861003987522921,51.5010194643652],[-0.0855271175990589,51.5010351894089],[-0.0853702914195306,51.5007618066965],[-0.0850405784596033,51.5007674016669],[-0.0837533010867216,51.5007875403743],[-0.0833277855513253,51.5012520446692],[-0.0833743632745346,51.5022050388287],[-0.0825987594079691,51.5024891122806],[-0.0818571775459466,51.5023061149957],[-0.0814248124918719,51.5027343714832],[-0.0807072173740332,51.5023494995207],[-0.0801243955492235,51.5020076806835],[-0.0795733621017103,51.5017163633409],[-0.07897031664323,51.5030970062368],[-0.0788758467088995,51.5030621485783]]]},"properties":{"FID":6685,"MSOA21CD":"E02006942","MSOA21NM":"Southwark 036","MSOA21NMW":" ","BNG_E":533376,"BNG_N":179585,"LAT":51.49948,"LONG":-0.07987,"Shape__Area":393843.23755645752,"Shape__Length":3869.0355392397519,"GlobalID":"fe517691-a0f3-4df1-928b-406915fcb55a"}},{"type":"Feature","id":6729,"geometry":{"type":"Polygon","coordinates":[[[-0.0951480906613967,51.379408122389],[-0.0954192215778291,51.3787506055788],[-0.0957096472196009,51.3780150316672],[-0.095781160392793,51.3777145287417],[-0.0956870181012196,51.3771452471552],[-0.094846388463357,51.3771621646173],[-0.0939581064556731,51.3775719345033],[-0.0934958726076961,51.3784221670798],[-0.0920940140597255,51.3782109659868],[-0.0922633021710064,51.3777217900807],[-0.0924718630296082,51.3769558173545],[-0.0926424467231678,51.3748122048741],[-0.0920457106261514,51.3748647356975],[-0.09093432716877,51.3752870308248],[-0.0889908820370874,51.3750075938818],[-0.0889742566638706,51.374636564981],[-0.0884164659076978,51.3744560528044],[-0.0889851344819466,51.3741456768044],[-0.0884700701924115,51.3735862008431],[-0.0880904169327252,51.3732271108714],[-0.0890201050069236,51.3730158218635],[-0.0887079894350228,51.3724694239552],[-0.0900210967582935,51.3724126599638],[-0.0906315700478417,51.3724188546257],[-0.0903595986198123,51.3718682958107],[-0.0901750667533571,51.3717996382124],[-0.0906184365408786,51.3712990705898],[-0.0918181028567362,51.3710590412262],[-0.0918570231471239,51.3705119593622],[-0.0928465868262546,51.3705028855279],[-0.0929451741488173,51.3666968663993],[-0.093057874027874,51.3667308175724],[-0.0940400936013691,51.3669620114849],[-0.0939493236887721,51.3677644251699],[-0.0938922688035473,51.3682691167623],[-0.0960164155756148,51.3684055424981],[-0.0960565715518354,51.3693635198415],[-0.0963471263130041,51.3693567872815],[-0.0969640866415372,51.3691496077812],[-0.0972352833253503,51.3699988456155],[-0.0982171109665531,51.3700504147902],[-0.0982109053209717,51.3700329711795],[-0.0978420512906869,51.3688251140687],[-0.0978238284142238,51.3687437235214],[-0.097703329960281,51.3684083446356],[-0.0973859040293441,51.3675361529957],[-0.0982136009407595,51.3678701107132],[-0.0983176999706465,51.3675649045374],[-0.0990379347850014,51.3676607727209],[-0.09910839899149,51.3676504596423],[-0.0996475273899391,51.3677402543491],[-0.10013836661312,51.3692583523689],[-0.101073057282293,51.3688060706492],[-0.101466933370818,51.3690273421679],[-0.101162222105776,51.3694912643628],[-0.100314822426007,51.3696852752025],[-0.101407636689955,51.3698525040491],[-0.101712621508074,51.3704264538969],[-0.101762994752418,51.370598134764],[-0.102171570980314,51.3707936027552],[-0.101595782863599,51.3712418009468],[-0.101197105013621,51.3716336225547],[-0.101030589044651,51.371677605803],[-0.100592902604629,51.3717932065539],[-0.101266227852723,51.3728832712367],[-0.101682421548578,51.3735431965079],[-0.100382812952965,51.3737460329671],[-0.101191726762637,51.3754658014392],[-0.100397357287152,51.3756152875102],[-0.0994851548113899,51.3746778752283],[-0.0972003665087443,51.374964500388],[-0.0980723600478104,51.3761048596796],[-0.0998044838343246,51.3784116301739],[-0.0991752967174614,51.3791795680073],[-0.098969378343041,51.379361261543],[-0.0987299117364743,51.379525179434],[-0.0972968470989285,51.3792054353578],[-0.097228566458954,51.3791699291935],[-0.0964014620824834,51.3790955149102],[-0.0957225344461731,51.3799918652527],[-0.0951480906613967,51.379408122389]]]},"properties":{"FID":6729,"MSOA21CD":"E02006987","MSOA21NM":"Croydon 046","MSOA21NMW":" ","BNG_E":532686,"BNG_N":165459,"LAT":51.37269,"LONG":-0.0951,"Shape__Area":715288.610168457,"Shape__Length":6296.6673188813029,"GlobalID":"d8775e7a-beda-444f-91c7-e7a86652dc4c"}},{"type":"Feature","id":6730,"geometry":{"type":"Polygon","coordinates":[[[-0.0972352833253503,51.3699988456155],[-0.0969640866415372,51.3691496077812],[-0.0963471263130041,51.3693567872815],[-0.0960565715518354,51.3693635198415],[-0.0960164155756148,51.3684055424981],[-0.0938922688035473,51.3682691167623],[-0.0939493236887721,51.3677644251699],[-0.0940400936013691,51.3669620114849],[-0.093057874027874,51.3667308175724],[-0.0929451741488173,51.3666968663993],[-0.0917759721115717,51.366371914798],[-0.0896729066319771,51.3659836413291],[-0.0892490617917656,51.3659014436452],[-0.0888335594544219,51.3658135117612],[-0.0856413090764001,51.3648989195149],[-0.086130896058095,51.3638698241055],[-0.0871944887718177,51.3638718706086],[-0.0871627838798987,51.3631262024161],[-0.0865549348973269,51.3629243514396],[-0.0853238403959197,51.3632866091988],[-0.0844753403673981,51.3628637838251],[-0.0846589858785099,51.3624867531791],[-0.0854296770484886,51.3626072734254],[-0.087260623732961,51.3614325765936],[-0.0878999556492633,51.3617035276932],[-0.0881566821224169,51.362610175538],[-0.0886421187142561,51.3627106645837],[-0.0892161881259222,51.362057602226],[-0.090751659299278,51.3622572840094],[-0.0900788324332045,51.361693970689],[-0.0903915928527193,51.3614037240056],[-0.0915968056148541,51.3617316170783],[-0.0913273716879923,51.3620468452894],[-0.0934138998705842,51.362327884978],[-0.0954770550926218,51.3621953244275],[-0.0960652162415756,51.3621848531621],[-0.0967848539601584,51.3626386871721],[-0.0984658545687973,51.3638229328832],[-0.0979795409319721,51.3605430535491],[-0.0979348407205599,51.3602781521197],[-0.0977682192564083,51.3586886162231],[-0.100570195325588,51.3590695733776],[-0.100338325028483,51.3605632070154],[-0.0995149020350504,51.3611181477917],[-0.100358543893093,51.3617492870947],[-0.102797788080517,51.3620542770485],[-0.10397952971556,51.3619274770792],[-0.104319586395938,51.3625152219107],[-0.103744155343466,51.3626843538357],[-0.103740872854458,51.3626862701479],[-0.103443597447549,51.3632279140462],[-0.104210987403978,51.3631993298432],[-0.104359273549964,51.3639588287238],[-0.105322697331965,51.3643362372438],[-0.104992171747815,51.3644700669888],[-0.105753364396587,51.365883092227],[-0.104976790131195,51.3661806809865],[-0.105204756354605,51.367478427338],[-0.105210168910857,51.3674884384855],[-0.104407798440626,51.3673559170488],[-0.104098684846003,51.3659946357045],[-0.103004776890467,51.366326393124],[-0.102884559127325,51.3659444486378],[-0.102548755533026,51.3659837139841],[-0.101929684583306,51.3665952882978],[-0.101346211465855,51.3666611558536],[-0.101031422376134,51.3668152277981],[-0.101614651600269,51.3672682893671],[-0.101181490610199,51.3676956413474],[-0.101899912450291,51.3679864703135],[-0.100449590280774,51.368310639112],[-0.100534049881475,51.3684944840949],[-0.102444035927847,51.3684867901684],[-0.101466933370818,51.3690273421679],[-0.101073057282293,51.3688060706492],[-0.10013836661312,51.3692583523689],[-0.0996475273899391,51.3677402543491],[-0.09910839899149,51.3676504596423],[-0.0990379347850014,51.3676607727209],[-0.0983176999706465,51.3675649045374],[-0.0982136009407595,51.3678701107132],[-0.0973859040293441,51.3675361529957],[-0.097703329960281,51.3684083446356],[-0.0978238284142238,51.3687437235214],[-0.0978420512906869,51.3688251140687],[-0.0982109053209717,51.3700329711795],[-0.0982171109665531,51.3700504147902],[-0.0972352833253503,51.3699988456155]]]},"properties":{"FID":6730,"MSOA21CD":"E02006988","MSOA21NM":"Croydon 047","MSOA21NMW":" ","BNG_E":532678,"BNG_N":164530,"LAT":51.36435,"LONG":-0.09556,"Shape__Area":778847.45711517334,"Shape__Length":7246.045277758114,"GlobalID":"5fe07dfc-5f5b-416d-9654-d6ff77450ff1"}},{"type":"Feature","id":6733,"geometry":{"type":"Polygon","coordinates":[[[0.076310571861908,51.4954662172912],[0.0764842971136517,51.494947572593],[0.0778122481023116,51.4950183634825],[0.0785936254090754,51.4940155806277],[0.0784035042997785,51.4931357428175],[0.0780334352360623,51.4920185720149],[0.0776735294612588,51.4911193519097],[0.0771876166062752,51.4910592916398],[0.0763136657138532,51.4909565777296],[0.0729146263117225,51.4909518709321],[0.0731985167313886,51.4894681524669],[0.0732616662824227,51.489153268196],[0.0716060792917028,51.489151784179],[0.069961441677255,51.489493191079],[0.0684520798554661,51.489985989421],[0.0678764485099048,51.4904736895415],[0.0683082019215091,51.4908200326025],[0.0684411086175537,51.4908397745247],[0.0682943190676579,51.4917142467828],[0.069202090066942,51.4924740078177],[0.0690777388900611,51.4929488849838],[0.0682976863013156,51.4928875660485],[0.0678399060526189,51.4935927734336],[0.0674834659742233,51.4938647811723],[0.0662195298357356,51.4938168847194],[0.0658324288888762,51.4937676063619],[0.0645242826007248,51.4938865143296],[0.0641530990322074,51.4941156760052],[0.0637127383840831,51.4939149918196],[0.0633332098059698,51.4946517309874],[0.0639286601172879,51.4946803328049],[0.0641653271823492,51.4944499954602],[0.0641042431862595,51.4946763423078],[0.0660274153560727,51.4948158320091],[0.0673471363140273,51.494911534529],[0.0703323236870881,51.4951279565925],[0.0720494411497955,51.4954190493341],[0.072712497795031,51.4955314460525],[0.0743329700837908,51.4958061169815],[0.0757436687903078,51.4960452093393],[0.0762757758597499,51.4956626434247],[0.076310571861908,51.4954662172912]]]},"properties":{"FID":6733,"MSOA21CD":"E02006991","MSOA21NM":"Greenwich 039","MSOA21NMW":" ","BNG_E":543860,"BNG_N":179069,"LAT":51.49227,"LONG":0.070855,"Shape__Area":425753.4914855957,"Shape__Length":3420.3947122862887,"GlobalID":"2d2950f4-eb83-4256-bc3a-1ccb9576d7d2"}},{"type":"Feature","id":6734,"geometry":{"type":"Polygon","coordinates":[[[0.00530609960314587,51.4994849916846],[0.00575983612337819,51.4989319633445],[0.00718439980672431,51.4995562448731],[0.00931734657641184,51.4977199044918],[0.0113336135481117,51.4973771516687],[0.0112302609577436,51.4968821762057],[0.0107523782827524,51.4966311748349],[0.0109673002304987,51.4964757564683],[0.0116091379459315,51.4960300160036],[0.0119202620223458,51.4958191879625],[0.012744067468656,51.4952703247492],[0.0122399538340023,51.4949462438539],[0.0109557035122483,51.4940337540295],[0.00993448447718324,51.4936278722063],[0.0105422701818659,51.4927159297182],[0.0132339291294936,51.4910263214573],[0.0166981114004265,51.4907878767591],[0.0163083893160999,51.4919809741503],[0.015301419651615,51.4923467703802],[0.0155780530739325,51.4926387083999],[0.0158674180623891,51.4930511706791],[0.0155299289144432,51.4938217471339],[0.0156457705469308,51.4938771942172],[0.01829607622436,51.4948720636517],[0.018749238339797,51.4947151085835],[0.0185546990885092,51.4937028062481],[0.0184317610241553,51.4930695238738],[0.0189958983785938,51.4929841738611],[0.0186880668785449,51.492635582567],[0.0191397452773045,51.4922927811108],[0.0192884900653836,51.4930417813501],[0.0244623284256354,51.4927899400614],[0.025014930778557,51.4899961163514],[0.0231447679748727,51.490023136122],[0.019733778137177,51.4901195979666],[0.0181633074214978,51.4904379898827],[0.0176003314131582,51.4891077496329],[0.0154836602101853,51.4893336672916],[0.0143849853879917,51.4884166252837],[0.0143228187268917,51.4883647378259],[0.0138970587415997,51.4878662081806],[0.0129071663419103,51.4882490558588],[0.0122939281310428,51.4881523121757],[0.0122895202646059,51.4885432969902],[0.0118314569823682,51.4882940859985],[0.0116073417554794,51.4885212758733],[0.0110167492151687,51.4862227729047],[0.00996964331438099,51.4862957932394],[0.00955459418106262,51.4863109355269],[0.0093389777349004,51.4863179208191],[0.00937930490307897,51.48659964102],[0.00873936663092775,51.486708048696],[0.00804194832747585,51.4865415456478],[0.00743966668753017,51.4869279357705],[0.00765238496820126,51.487898255475],[0.00796845047145774,51.4884875278536],[0.00748825328048568,51.4887975429668],[0.0083666446067845,51.4887716329017],[0.00866480997754757,51.4891715822209],[0.00745615272732014,51.4894748214588],[0.00721337012196397,51.4902476817144],[0.00502600289344491,51.4914472057342],[0.0032571477737599,51.4923330033589],[0.00386405514484482,51.49105889607],[0.00441068072013382,51.4899112977813],[0.00476730273800649,51.4898075987545],[0.00455349992840709,51.4888636949317],[0.00484461113036735,51.4882761222091],[0.00484379622350456,51.4874282905426],[0.00442784515933866,51.4871715044832],[0.00549158585628309,51.4870869628596],[0.0054712243403423,51.4877973861045],[0.00591866369368742,51.4879034312882],[0.00611600092959835,51.4875241733347],[0.00556179325983439,51.4866791059005],[0.00432843009013516,51.4868735706313],[0.00430979722294873,51.4865928175182],[0.00505625223523481,51.4865350953812],[0.00564528235685047,51.4854259639101],[0.00427336566372064,51.4854347022473],[0.00427113338141608,51.485055700681],[0.00261148216238674,51.485062797882],[0.00174949327132332,51.4845550624974],[0.00159239558407806,51.4847327354296],[-0.00161185650901864,51.4840669877692],[-0.000586136310904955,51.4834776605284],[-0.00176847394872229,51.4832335087033],[-0.00196876296550358,51.4827863068658],[-0.00270268131999515,51.4829942343872],[-0.00241986902429695,51.4825395573012],[-0.00283799756211652,51.4825077441386],[-0.004355134481778,51.4843668130331],[-0.00455895137072208,51.4846086080327],[-0.00326793565661814,51.4848641445028],[-0.00118027605592998,51.4863201348384],[-2.25647046549003E-05,51.4867301691489],[0.000289123264339177,51.4869718663571],[0.000436074555849092,51.4870858185941],[0.00137603528881682,51.4878146825579],[0.001469073107948,51.4879699978207],[0.00199266759667467,51.488844046781],[0.00240257273955881,51.4895282858071],[0.00245479883939738,51.4899570051025],[0.00266860412529807,51.4917120211685],[0.00268731688451045,51.4918656115154],[0.00236993449316023,51.492987937846],[0.00195395194530916,51.4929136545374],[0.00194623893575485,51.4929371656762],[0.00158608455141638,51.4940350405842],[0.000991058142618036,51.4944116511883],[0.00102683146649942,51.4951546284864],[0.000748932646590267,51.4950702063194],[0.000720387373358711,51.495442401749],[-0.000214224397669919,51.4952289725011],[-0.00097794200594361,51.496277515019],[-0.00218624871107061,51.4998417258788],[-0.00222887876623375,51.5012705308872],[-0.00188856171611438,51.5012662948797],[-0.00158279256328577,51.5019003155357],[-0.00152013685701323,51.5020302331554],[-0.00205296723281494,51.5021159370482],[-0.00174190871901165,51.5028424890876],[-0.000738490796792195,51.5037989686368],[0.000821016780406676,51.5045315545689],[0.00325826259684049,51.5049389523925],[0.00514672333477784,51.5043964032735],[0.00625083828227785,51.5034610222123],[0.0071165667479762,51.5027275638339],[0.00814058472813281,51.5018599620865],[0.00734210918302037,51.5014952583315],[0.00699562919784926,51.5013885858696],[0.00746628017969308,51.5009452906912],[0.00652337884974757,51.5003343176392],[0.00667585824477813,51.500106364758],[0.00530609960314587,51.4994849916846]]]},"properties":{"FID":6734,"MSOA21CD":"E02006992","MSOA21NM":"Greenwich 040","MSOA21NMW":" ","BNG_E":539668,"BNG_N":178647,"LAT":51.48953,"LONG":0.010345,"Shape__Area":1695072.1911392212,"Shape__Length":12483.883771740249,"GlobalID":"753d9831-ebde-41fc-a1a7-666db3f7e800"}},{"type":"Feature","id":6735,"geometry":{"type":"Polygon","coordinates":[[[0.0106987589392074,51.4996923794487],[0.0124378696705194,51.4982186722349],[0.0129833152773065,51.4977564417661],[0.0134126310308493,51.497392615942],[0.0138816706136247,51.496995117495],[0.01393944770873,51.496967548093],[0.0153828730751854,51.496278758592],[0.0154239937179714,51.4962591355536],[0.016354224589868,51.4958152172605],[0.0179606700462535,51.4950485639515],[0.018494770069995,51.4949615428307],[0.0214974397321313,51.4944722661464],[0.0215723354829263,51.4939516435443],[0.0220053608758845,51.4938893209295],[0.0221568100861627,51.4942828936758],[0.0242928549197411,51.4938197244221],[0.0290437844946022,51.493847615303],[0.029206239395026,51.4938704377074],[0.0292184544683122,51.4937012541741],[0.0300546984795464,51.4912474897559],[0.029865141872918,51.4901834358561],[0.0311157615818058,51.4880309468348],[0.0340254794486775,51.4885451780485],[0.0350968775505075,51.48773788646],[0.0332856057364484,51.4872057333494],[0.0319376492193516,51.4869437674165],[0.0315941733975502,51.4868856485215],[0.027250110568828,51.4859257009516],[0.0260418214184429,51.4854098916487],[0.0257638706489915,51.4852773126457],[0.0243294155522956,51.4848003122396],[0.0233144219387741,51.484690815966],[0.0232383448419454,51.48580336978],[0.0214549440566501,51.4857230129386],[0.0223023275881201,51.4866436534914],[0.0223250395869334,51.4866432617796],[0.0231968875742244,51.4888626366688],[0.0231447679748727,51.490023136122],[0.025014930778557,51.4899961163514],[0.0244623284256354,51.4927899400614],[0.0192884900653836,51.4930417813501],[0.0191397452773045,51.4922927811108],[0.0186880668785449,51.492635582567],[0.0189958983785938,51.4929841738611],[0.0184317610241553,51.4930695238738],[0.0185546990885092,51.4937028062481],[0.018749238339797,51.4947151085835],[0.01829607622436,51.4948720636517],[0.0156457705469308,51.4938771942172],[0.0155299289144432,51.4938217471339],[0.0158674180623891,51.4930511706791],[0.0155780530739325,51.4926387083999],[0.015301419651615,51.4923467703802],[0.0163083893160999,51.4919809741503],[0.0166981114004265,51.4907878767591],[0.0132339291294936,51.4910263214573],[0.0105422701818659,51.4927159297182],[0.00993448447718324,51.4936278722063],[0.0109557035122483,51.4940337540295],[0.0122399538340023,51.4949462438539],[0.012744067468656,51.4952703247492],[0.0119202620223458,51.4958191879625],[0.0116091379459315,51.4960300160036],[0.0109673002304987,51.4964757564683],[0.0107523782827524,51.4966311748349],[0.0112302609577436,51.4968821762057],[0.0113336135481117,51.4973771516687],[0.00931734657641184,51.4977199044918],[0.00718439980672431,51.4995562448731],[0.00575983612337819,51.4989319633445],[0.00530609960314587,51.4994849916846],[0.00667585824477813,51.500106364758],[0.00652337884974757,51.5003343176392],[0.00746628017969308,51.5009452906912],[0.00699562919784926,51.5013885858696],[0.00734210918302037,51.5014952583315],[0.00814058472813281,51.5018599620865],[0.0082921551109671,51.5017315398314],[0.0106987589392074,51.4996923794487]]]},"properties":{"FID":6735,"MSOA21CD":"E02006993","MSOA21NM":"Greenwich 041","MSOA21NMW":" ","BNG_E":540603,"BNG_N":179073,"LAT":51.49313,"LONG":0.023972,"Shape__Area":855975.26464080811,"Shape__Length":8588.2839210626935,"GlobalID":"c593cfb5-247e-4e3d-8d73-9ab12c9c364d"}},{"type":"Feature","id":6736,"geometry":{"type":"Polygon","coordinates":[[[0.0575688229220394,51.4944418513258],[0.0577815840585418,51.49403847504],[0.0580177319407685,51.4944225510064],[0.0581072554478427,51.4944233490676],[0.0588908438444678,51.4944303325307],[0.059155178518339,51.494129375636],[0.0593113493226954,51.4944584687355],[0.0611453385722326,51.4945466145797],[0.0633332098059698,51.4946517309874],[0.0637127383840831,51.4939149918196],[0.0641530990322074,51.4941156760052],[0.0645242826007248,51.4938865143296],[0.0658324288888762,51.4937676063619],[0.0662195298357356,51.4938168847194],[0.0674834659742233,51.4938647811723],[0.0678399060526189,51.4935927734336],[0.0682976863013156,51.4928875660485],[0.0690777388900611,51.4929488849838],[0.069202090066942,51.4924740078177],[0.0682943190676579,51.4917142467828],[0.0684411086175537,51.4908397745247],[0.0683082019215091,51.4908200326025],[0.0678764485099048,51.4904736895415],[0.0684520798554661,51.489985989421],[0.0675019460842909,51.4894495755201],[0.066911582318719,51.490137697842],[0.0642617540062945,51.4890776859616],[0.0638648741946888,51.4889148487748],[0.0627615279792526,51.4884622538312],[0.0618703357441448,51.4881093358056],[0.0615415970193125,51.4884704082184],[0.0608003255225088,51.4892344873012],[0.06064805370008,51.4887820458734],[0.0597743018479019,51.4890658017722],[0.0600137895247284,51.489365200449],[0.0593685486412923,51.4893875356243],[0.0591534613079034,51.489949984359],[0.0577093777617821,51.4901911691026],[0.0577497975661694,51.4902438949675],[0.0570207888959882,51.490466482777],[0.0577569651566459,51.4908968190073],[0.0569173064300592,51.4914837409516],[0.0566955374121495,51.4918903213715],[0.0544671432416413,51.4916651321305],[0.0542818829779721,51.491085949974],[0.0531505555092088,51.4913232605453],[0.0533603379478093,51.491807941002],[0.0531628132204978,51.4928788037996],[0.0512636060447415,51.4922915363231],[0.0499346345310917,51.4922410233425],[0.0471446142699842,51.4924001572613],[0.0461018640189181,51.4926410075344],[0.046171566729523,51.4914992427202],[0.0452651305501645,51.491085080521],[0.046289740626273,51.4910835379136],[0.0461008352901471,51.4902071597015],[0.0452382519104275,51.4899694620286],[0.0466485099476883,51.4891383089422],[0.0454009567912687,51.4883205245961],[0.0445952099647309,51.4878495977265],[0.0424259429927974,51.4892974762989],[0.0412932709325511,51.4881385194904],[0.0397051860278491,51.4893962270232],[0.0378288343329145,51.4887277311469],[0.0350968775505075,51.48773788646],[0.0340254794486775,51.4885451780485],[0.0311157615818058,51.4880309468348],[0.029865141872918,51.4901834358561],[0.0300546984795464,51.4912474897559],[0.0292184544683122,51.4937012541741],[0.029206239395026,51.4938704377074],[0.0402981852915764,51.4954280537802],[0.043746119955404,51.4952313696277],[0.0483247877738765,51.4949700234092],[0.0494864032672074,51.4949036928902],[0.0518693599936002,51.4947675861832],[0.0554863229468534,51.4945609025056],[0.0575688229220394,51.4944418513258]]]},"properties":{"FID":6736,"MSOA21CD":"E02006994","MSOA21NM":"Greenwich 042","MSOA21NMW":" ","BNG_E":541576,"BNG_N":178928,"LAT":51.49158,"LONG":0.037921,"Shape__Area":1448996.9778442383,"Shape__Length":8495.2685289606943,"GlobalID":"84c501c5-049e-400e-bab8-7f3da5c2b5a8"}},{"type":"Feature","id":6750,"geometry":{"type":"Polygon","coordinates":[[[-0.0171150966727097,51.4692979061189],[-0.0169237588378492,51.4690557242196],[-0.0165331317188498,51.4692276270803],[-0.0160789086250719,51.4687185137198],[-0.0150647906804202,51.4680359022365],[-0.0146105014250256,51.4682418474339],[-0.0140163901162026,51.4685024290134],[-0.013104583069785,51.4689358176637],[-0.0122878428998446,51.4681192221853],[-0.012107501585367,51.4679480920214],[-0.0109487987929431,51.4659871692725],[-0.0110877211072616,51.4653903344393],[-0.0112230697041404,51.4650135693542],[-0.0111271533374215,51.4643467776035],[-0.0105464350988663,51.4633010138825],[-0.0101859301844169,51.462731218105],[-0.0102106662179562,51.4623230295422],[-0.011333670971189,51.4623051878476],[-0.0131966996143825,51.4612090040225],[-0.0127287452864797,51.4631635431989],[-0.0131070663023953,51.4629416593786],[-0.0132731453026614,51.4626067136592],[-0.0154713646347602,51.4603334185318],[-0.0161253139435632,51.4602506033637],[-0.0165408056317665,51.4622395141808],[-0.0169333304146466,51.4634294417444],[-0.0169560772667698,51.4635001334585],[-0.0170613571254411,51.4638273283502],[-0.0174678791864529,51.4650773418424],[-0.0178078867152323,51.4659819038568],[-0.0191504046006723,51.4675650666603],[-0.0198324807156523,51.4680527218716],[-0.0199649336735992,51.4683106341401],[-0.0171150966727097,51.4692979061189]]]},"properties":{"FID":6750,"MSOA21CD":"E02007008","MSOA21NM":"Lewisham 040","MSOA21NMW":" ","BNG_E":537976,"BNG_N":175792,"LAT":51.46429,"LONG":-0.01512,"Shape__Area":364224.54461669922,"Shape__Length":3253.5271991199711,"GlobalID":"51f0bb29-c13f-4665-be7f-9507328bcb95"}},{"type":"Feature","id":6751,"geometry":{"type":"Polygon","coordinates":[[[-0.0127287452864797,51.4631635431989],[-0.0131966996143825,51.4612090040225],[-0.011333670971189,51.4623051878476],[-0.0102106662179562,51.4623230295422],[-0.0101859301844169,51.462731218105],[-0.00846279513710459,51.4622348320889],[-0.00754036831962585,51.4625755482083],[-0.00649488369341648,51.4624238933855],[-0.00498248292625748,51.462074501152],[-0.00493368701968231,51.4620561800385],[-0.00337052958998468,51.46194650365],[-0.00290684160318783,51.4618420168953],[-0.0018364743063321,51.4615918697428],[0.0002943999065575,51.4621467511728],[0.00108624005803925,51.4606195489361],[-0.00088934048831309,51.4603450619403],[-0.00198441387660888,51.4601489367913],[-0.00211990872451524,51.4601123220945],[-0.00375683895338505,51.459601298172],[-0.00312814346035374,51.4591029501036],[-0.00345234576095472,51.4589447635612],[-0.00475747816388347,51.4583143266389],[-0.00514577650055334,51.4582788269862],[-0.00535320449041858,51.4586383524261],[-0.0059285460103244,51.4585246925174],[-0.00683321603199789,51.4580325946615],[-0.00685072157107972,51.4580279370864],[-0.00838183930955682,51.4577993271513],[-0.00843539425652037,51.4566684827244],[-0.00886351502751631,51.4566992676052],[-0.00669312839831933,51.4555786843559],[-0.00558539342832868,51.4550092219703],[-0.00278367385193995,51.4533099051115],[-0.0024758720646853,51.4530782867537],[-0.00284400682878966,51.4529609579506],[-0.00268426268357672,51.4526902691259],[-0.00347356461960525,51.4526142911561],[-0.00455293402622823,51.4526706446036],[-0.0051352504680844,51.4521593378974],[-0.00620593047753048,51.4518986428126],[-0.0063318783876493,51.4513253672309],[-0.00746208546647009,51.4527252441519],[-0.00844567918073455,51.4540131599764],[-0.00886958681816776,51.4538940523386],[-0.00986231580088764,51.4536823516618],[-0.0101213069316626,51.4539174258125],[-0.011085941690366,51.453909776001],[-0.011347281073803,51.4534868399454],[-0.0105258486649938,51.4526362691852],[-0.010276777329508,51.4520616637106],[-0.0109461284143161,51.4517022320314],[-0.013067402323633,51.451698328552],[-0.0141011713263047,51.4519247037554],[-0.0145273985957585,51.4518841313335],[-0.0141368728723033,51.451875775557],[-0.0141517509683924,51.4518363266887],[-0.0142940776124475,51.4514589382463],[-0.0159459385888218,51.4515743827359],[-0.0162734627011097,51.452010482439],[-0.0167454730329427,51.4520303690252],[-0.0167002305582383,51.4522014998309],[-0.0180217032106926,51.4522813056328],[-0.0201630672846068,51.4526602664815],[-0.0220148683382623,51.4520317623121],[-0.0197687605063509,51.4552114556821],[-0.0196038618241909,51.4554553172879],[-0.018820976725418,51.4565837052753],[-0.0168955359233366,51.4589461736592],[-0.0164706551487933,51.4594187855763],[-0.0161253139435632,51.4602506033637],[-0.0154713646347602,51.4603334185318],[-0.0132731453026614,51.4626067136592],[-0.0131070663023953,51.4629416593786],[-0.0127287452864797,51.4631635431989]]]},"properties":{"FID":6751,"MSOA21CD":"E02007009","MSOA21NM":"Lewisham 041","MSOA21NMW":" ","BNG_E":538324,"BNG_N":175139,"LAT":51.45834,"LONG":-0.01037,"Shape__Area":1051908.9949874878,"Shape__Length":6707.8875416774372,"GlobalID":"a246de86-5a85-4fb6-8f05-030bda1ce2dc"}}]}